student_id,enrollment_date,grade,track,city_tier,parent_involvement,plan_type,tenure_months,program_adherence_rate,weekly_study_hours_planned,weekly_study_hours_actual,message_response_time_hours,late_response_count_30d,trial_exam_count_total,trial_exam_avg_net,trial_exam_score_trend,missed_trial_exam_count,payment_delay_days_avg,support_ticket_count_90d,satisfaction_survey_score,monthly_fee_try,churn,mentor_contact_freq_per_month,days_to_next_exam,days_since_last_contact
2026-OGR-0001,2025-05-31,11. Sınıf,Sayısal,Tier 2,Orta,3 Aylık,2.7,0.92,12.3,10.6,0.5,3,13,54.61,1.68,1,1.48,2,2.7,14726.6,0,1.3,530,7
2026-OGR-0002,2025-03-04,12. Sınıf,Sözel,Tier 1 (Büyükşehir),Düşük,Aylık,2.7,0.75,11.9,10.2,25.76,1,9,77.98,-1.75,2,3.99,1,3.8,4631.28,0,1.7,388,8
2026-OGR-0003,2025-06-30,12. Sınıf,Sayısal,Tier 1 (Büyükşehir),Yüksek,3 Aylık,11.2,0.93,19.4,20.2,1.76,3,6,70.15,-2.29,4,1.8,0,3.1,5054.85,0,2.8,65,6
2026-OGR-0004,2025-09-22,Mezun,Eşit Ağırlık,Tier 1 (Büyükşehir),Orta,Aylık,3.3,0.76,20.9,15.8,39.67,4,15,50.25,-1.85,4,4.12,0,3.6,4841.22,1,2.4,571,14
2026-OGR-0005,2025-07-30,12. Sınıf,Sayısal,Tier 2,Yüksek,Yıllık,2.7,0.72,6.6,3.5,15.5,6,8,42.7,1.07,3,0.35,0,4.2,1820.79,0,2.9,417,8
2026-OGR-0006,2025-12-27,11. Sınıf,Eşit Ağırlık,Tier 1 (Büyükşehir),Yüksek,Yıllık,2.9,0.58,11.2,8.0,23.06,4,15,48.51,-0.52,0,10.2,2,3.0,17673.0,1,4.1,205,11
2026-OGR-0007,2025-11-03,12. Sınıf,Eşit Ağırlık,Tier 2,Yüksek,Aylık,3.3,0.54,16.3,9.6,14.07,1,7,43.59,-3.45,1,2.84,1,2.9,1483.98,1,2.6,347,9
2026-OGR-0008,2025-12-30,Mezun,Eşit Ağırlık,Tier 1 (Büyükşehir),Orta,3 Aylık,1.9,0.56,12.4,7.9,48.69,1,11,65.89,0.59,0,6.1,0,4.2,4373.64,0,3.2,125,6
2026-OGR-0009,2026-03-04,Mezun,Sayısal,Tier 2,Yüksek,Aylık,6.0,0.92,5.3,5.3,9.78,2,11,50.12,-1.3,1,1.6,1,5.0,4691.16,0,4.3,675,3
2026-OGR-0010,2025-07-18,11. Sınıf,Sözel,Tier 2,Düşük,Yıllık,6.5,0.48,17.0,6.6,19.74,1,18,50.95,6.65,2,3.19,0,3.3,5319.52,0,4.2,461,6
2026-OGR-0011,2026-04-18,Mezun,Dil,Tier 3,Yüksek,Yıllık,13.5,0.59,14.8,12.0,3.33,4,9,49.21,0.36,0,2.1,3,3.7,4743.09,0,5.9,250,12
2026-OGR-0012,2025-04-11,Mezun,Sayısal,Tier 1 (Büyükşehir),Yüksek,Yıllık,4.1,0.55,21.9,11.5,8.76,1,13,27.01,-3.29,3,1.39,3,,3978.64,0,1.4,285,9
2026-OGR-0013,2026-02-28,12. Sınıf,Sayısal,Tier 2,Orta,3 Aylık,3.9,0.34,12.8,3.6,53.17,0,13,68.34,4.83,3,1.01,0,3.5,18010.72,1,5.6,553,16
2026-OGR-0014,2025-09-05,12. Sınıf,Eşit Ağırlık,Tier 2,Düşük,3 Aylık,5.2,0.7,10.9,8.8,8.87,5,13,51.29,1.0,0,4.76,1,3.9,1713.33,0,2.4,202,12
2026-OGR-0015,2025-03-21,11. Sınıf,Sayısal,Tier 1 (Büyükşehir),Orta,3 Aylık,2.8,0.75,11.7,,21.75,1,12,55.52,-0.49,1,5.03,2,3.1,4301.2,0,0.4,672,11
2026-OGR-0016,2026-01-20,12. Sınıf,Eşit Ağırlık,Tier 3,Orta,Yıllık,5.5,0.48,11.6,6.6,3.34,2,10,37.26,-2.61,0,0.4,0,4.1,4683.69,0,1.9,32,14
2026-OGR-0017,2025-02-22,11. Sınıf,Dil,Tier 1 (Büyükşehir),Orta,Yıllık,7.4,0.5,13.0,7.6,1.14,0,6,76.27,-0.87,3,1.69,2,3.3,16687.39,0,1.7,159,6
2026-OGR-0018,2025-02-10,11. Sınıf,Eşit Ağırlık,Tier 2,Düşük,3 Aylık,7.2,0.75,20.6,17.0,40.8,2,10,57.22,-0.65,1,2.81,0,4.8,1943.15,0,2.3,24,6
2026-OGR-0019,2025-06-08,12. Sınıf,Sözel,Tier 1 (Büyükşehir),Yüksek,Aylık,5.6,0.53,16.6,10.4,9.1,1,9,64.25,0.37,1,1.0,0,3.5,4805.28,0,1.0,458,7
2026-OGR-0020,2026-04-14,11. Sınıf,Sayısal,Tier 1 (Büyükşehir),Orta,3 Aylık,4.1,0.61,13.5,8.4,11.5,1,7,62.29,-3.68,1,2.55,2,3.1,1917.2,0,2.9,533,9
2026-OGR-0021,2026-01-11,11. Sınıf,Eşit Ağırlık,Tier 1 (Büyükşehir),Yüksek,3 Aylık,9.5,0.85,15.7,13.3,19.58,1,8,65.27,2.78,1,4.33,0,3.8,5689.49,0,2.9,679,12
2026-OGR-0022,2025-03-21,Mezun,Sayısal,Tier 1 (Büyükşehir),Orta,Aylık,6.7,0.6,14.7,8.0,23.66,0,10,30.75,-0.62,1,5.1,1,3.3,5599.11,1,2.4,295,4
2026-OGR-0023,2026-05-27,12. Sınıf,Sözel,Tier 1 (Büyükşehir),Düşük,Aylık,3.3,0.72,11.5,8.7,7.66,1,11,62.98,0.95,3,14.37,1,,20297.05,0,2.3,226,10
2026-OGR-0024,2025-03-10,12. Sınıf,Eşit Ağırlık,Tier 2,Orta,3 Aylık,4.4,0.89,7.6,8.4,7.03,0,10,66.46,6.56,2,1.16,3,4.4,5076.14,0,1.6,101,4
2026-OGR-0025,2025-07-15,12. Sınıf,Eşit Ağırlık,Tier 1 (Büyükşehir),Düşük,Aylık,12.4,0.54,16.4,8.4,40.16,2,13,58.66,3.12,2,0.89,2,4.2,15478.89,1,5.4,526,6
2026-OGR-0026,2025-07-31,12. Sınıf,Eşit Ağırlık,Tier 1 (Büyükşehir),Orta,Aylık,11.8,0.48,14.4,6.9,35.18,3,15,53.54,-4.05,0,1.16,0,4.3,16576.79,0,2.7,394,15
2026-OGR-0027,2026-01-05,11. Sınıf,Sayısal,Tier 2,Yüksek,Aylık,1.1,0.63,15.9,11.3,7.35,1,12,42.32,-4.37,1,1.29,2,4.0,1471.12,0,3.9,423,13
2026-OGR-0028,2025-04-04,12. Sınıf,Sayısal,Tier 1 (Büyükşehir),Yüksek,Aylık,13.8,0.62,15.5,11.2,14.07,1,8,54.5,1.35,1,18.79,3,4.2,1827.93,0,1.2,136,10
2026-OGR-0029,2025-08-28,12. Sınıf,Dil,Tier 1 (Büyükşehir),Orta,3 Aylık,3.1,0.75,13.4,8.7,10.96,0,11,35.38,-3.57,0,5.68,0,3.7,5047.31,0,1.9,501,3
2026-OGR-0030,2025-11-20,11. Sınıf,Eşit Ağırlık,Tier 2,Düşük,Yıllık,3.9,0.92,18.0,17.2,31.85,4,7,66.41,0.71,3,5.52,0,3.3,4469.62,0,4.1,342,8
2026-OGR-0031,2026-05-30,11. Sınıf,Eşit Ağırlık,Tier 1 (Büyükşehir),Orta,3 Aylık,1.4,0.85,14.7,14.7,16.1,2,17,54.59,-1.62,2,1.38,0,4.2,4346.94,0,2.8,543,4
2026-OGR-0032,2025-11-14,Mezun,Sözel,Tier 3,Yüksek,Aylık,1.9,0.79,18.9,16.4,12.29,2,14,71.62,-5.23,3,1.87,2,4.4,1921.97,0,2.5,8,6
2026-OGR-0033,2026-02-25,Mezun,Eşit Ağırlık,Tier 2,Yüksek,3 Aylık,3.8,0.78,14.9,10.5,15.96,0,5,38.6,1.88,0,0.94,2,3.5,15986.71,1,3.5,507,7
2026-OGR-0034,2025-10-29,12. Sınıf,Sayısal,Tier 2,Orta,Aylık,1.7,0.77,17.0,14.0,18.76,1,6,41.84,4.38,1,7.29,0,3.6,1909.01,0,2.9,284,10
2026-OGR-0035,2025-08-14,12. Sınıf,Sayısal,Tier 1 (Büyükşehir),Orta,Aylık,4.0,0.45,13.0,4.4,12.96,2,8,48.07,1.58,3,3.23,0,,1436.64,1,4.9,191,9
2026-OGR-0036,2025-01-15,11. Sınıf,Sözel,Tier 2,Orta,Aylık,7.9,0.93,11.2,10.6,5.36,1,12,52.12,-1.53,0,1.92,2,4.2,1831.05,0,1.3,277,11
2026-OGR-0037,2026-06-09,12. Sınıf,Sözel,Tier 3,Orta,Aylık,13.0,0.83,22.2,18.6,8.69,0,15,46.55,2.45,2,10.33,1,4.3,5278.14,0,2.0,565,8
2026-OGR-0038,2025-08-24,11. Sınıf,Sayısal,Tier 3,Orta,Yıllık,3.0,0.79,24.1,17.7,25.08,4,7,67.02,-1.33,2,0.33,0,4.1,1748.29,1,2.9,149,6
2026-OGR-0039,2026-03-03,12. Sınıf,Sayısal,Tier 3,Orta,Aylık,1.1,0.73,14.9,11.7,8.88,5,11,65.38,5.26,3,2.15,1,,1624.38,1,2.4,283,13
2026-OGR-0040,2025-09-27,12. Sınıf,Sayısal,Tier 1 (Büyükşehir),Orta,Aylık,4.0,0.79,14.2,7.0,43.02,2,7,50.17,1.58,0,0.39,1,5.0,14901.3,0,1.8,82,7
2026-OGR-0041,2026-04-19,12. Sınıf,Sözel,Tier 2,Yüksek,Aylık,2.4,0.48,11.1,5.1,9.14,3,10,84.79,-3.92,1,0.97,2,3.5,5951.46,0,4.5,405,16
2026-OGR-0042,2025-09-04,12. Sınıf,Sözel,Tier 3,Orta,Yıllık,2.7,0.58,14.3,9.0,21.43,0,12,54.35,2.38,1,0.27,0,3.6,1773.99,0,1.8,383,5
2026-OGR-0043,2025-01-30,11. Sınıf,Eşit Ağırlık,Tier 2,Yüksek,3 Aylık,15.0,0.7,10.6,7.4,9.81,4,8,54.93,-0.62,1,0.59,0,4.7,1693.37,0,2.1,381,8
2026-OGR-0044,2026-02-17,Mezun,Sayısal,Tier 2,Yüksek,3 Aylık,4.2,0.83,10.4,8.9,8.44,1,11,50.92,1.4,1,6.09,0,3.9,15867.76,0,2.4,675,8
2026-OGR-0045,2026-06-09,11. Sınıf,Sözel,Tier 1 (Büyükşehir),Yüksek,Aylık,3.2,0.76,12.2,11.2,27.33,2,7,54.54,-3.65,1,1.41,2,,17109.24,0,2.2,408,5
2026-OGR-0046,2025-04-16,Mezun,Sayısal,Tier 1 (Büyükşehir),Yüksek,Aylık,4.7,0.81,11.2,11.2,31.94,4,10,59.45,0.6,1,3.4,1,4.7,18427.57,0,5.1,105,4
2026-OGR-0047,2025-09-07,12. Sınıf,Eşit Ağırlık,Tier 1 (Büyükşehir),Yüksek,Aylık,3.6,0.84,9.3,,3.46,1,13,38.73,-6.15,1,2.01,2,3.6,1718.65,0,1.2,305,5
2026-OGR-0048,2025-12-08,12. Sınıf,Sayısal,Tier 1 (Büyükşehir),Orta,Aylık,1.0,0.61,12.0,6.1,15.0,2,8,38.48,1.52,2,0.9,3,4.7,4481.1,0,1.8,623,6
2026-OGR-0049,2025-09-19,12. Sınıf,Sözel,Tier 3,Orta,Yıllık,8.2,0.82,17.6,14.9,14.24,4,13,45.93,8.21,2,0.94,1,3.5,1722.23,0,2.4,463,8
2026-OGR-0050,2026-01-24,12. Sınıf,Eşit Ağırlık,Tier 1 (Büyükşehir),Düşük,Aylık,0.5,0.65,11.1,6.9,4.05,1,12,66.71,-5.11,4,1.36,1,5.0,13798.9,0,1.7,6,9
2026-OGR-0051,2025-02-09,11. Sınıf,Eşit Ağırlık,Tier 3,Yüksek,3 Aylık,8.5,0.98,12.7,9.0,9.48,2,10,40.05,0.3,1,12.18,0,2.6,1950.53,0,4.0,470,11
2026-OGR-0052,2025-03-31,12. Sınıf,Sözel,Tier 1 (Büyükşehir),Yüksek,Aylık,4.6,0.92,13.2,13.8,28.94,3,10,41.72,1.64,3,11.47,1,3.4,4833.85,0,1.6,522,11
2026-OGR-0053,2026-03-24,11. Sınıf,Sayısal,Tier 2,Orta,Aylık,5.6,0.88,15.8,9.4,19.69,5,6,68.24,-4.76,4,17.51,1,4.3,16916.28,1,6.1,238,4
2026-OGR-0054,2025-05-03,Mezun,Sayısal,Tier 2,Yüksek,Yıllık,3.5,0.77,11.7,14.6,5.6,4,19,58.71,-2.33,2,0.95,3,4.2,1839.0,0,3.6,319,8
2026-OGR-0055,2025-02-06,12. Sınıf,Eşit Ağırlık,Tier 2,Yüksek,3 Aylık,8.0,0.53,19.0,10.2,12.02,1,10,48.09,-1.23,0,0.17,3,,1735.87,0,4.9,517,5
2026-OGR-0056,2025-11-09,12. Sınıf,Eşit Ağırlık,Tier 2,Düşük,3 Aylık,9.8,0.93,13.4,16.8,12.83,1,7,50.3,0.97,1,0.59,1,4.1,15478.79,0,3.1,52,8
2026-OGR-0057,2026-01-26,11. Sınıf,Sayısal,Tier 1 (Büyükşehir),Düşük,Aylık,3.3,0.43,13.2,6.3,21.39,0,11,66.39,-4.62,1,7.61,0,3.4,1665.82,0,3.0,487,7
2026-OGR-0058,2026-03-18,Mezun,Sayısal,Tier 1 (Büyükşehir),Yüksek,Aylık,3.3,0.42,20.0,9.0,10.49,3,10,73.58,-0.56,2,1.63,1,2.8,5130.62,1,1.0,420,6
2026-OGR-0059,2025-08-05,12. Sınıf,Sayısal,Tier 3,Düşük,3 Aylık,11.1,0.65,12.6,7.5,21.21,2,10,49.76,5.23,1,2.42,0,4.0,17196.97,1,1.9,337,9
2026-OGR-0060,2025-02-09,12. Sınıf,Sayısal,Tier 1 (Büyükşehir),Yüksek,3 Aylık,3.5,0.15,18.0,2.3,21.52,2,10,54.48,-0.48,1,0.62,2,4.0,1864.06,1,3.5,320,14
2026-OGR-0061,2025-08-08,12. Sınıf,Sözel,Tier 1 (Büyükşehir),Yüksek,Aylık,1.8,0.64,10.0,7.4,12.11,1,11,38.84,1.68,2,3.71,0,4.6,4976.55,0,4.7,274,11
2026-OGR-0062,2026-01-14,12. Sınıf,Sayısal,Tier 1 (Büyükşehir),,Aylık,4.0,0.76,15.8,,1.3,2,11,39.76,-0.64,2,0.42,2,3.2,1886.58,0,2.3,513,11
2026-OGR-0063,2025-04-07,Mezun,Sayısal,Tier 3,Orta,3 Aylık,5.2,0.93,21.1,17.9,14.82,4,12,65.98,3.31,0,0.88,4,3.3,1547.93,0,1.9,595,13
2026-OGR-0064,2025-12-15,12. Sınıf,Eşit Ağırlık,Tier 2,Orta,Aylık,2.8,0.78,17.7,13.8,11.61,0,9,,-0.51,0,2.44,1,4.6,1688.9,0,3.3,351,8
2026-OGR-0065,2025-05-18,12. Sınıf,Eşit Ağırlık,Tier 1 (Büyükşehir),Düşük,Aylık,1.8,0.28,16.0,6.1,33.69,0,18,60.03,2.39,1,7.6,2,4.9,1887.99,1,4.6,324,5
2026-OGR-0066,2026-06-27,12. Sınıf,Sözel,Tier 2,Orta,Aylık,3.9,0.55,14.8,9.7,6.65,1,13,72.63,-1.79,0,2.49,3,,5838.46,0,2.6,526,6
2026-OGR-0067,2025-12-21,11. Sınıf,Eşit Ağırlık,Tier 1 (Büyükşehir),Orta,3 Aylık,19.8,0.81,12.7,10.8,5.25,2,12,59.48,-1.81,3,26.21,1,3.2,1845.1,0,2.2,337,4
2026-OGR-0068,2026-03-13,12. Sınıf,Sayısal,Tier 2,Orta,Yıllık,5.6,0.59,12.8,7.9,9.25,6,10,60.44,-5.33,0,2.67,1,2.7,4332.56,0,1.9,379,14
2026-OGR-0069,2026-04-30,11. Sınıf,Sayısal,Tier 2,Düşük,3 Aylık,5.1,0.53,14.2,7.7,27.81,2,8,57.44,2.87,0,0.95,1,3.1,4522.55,1,0.6,476,10
2026-OGR-0070,2026-03-11,12. Sınıf,Sayısal,Tier 1 (Büyükşehir),Orta,3 Aylık,1.1,0.77,19.1,19.1,13.67,2,6,40.48,-1.13,0,7.34,0,,1771.75,1,0.9,305,6
2026-OGR-0071,2025-03-08,12. Sınıf,Eşit Ağırlık,Tier 1 (Büyükşehir),Orta,Aylık,1.2,0.54,8.6,4.3,16.8,1,9,55.14,2.87,0,2.0,2,3.9,18623.95,0,3.3,411,11
2026-OGR-0072,2026-05-22,12. Sınıf,Sözel,Tier 1 (Büyükşehir),Düşük,3 Aylık,5.5,0.19,15.9,2.5,13.71,4,10,68.67,-1.13,2,2.54,1,3.6,2052.51,1,2.0,683,6
2026-OGR-0073,2026-06-21,12. Sınıf,Eşit Ağırlık,Tier 1 (Büyükşehir),Orta,Aylık,10.7,0.66,12.5,8.4,24.23,1,9,77.03,-5.61,0,6.83,0,2.5,1554.9,1,1.9,326,7
2026-OGR-0074,2026-01-28,12. Sınıf,Sözel,Tier 2,Orta,Aylık,11.1,0.76,8.6,4.7,3.48,2,10,29.95,-4.71,2,4.79,3,3.5,1892.07,1,2.6,615,11
2026-OGR-0075,2025-02-09,Mezun,Eşit Ağırlık,Tier 3,Orta,Aylık,6.0,0.82,19.6,20.4,8.78,3,16,50.67,2.92,1,0.76,1,2.8,1580.64,0,2.7,233,12
2026-OGR-0076,2025-11-05,12. Sınıf,Eşit Ağırlık,Tier 2,Orta,Aylık,5.7,0.52,12.9,5.9,9.53,0,13,68.09,-2.16,1,4.32,1,2.5,19490.78,0,4.7,478,11
2026-OGR-0077,2025-08-20,Mezun,Sayısal,Tier 1 (Büyükşehir),Yüksek,Aylık,2.1,0.76,19.4,16.6,0.35,1,14,68.43,-2.29,3,5.27,2,,5225.97,0,2.6,483,11
2026-OGR-0078,2025-04-07,12. Sınıf,Sözel,Tier 2,,Aylık,1.2,0.77,11.7,7.0,23.48,3,7,39.47,-1.77,2,1.03,0,1.4,1546.8,0,3.5,332,13
2026-OGR-0079,2025-10-09,12. Sınıf,Eşit Ağırlık,Tier 1 (Büyükşehir),Yüksek,3 Aylık,12.9,0.72,12.6,8.2,9.11,2,5,46.07,-2.65,2,5.09,2,3.1,18789.42,0,1.2,44,9
2026-OGR-0080,2025-10-14,11. Sınıf,Eşit Ağırlık,Tier 1 (Büyükşehir),Düşük,Aylık,2.8,0.67,15.1,9.9,6.16,2,17,55.21,3.23,2,13.47,0,3.7,1571.04,1,1.8,195,13
2026-OGR-0081,2025-09-24,Mezun,Eşit Ağırlık,Tier 2,Orta,Aylık,3.7,0.8,13.6,9.8,28.86,3,13,52.13,0.08,2,1.0,2,5.0,1965.01,0,2.8,488,5
2026-OGR-0082,2025-05-22,11. Sınıf,Sayısal,Tier 1 (Büyükşehir),Yüksek,Yıllık,10.9,0.73,14.5,11.4,2.09,3,10,38.85,-2.91,3,0.89,1,3.8,1871.89,0,4.8,265,7
2026-OGR-0083,2026-04-06,11. Sınıf,Sayısal,Tier 1 (Büyükşehir),,3 Aylık,8.8,0.37,15.9,4.8,6.08,2,8,75.03,-4.48,1,9.2,0,3.4,1894.89,0,0.8,457,15
2026-OGR-0084,2025-07-27,Mezun,Sayısal,Tier 3,Orta,Yıllık,10.6,0.35,15.0,5.6,28.47,2,17,37.92,-6.89,1,3.92,2,1.7,1865.69,1,3.6,493,6
2026-OGR-0085,2025-10-22,12. Sınıf,Eşit Ağırlık,Tier 3,Düşük,Yıllık,2.4,0.31,4.3,1.6,5.32,3,7,62.95,0.35,3,4.21,0,5.0,1805.05,0,3.3,525,9
2026-OGR-0086,2025-04-08,12. Sınıf,Sayısal,Tier 2,Düşük,Aylık,2.3,0.97,10.6,,12.41,0,11,50.58,3.57,2,4.03,1,3.1,2054.39,0,2.1,32,3
2026-OGR-0087,2026-02-11,Mezun,Sayısal,Tier 1 (Büyükşehir),Orta,3 Aylık,6.9,0.51,12.3,,27.28,1,10,54.0,4.1,0,7.31,0,3.6,1759.47,1,0.3,107,14
2026-OGR-0088,2025-04-18,11. Sınıf,Sayısal,Tier 2,Orta,Aylık,7.7,0.95,19.5,11.7,16.55,1,8,71.69,-0.17,1,6.13,1,3.8,4870.45,0,3.9,582,12
2026-OGR-0089,2025-06-27,Mezun,Sözel,Tier 1 (Büyükşehir),Düşük,Aylık,8.7,0.47,5.4,3.1,23.14,3,15,52.84,-3.49,1,1.22,2,3.4,13250.17,0,2.6,490,8
2026-OGR-0090,2026-04-01,Mezun,Sayısal,Tier 1 (Büyükşehir),Orta,Aylık,11.9,0.8,11.2,9.4,3.44,2,11,42.78,-3.11,0,4.73,0,3.3,5612.36,0,3.0,488,11
2026-OGR-0091,2025-06-23,Mezun,Eşit Ağırlık,Tier 3,,3 Aylık,1.3,0.64,6.1,3.5,19.53,2,10,52.78,4.14,1,2.6,0,3.3,16651.73,0,5.5,394,11
2026-OGR-0092,2026-03-06,11. Sınıf,Sayısal,Tier 2,Yüksek,3 Aylık,0.7,0.79,11.6,9.2,16.32,2,13,34.79,-1.12,2,2.53,0,3.5,1940.16,1,4.9,23,12
2026-OGR-0093,2026-02-02,12. Sınıf,Sayısal,Tier 3,Yüksek,Aylık,2.5,0.86,12.1,9.0,33.29,4,5,39.02,-1.74,0,2.68,0,4.6,4998.74,0,3.3,690,11
2026-OGR-0094,2025-10-27,11. Sınıf,Eşit Ağırlık,Tier 1 (Büyükşehir),Düşük,3 Aylık,9.7,0.48,12.3,7.6,10.19,0,8,68.72,5.74,1,2.86,3,3.2,15023.61,0,2.4,340,13
2026-OGR-0095,2025-05-04,Mezun,Sözel,Tier 1 (Büyükşehir),Orta,3 Aylık,2.4,0.82,9.8,3.3,4.74,0,7,58.58,0.19,1,2.16,1,2.6,4814.03,0,1.0,556,9
2026-OGR-0096,2025-10-05,12. Sınıf,Sayısal,Tier 1 (Büyükşehir),Orta,3 Aylık,6.8,0.87,20.8,18.6,26.13,4,7,53.25,1.37,2,5.33,1,4.0,4612.19,0,1.6,153,14
2026-OGR-0097,2025-12-25,Mezun,Sayısal,Tier 2,Yüksek,Aylık,17.3,0.81,14.8,9.5,14.59,2,9,51.24,3.75,1,4.44,3,,16126.65,0,1.8,438,7
2026-OGR-0098,2025-11-30,11. Sınıf,Sayısal,Tier 2,Orta,Aylık,1.9,0.91,14.1,13.1,4.2,2,15,58.4,0.56,1,1.97,1,3.8,1813.83,0,1.8,568,13
2026-OGR-0099,2025-05-11,12. Sınıf,Sayısal,Tier 2,Orta,Aylık,6.9,0.88,13.7,10.8,12.13,4,14,47.72,-2.46,1,0.55,1,3.5,1820.54,0,4.0,683,7
2026-OGR-0100,2025-05-27,Mezun,Eşit Ağırlık,Tier 1 (Büyükşehir),Yüksek,Aylık,2.9,0.81,8.5,8.6,2.39,2,15,36.38,2.39,1,3.99,2,,2084.76,0,2.3,664,9
2026-OGR-0101,2025-03-19,11. Sınıf,Sayısal,Tier 2,Orta,Aylık,4.8,0.75,9.5,6.8,19.73,5,15,37.65,0.99,3,12.35,2,,4749.67,1,4.9,38,10
2026-OGR-0102,2025-10-23,12. Sınıf,Eşit Ağırlık,Tier 1 (Büyükşehir),Orta,3 Aylık,5.8,0.67,19.0,11.8,10.17,2,10,70.82,-3.55,1,16.21,1,,1869.52,1,1.7,680,9
2026-OGR-0103,2025-05-21,11. Sınıf,Sayısal,Tier 1 (Büyükşehir),Yüksek,Aylık,0.8,0.56,12.5,9.6,8.24,1,21,25.34,-2.69,0,1.06,0,3.2,5334.15,1,6.7,688,6
2026-OGR-0104,2026-05-21,11. Sınıf,Sayısal,Tier 2,Orta,Aylık,7.8,0.46,18.3,8.8,10.76,1,6,69.03,-3.43,2,2.05,0,4.0,1720.56,1,0.9,476,3
2026-OGR-0105,2026-02-28,11. Sınıf,Sözel,Tier 3,Düşük,Aylık,2.8,0.62,7.8,5.3,11.68,4,11,67.46,1.0,0,5.0,0,3.6,4272.73,0,3.3,507,9
2026-OGR-0106,2025-06-17,12. Sınıf,Eşit Ağırlık,Tier 3,Orta,Aylık,2.0,0.87,14.6,12.4,11.3,3,13,69.15,-4.81,1,1.23,1,3.9,5796.16,0,2.7,583,7
2026-OGR-0107,2025-12-29,11. Sınıf,Eşit Ağırlık,Tier 1 (Büyükşehir),Düşük,Aylık,5.8,0.89,15.4,14.3,2.59,1,11,27.41,2.67,0,6.85,1,4.3,4927.72,0,1.4,631,6
2026-OGR-0108,2026-04-25,12. Sınıf,Sayısal,Tier 3,Orta,Aylık,0.9,0.47,19.2,9.4,15.86,3,6,55.39,-3.8,1,3.65,1,3.8,1720.97,1,1.2,460,13
2026-OGR-0109,2025-11-12,11. Sınıf,Dil,Tier 1 (Büyükşehir),Orta,Aylık,2.2,0.78,16.1,12.5,11.33,3,14,,-0.72,2,1.72,1,3.1,1624.24,0,4.2,31,10
2026-OGR-0110,2025-03-19,Mezun,Sayısal,Tier 2,Düşük,Aylık,6.2,0.52,11.9,6.7,7.21,3,10,42.47,-1.19,1,5.82,0,5.0,16238.05,0,2.4,670,10
2026-OGR-0111,2026-06-20,Mezun,Sayısal,Tier 1 (Büyükşehir),Yüksek,3 Aylık,3.7,0.75,7.1,4.8,58.0,2,11,24.51,-1.68,1,6.64,2,3.1,2090.05,0,3.9,260,10
2026-OGR-0112,2025-10-14,12. Sınıf,Eşit Ağırlık,Tier 2,Orta,3 Aylık,21.6,0.39,23.5,6.3,36.94,2,10,45.18,-2.02,0,2.59,1,,4670.49,1,1.6,9,10
2026-OGR-0113,2026-02-24,11. Sınıf,Sayısal,Tier 1 (Büyükşehir),Orta,Aylık,1.5,0.9,14.1,15.5,6.69,2,14,45.54,1.25,0,2.96,0,3.0,1656.32,0,2.2,573,7
2026-OGR-0114,2025-11-20,12. Sınıf,Eşit Ağırlık,Tier 2,Orta,3 Aylık,11.4,0.47,15.5,8.2,25.59,2,14,55.53,3.62,1,7.7,2,4.4,1906.57,0,0.5,301,11
2026-OGR-0115,2026-05-09,12. Sınıf,Sayısal,Tier 1 (Büyükşehir),Orta,Aylık,1.0,0.84,13.2,10.6,12.64,5,12,70.74,0.98,1,4.8,2,3.7,4167.02,0,3.5,241,8
2026-OGR-0116,2025-03-20,11. Sınıf,Eşit Ağırlık,Tier 2,Düşük,3 Aylık,8.1,0.71,16.3,9.8,36.43,4,15,53.77,-2.27,1,3.82,0,3.4,4901.86,0,1.1,458,7
2026-OGR-0117,2025-07-07,11. Sınıf,Eşit Ağırlık,Tier 2,Yüksek,3 Aylık,7.8,0.69,11.8,9.5,10.64,6,7,45.3,-2.12,0,1.72,2,4.3,5188.21,0,3.5,249,6
2026-OGR-0118,2026-04-22,Mezun,Eşit Ağırlık,Tier 1 (Büyükşehir),Orta,Yıllık,5.9,0.63,10.2,5.5,2.12,3,9,33.55,-0.04,1,3.72,0,,4639.68,0,3.1,517,12
2026-OGR-0119,2025-08-12,12. Sınıf,Sayısal,Tier 2,Orta,Aylık,9.1,0.77,18.1,14.1,9.79,1,9,36.64,0.12,1,6.56,1,3.5,16957.65,0,5.8,499,9
2026-OGR-0120,2026-03-27,12. Sınıf,Eşit Ağırlık,Tier 1 (Büyükşehir),Orta,Aylık,1.5,0.67,9.2,9.1,5.71,6,12,24.11,4.51,1,7.2,0,4.4,4732.05,0,3.0,127,7
2026-OGR-0121,2026-03-14,12. Sınıf,Sayısal,Tier 1 (Büyükşehir),Yüksek,Aylık,6.7,0.85,14.8,9.3,3.67,1,11,,-0.3,0,1.69,1,,4580.18,0,1.7,372,15
2026-OGR-0122,2025-02-12,11. Sınıf,Eşit Ağırlık,Tier 1 (Büyükşehir),Düşük,Aylık,9.0,0.7,11.0,8.2,6.68,3,9,33.72,1.74,2,3.77,1,5.0,5976.38,0,5.2,161,8
2026-OGR-0123,2025-08-09,12. Sınıf,Eşit Ağırlık,Tier 2,Düşük,Aylık,8.2,0.98,14.8,14.0,9.95,0,7,84.88,-0.89,1,2.34,0,3.7,1862.76,0,0.9,568,9
2026-OGR-0124,2026-03-18,12. Sınıf,Sayısal,Tier 3,Orta,Aylık,6.4,0.77,23.0,,6.29,1,5,39.89,-4.17,1,4.45,1,4.5,1575.26,0,3.5,676,9
2026-OGR-0125,2025-12-18,Mezun,Sayısal,Tier 2,Düşük,3 Aylık,3.1,0.52,19.3,11.7,4.06,3,7,58.6,-5.87,0,1.66,1,4.0,1566.47,0,1.5,678,6
2026-OGR-0126,2025-05-05,Mezun,Sayısal,Tier 1 (Büyükşehir),Yüksek,3 Aylık,8.6,0.57,9.5,4.6,10.86,4,12,39.53,0.91,1,0.53,3,5.0,5432.15,0,2.2,312,12
2026-OGR-0127,2026-01-18,11. Sınıf,Eşit Ağırlık,Tier 2,Düşük,3 Aylık,2.6,0.56,13.9,5.0,14.25,2,12,66.64,-1.36,2,0.42,1,3.5,1781.3,0,3.5,322,6
2026-OGR-0128,2026-04-29,Mezun,Sayısal,Tier 1 (Büyükşehir),Orta,Yıllık,12.0,0.69,12.0,5.8,12.25,1,7,39.05,-3.85,0,0.55,0,4.0,1966.27,0,3.7,359,9
2026-OGR-0129,2025-04-17,12. Sınıf,Sayısal,Tier 1 (Büyükşehir),Yüksek,3 Aylık,6.4,0.7,12.8,9.8,17.02,2,14,47.92,-1.05,2,1.11,2,,1582.26,0,3.1,626,12
2026-OGR-0130,2025-12-13,11. Sınıf,Sayısal,Tier 1 (Büyükşehir),Orta,3 Aylık,4.9,0.39,17.6,6.7,12.71,1,12,,-1.34,2,1.44,2,3.3,1868.27,1,7.6,326,10
2026-OGR-0131,2026-05-09,Mezun,Sayısal,Tier 2,Orta,Aylık,5.0,0.72,13.4,10.6,7.43,1,11,49.86,-3.27,3,8.46,1,3.5,1318.23,0,2.8,326,6
2026-OGR-0132,2025-07-17,11. Sınıf,Dil,Tier 2,Orta,3 Aylık,12.3,0.89,10.5,11.2,15.16,6,18,54.07,-3.56,1,6.01,0,4.5,1995.97,0,3.8,178,9
2026-OGR-0133,2025-01-09,Mezun,Sayısal,Tier 2,Düşük,3 Aylık,0.6,0.8,13.2,9.9,19.79,1,12,58.36,1.44,1,2.11,0,4.6,5034.89,0,3.1,67,6
2026-OGR-0134,2025-05-07,12. Sınıf,Sayısal,Tier 1 (Büyükşehir),Yüksek,3 Aylık,2.9,0.59,13.9,3.8,7.29,3,16,46.53,1.15,0,6.31,4,3.2,1782.86,0,2.7,86,6
2026-OGR-0135,2026-04-20,Mezun,Sayısal,Tier 2,Düşük,Aylık,4.7,0.91,16.0,13.1,7.42,2,19,45.94,1.12,0,1.28,3,4.2,5218.53,0,1.7,643,9
2026-OGR-0136,2025-03-11,Mezun,Sözel,Tier 3,Düşük,3 Aylık,9.0,0.76,13.1,9.1,1.99,2,15,42.51,4.09,3,4.01,0,4.4,17147.99,0,0.7,82,12
2026-OGR-0137,2026-02-16,11. Sınıf,Sayısal,Tier 1 (Büyükşehir),Orta,3 Aylık,4.7,0.91,17.6,15.9,17.64,3,20,56.94,5.03,2,0.42,2,,4286.81,0,3.3,445,15
2026-OGR-0138,2025-03-10,12. Sınıf,Eşit Ağırlık,Tier 2,Orta,3 Aylık,9.1,0.65,11.4,9.2,6.85,1,19,73.59,3.7,1,4.71,1,,1704.13,0,4.7,46,8
2026-OGR-0139,2025-10-14,11. Sınıf,Sayısal,Tier 1 (Büyükşehir),Orta,Yıllık,1.7,0.92,12.9,14.4,2.77,2,14,35.24,-3.23,4,1.29,2,3.8,1754.76,0,1.0,375,8
2026-OGR-0140,2026-06-19,11. Sınıf,Dil,Tier 2,Yüksek,Yıllık,2.0,0.85,18.5,11.6,26.7,0,16,46.99,0.68,1,8.88,0,,2045.77,0,1.3,215,12
2026-OGR-0141,2026-03-11,11. Sınıf,Eşit Ağırlık,Tier 2,Düşük,Aylık,0.9,0.9,12.4,11.2,4.29,1,10,49.85,8.8,0,9.72,0,,1685.07,0,0.9,436,10
2026-OGR-0142,2025-09-30,12. Sınıf,Dil,Tier 1 (Büyükşehir),Yüksek,3 Aylık,5.5,0.8,15.2,10.9,36.21,3,10,46.79,0.96,2,4.5,2,4.6,4414.23,1,4.1,175,11
2026-OGR-0143,2026-02-11,12. Sınıf,Sayısal,Tier 2,Yüksek,Aylık,1.5,0.55,14.6,8.7,6.77,3,8,56.41,-1.22,4,1.03,1,3.8,17779.81,0,2.4,623,3
2026-OGR-0144,2026-06-17,12. Sınıf,Sayısal,Tier 1 (Büyükşehir),Yüksek,Yıllık,3.6,0.45,15.7,5.5,23.24,2,10,42.32,0.2,4,0.49,0,,1848.58,0,5.3,329,13
2026-OGR-0145,2026-02-15,Mezun,Sayısal,Tier 1 (Büyükşehir),Orta,Yıllık,4.9,0.93,8.5,,8.53,5,13,69.31,1.19,4,13.35,1,4.2,6034.01,0,3.5,598,5
2026-OGR-0146,2025-09-18,Mezun,Eşit Ağırlık,Tier 3,Yüksek,Yıllık,10.6,0.41,11.5,,17.53,2,11,71.47,-0.47,1,2.86,2,4.7,1868.57,1,6.1,469,8
2026-OGR-0147,2025-12-05,12. Sınıf,Eşit Ağırlık,Tier 1 (Büyükşehir),Orta,Aylık,4.6,0.18,18.3,2.9,19.13,4,9,56.04,3.26,3,4.3,1,2.2,1627.31,1,1.6,373,6
2026-OGR-0148,2025-06-18,Mezun,Eşit Ağırlık,Tier 2,Orta,Aylık,2.6,0.71,7.3,4.6,4.72,3,15,37.44,1.85,1,1.74,0,3.8,1910.05,0,1.9,24,8
2026-OGR-0149,2025-03-23,12. Sınıf,Sayısal,Tier 1 (Büyükşehir),Yüksek,3 Aylık,7.7,0.59,15.5,11.0,4.03,4,9,76.0,-3.24,1,0.72,1,3.2,4303.26,0,3.6,146,9
2026-OGR-0150,2026-06-27,Mezun,Sayısal,Tier 1 (Büyükşehir),Yüksek,Yıllık,11.1,0.66,13.8,,5.48,5,9,,-2.41,1,1.98,3,2.4,1780.13,0,1.4,360,10
2026-OGR-0151,2026-06-08,12. Sınıf,Sayısal,Tier 1 (Büyükşehir),Orta,Yıllık,3.3,0.83,15.5,13.7,21.41,1,8,27.96,-2.57,2,2.3,1,3.8,1733.98,0,2.7,21,10
2026-OGR-0152,2025-06-05,12. Sınıf,Sözel,Tier 1 (Büyükşehir),Yüksek,Yıllık,11.3,0.81,13.8,11.6,2.37,2,14,50.6,-4.24,3,5.65,0,3.5,1987.85,0,1.6,233,7
2026-OGR-0153,2025-09-13,12. Sınıf,Eşit Ağırlık,Tier 3,Orta,3 Aylık,3.0,0.89,8.1,6.2,3.41,1,15,68.95,-4.04,0,1.4,1,3.1,1704.04,0,0.7,569,10
2026-OGR-0154,2025-08-28,12. Sınıf,Eşit Ağırlık,Tier 1 (Büyükşehir),Düşük,Yıllık,2.5,0.62,15.9,9.7,13.59,3,5,50.0,4.02,1,1.43,1,4.2,1960.51,0,2.2,460,16
2026-OGR-0155,2025-10-19,Mezun,Sayısal,Tier 3,Orta,Aylık,3.8,0.69,11.9,9.5,15.61,1,11,61.09,-2.11,1,4.14,0,2.6,5404.82,0,3.8,36,7
2026-OGR-0156,2025-05-21,12. Sınıf,Eşit Ağırlık,Tier 1 (Büyükşehir),Yüksek,3 Aylık,1.0,0.73,13.3,5.5,3.1,4,10,63.55,4.69,1,2.07,1,3.8,1680.67,0,1.3,86,8
2026-OGR-0157,2025-02-15,12. Sınıf,Eşit Ağırlık,Tier 1 (Büyükşehir),Yüksek,3 Aylık,1.4,0.75,13.3,9.9,19.58,3,17,28.53,8.12,1,3.14,5,4.1,1914.6,0,1.4,452,11
2026-OGR-0158,2025-08-04,12. Sınıf,Eşit Ağırlık,Tier 2,Yüksek,3 Aylık,5.8,0.42,10.1,3.6,10.1,1,15,71.8,9.63,1,1.46,1,4.1,6024.4,0,2.6,574,11
2026-OGR-0159,2026-06-18,12. Sınıf,Sözel,Tier 1 (Büyükşehir),Yüksek,Aylık,1.8,0.53,19.8,11.1,23.07,0,13,48.04,-5.1,2,4.37,1,3.2,1928.93,1,3.4,124,9
2026-OGR-0160,2025-08-23,12. Sınıf,Sayısal,Tier 1 (Büyükşehir),Düşük,Aylık,3.8,0.68,8.7,7.0,1.99,2,8,40.7,0.7,1,3.8,1,5.0,19363.06,0,1.8,96,9
2026-OGR-0161,2026-05-14,Mezun,Eşit Ağırlık,Tier 1 (Büyükşehir),Yüksek,3 Aylık,4.0,0.32,8.8,3.1,3.34,4,8,40.2,0.47,3,6.21,1,3.7,2096.44,1,1.0,57,11
2026-OGR-0162,2026-01-13,12. Sınıf,Eşit Ağırlık,Tier 1 (Büyükşehir),Yüksek,3 Aylık,10.8,0.62,9.7,5.0,15.7,1,10,59.35,4.47,2,7.99,1,4.3,1639.98,0,1.3,352,13
2026-OGR-0163,2025-02-09,Mezun,Sayısal,Tier 3,Orta,3 Aylık,4.2,0.72,9.5,6.8,10.33,2,10,51.72,2.62,2,2.22,1,5.0,4988.63,0,0.5,20,5
2026-OGR-0164,2025-03-22,Mezun,Sayısal,Tier 3,Düşük,3 Aylık,5.8,0.65,13.7,10.1,14.18,3,11,10.39,-2.21,1,6.1,1,4.5,4252.88,0,5.6,353,15
2026-OGR-0165,2025-08-12,11. Sınıf,Eşit Ağırlık,Tier 2,Orta,Yıllık,10.2,0.6,13.5,7.5,16.51,1,6,16.24,-0.41,1,0.89,1,3.3,1942.44,0,2.7,536,7
2026-OGR-0166,2026-06-26,11. Sınıf,Sayısal,Tier 1 (Büyükşehir),Düşük,Aylık,2.7,0.45,17.4,9.7,15.0,2,8,53.64,1.26,2,6.71,2,3.0,4587.67,1,3.6,272,7
2026-OGR-0167,2025-06-08,11. Sınıf,Sözel,Tier 2,Yüksek,Yıllık,6.5,0.75,11.9,7.4,23.47,3,10,66.46,2.2,0,2.09,1,4.5,1778.22,0,1.8,533,11
2026-OGR-0168,2026-05-08,Mezun,Sayısal,Tier 2,Düşük,Yıllık,1.9,0.78,19.2,13.2,16.06,2,9,49.01,2.45,4,2.78,5,4.3,1635.74,1,2.0,645,8
2026-OGR-0169,2025-03-11,11. Sınıf,Eşit Ağırlık,Tier 1 (Büyükşehir),Yüksek,3 Aylık,2.9,0.77,16.5,,26.84,5,12,47.6,-0.03,2,0.5,1,3.5,1668.62,0,3.2,439,8
2026-OGR-0170,2026-01-31,Mezun,Sayısal,Tier 1 (Büyükşehir),Orta,Yıllık,1.0,0.59,17.4,9.6,19.62,2,9,49.3,5.49,3,8.28,0,2.6,5576.3,1,4.5,395,11
2026-OGR-0171,2025-05-17,11. Sınıf,Sayısal,Tier 1 (Büyükşehir),Orta,3 Aylık,2.0,0.84,16.1,15.1,6.28,2,10,57.99,7.17,3,13.74,0,4.0,15563.16,0,3.7,170,5
2026-OGR-0172,2025-07-27,12. Sınıf,Sayısal,Tier 2,Yüksek,Aylık,2.9,0.76,14.2,6.6,13.62,3,11,73.22,-5.07,1,2.18,0,3.8,5382.64,1,1.7,613,9
2026-OGR-0173,2026-02-13,11. Sınıf,Eşit Ağırlık,Tier 2,Orta,Yıllık,0.9,0.57,11.4,,3.13,3,17,37.55,0.43,2,4.55,3,3.2,18772.72,0,0.5,654,10
2026-OGR-0174,2025-07-30,Mezun,Eşit Ağırlık,Tier 1 (Büyükşehir),Orta,3 Aylık,12.4,0.81,18.2,15.2,25.2,3,12,46.61,-4.24,1,3.88,1,4.3,1839.9,0,1.1,449,7
2026-OGR-0175,2026-03-01,12. Sınıf,Sayısal,Tier 1 (Büyükşehir),Yüksek,Aylık,4.4,0.65,13.0,10.5,9.71,1,8,49.06,0.76,1,10.72,3,2.9,4267.5,0,4.0,365,7
2026-OGR-0176,2025-03-02,12. Sınıf,Sayısal,Tier 2,Orta,3 Aylık,4.6,0.74,14.4,12.3,5.74,3,8,66.72,0.42,3,3.93,2,3.7,16994.07,1,3.7,589,9
2026-OGR-0177,2025-07-08,12. Sınıf,Sözel,Tier 1 (Büyükşehir),Orta,Yıllık,8.4,0.54,10.1,4.6,3.47,1,7,61.31,-7.68,1,0.15,0,4.2,1823.69,0,5.0,154,9
2026-OGR-0178,2026-04-05,11. Sınıf,Sözel,Tier 3,Yüksek,Aylık,3.2,0.92,16.7,17.9,3.35,0,8,53.72,4.47,0,4.28,1,,4696.36,1,4.1,156,3
2026-OGR-0179,2025-07-22,12. Sınıf,Sayısal,Tier 1 (Büyükşehir),Orta,3 Aylık,10.1,0.43,18.3,8.9,3.96,3,8,37.31,0.15,1,0.52,2,4.0,4890.48,0,6.5,664,15
2026-OGR-0180,2026-02-05,12. Sınıf,Sayısal,Tier 2,Yüksek,3 Aylık,1.5,0.38,16.9,4.1,14.65,0,9,42.22,-1.07,2,0.71,2,2.1,4684.49,0,5.0,640,9
2026-OGR-0181,2026-04-30,11. Sınıf,Dil,Tier 3,Düşük,3 Aylık,2.2,0.59,10.3,5.9,11.56,1,13,61.2,0.94,1,1.09,1,3.0,1895.83,0,3.4,455,6
2026-OGR-0182,2026-04-06,11. Sınıf,Eşit Ağırlık,Tier 3,Düşük,3 Aylık,10.7,0.66,8.1,6.6,21.16,1,12,61.27,8.15,1,2.17,1,,1725.08,0,0.6,556,10
2026-OGR-0183,2025-02-27,12. Sınıf,Eşit Ağırlık,Tier 3,Orta,Yıllık,7.9,0.27,10.2,2.0,13.19,4,16,68.01,-5.46,0,3.9,1,3.6,4558.62,1,1.0,468,6
2026-OGR-0184,2026-02-13,Mezun,Sayısal,Tier 3,Düşük,Yıllık,7.5,0.57,15.7,8.5,10.16,1,10,55.59,-4.67,2,4.82,0,,1558.67,1,1.6,696,9
2026-OGR-0185,2025-06-23,11. Sınıf,Eşit Ağırlık,Tier 2,Yüksek,Aylık,4.6,0.66,14.7,10.5,15.58,4,12,45.13,-4.04,0,0.49,4,3.0,1757.27,0,1.8,298,7
2026-OGR-0186,2025-07-23,12. Sınıf,Eşit Ağırlık,Tier 3,Orta,3 Aylık,5.7,0.52,9.7,5.1,38.14,3,7,51.97,5.23,2,9.41,2,2.3,19062.16,1,7.2,89,13
2026-OGR-0187,2025-09-18,Mezun,Sayısal,Tier 3,Yüksek,Yıllık,9.2,0.76,18.6,15.6,0.29,2,9,72.13,3.45,1,6.9,2,3.7,5024.46,0,2.1,497,10
2026-OGR-0188,2026-02-08,12. Sınıf,Sayısal,Tier 2,Yüksek,3 Aylık,2.6,0.75,9.6,5.5,9.33,1,9,65.99,-3.04,3,9.36,4,4.7,18929.78,0,4.6,532,6
2026-OGR-0189,2025-05-11,12. Sınıf,Sözel,Tier 2,Yüksek,Aylık,5.3,0.48,18.1,6.4,5.42,1,9,44.66,-1.93,1,2.64,2,,1884.17,0,4.6,493,15
2026-OGR-0190,2025-07-05,12. Sınıf,Sözel,Tier 1 (Büyükşehir),Orta,Aylık,5.7,0.66,8.1,4.6,11.29,0,8,46.65,2.64,0,6.47,2,4.0,17143.24,0,2.2,253,10
2026-OGR-0191,2025-03-01,Mezun,Eşit Ağırlık,Tier 3,Orta,3 Aylık,3.4,0.61,14.4,7.1,12.6,2,10,57.08,4.35,1,0.87,3,4.5,4789.84,0,2.6,213,12
2026-OGR-0192,2026-06-10,12. Sınıf,Sayısal,Tier 1 (Büyükşehir),Orta,Aylık,1.3,0.72,14.9,10.5,2.9,1,10,54.18,-1.94,2,0.92,2,3.8,5650.2,0,1.1,465,4
2026-OGR-0193,2025-01-13,Mezun,Sayısal,Tier 1 (Büyükşehir),Düşük,Aylık,2.0,0.79,18.0,8.8,14.2,4,16,73.76,-4.08,1,2.33,2,4.5,4770.35,0,1.7,27,6
2026-OGR-0194,2025-08-19,11. Sınıf,Sözel,Tier 1 (Büyükşehir),Düşük,Yıllık,4.6,0.87,8.9,8.2,8.25,4,6,56.48,-4.77,0,7.16,1,3.8,1778.35,0,3.0,9,11
2026-OGR-0195,2025-05-20,11. Sınıf,Sayısal,Tier 3,Düşük,3 Aylık,8.6,0.87,20.9,22.9,30.38,2,8,51.57,-4.0,4,5.89,1,4.0,1873.66,1,1.8,366,8
2026-OGR-0196,2026-03-15,11. Sınıf,Sayısal,Tier 1 (Büyükşehir),Düşük,3 Aylık,4.0,0.62,11.8,7.2,11.18,0,19,37.29,1.01,1,4.15,0,5.0,1844.18,0,3.4,204,12
2026-OGR-0197,2025-11-27,Mezun,Sayısal,Tier 1 (Büyükşehir),Orta,3 Aylık,3.7,0.81,19.7,23.1,13.6,3,12,54.62,5.89,1,2.38,0,3.7,1588.38,0,4.6,632,15
2026-OGR-0198,2025-02-21,11. Sınıf,Sözel,Tier 2,Orta,3 Aylık,11.0,0.46,12.6,4.0,14.39,1,13,56.68,-0.48,0,9.06,0,3.0,18639.33,1,1.8,354,6
2026-OGR-0199,2026-03-20,12. Sınıf,Eşit Ağırlık,Tier 3,Orta,Aylık,7.0,0.85,21.1,19.3,6.62,0,11,38.45,-0.96,1,0.27,0,4.3,1843.05,0,3.3,235,2
2026-OGR-0200,2026-01-26,12. Sınıf,Sayısal,Tier 1 (Büyükşehir),Düşük,Aylık,5.7,0.39,17.2,7.7,6.06,1,8,47.83,-1.78,2,0.84,2,4.6,1867.38,0,0.9,378,11
2026-OGR-0201,2026-03-26,11. Sınıf,Sayısal,Tier 3,Yüksek,Aylık,10.6,0.88,12.9,9.0,35.22,3,9,58.39,-1.83,2,1.33,0,3.9,1601.4,0,5.3,564,6
2026-OGR-0202,2026-04-17,11. Sınıf,Dil,Tier 1 (Büyükşehir),Orta,Aylık,5.9,0.58,15.1,11.5,3.12,5,10,52.67,1.2,1,8.29,1,5.0,1699.35,0,4.2,637,10
2026-OGR-0203,2025-12-30,12. Sınıf,Sözel,Tier 3,Yüksek,Aylık,4.6,0.51,9.4,6.1,13.99,3,15,35.14,-0.04,3,7.94,0,3.9,1840.71,1,8.0,77,12
2026-OGR-0204,2026-02-20,Mezun,Sayısal,Tier 2,Yüksek,Aylık,0.6,0.38,10.6,,12.12,1,9,61.76,-1.87,1,5.12,2,3.9,4805.81,1,3.6,148,10
2026-OGR-0205,2025-12-04,Mezun,Sayısal,Tier 3,Orta,3 Aylık,8.1,0.72,17.5,16.1,4.16,5,5,50.83,7.68,0,4.84,3,2.8,1770.43,0,3.6,518,8
2026-OGR-0206,2025-01-10,Mezun,Sözel,Tier 1 (Büyükşehir),Düşük,3 Aylık,2.6,0.73,16.4,10.4,6.69,6,12,77.99,-0.92,1,9.52,0,3.4,14463.24,1,1.1,396,12
2026-OGR-0207,2025-12-24,12. Sınıf,Eşit Ağırlık,Tier 1 (Büyükşehir),Düşük,3 Aylık,1.9,0.61,13.0,7.9,9.55,3,7,52.29,-2.42,2,3.31,0,2.9,5592.97,1,1.3,45,13
2026-OGR-0208,2025-09-06,12. Sınıf,Sayısal,Tier 1 (Büyükşehir),Orta,Aylık,2.3,0.86,14.5,15.8,2.81,1,15,44.38,3.69,1,2.84,2,4.6,17845.36,0,4.2,572,13
2026-OGR-0209,2025-10-15,11. Sınıf,Sayısal,Tier 1 (Büyükşehir),Orta,Yıllık,0.8,0.86,19.0,12.2,19.26,1,15,45.52,0.27,1,2.54,2,3.8,17438.93,1,4.1,483,8
2026-OGR-0210,2025-09-27,11. Sınıf,Sayısal,Tier 1 (Büyükşehir),Yüksek,Aylık,5.1,0.89,16.4,10.1,7.72,3,10,42.52,-3.17,2,4.48,2,3.6,4835.97,0,6.5,184,13
2026-OGR-0211,2026-01-24,Mezun,Sözel,Tier 2,Düşük,Aylık,1.6,0.9,7.1,6.8,23.97,2,10,41.03,-0.34,1,4.59,1,3.7,1571.08,1,3.6,387,13
2026-OGR-0212,2026-06-09,12. Sınıf,Eşit Ağırlık,Tier 1 (Büyükşehir),Orta,Aylık,12.8,0.71,11.1,7.9,8.66,1,10,66.35,0.6,2,8.65,1,3.6,4280.92,0,4.1,147,16
2026-OGR-0213,2026-05-26,11. Sınıf,Sayısal,Tier 2,,3 Aylık,2.1,0.94,18.6,17.2,19.55,1,9,62.53,3.8,2,2.4,1,3.6,4245.51,0,2.0,604,8
2026-OGR-0214,2025-03-03,11. Sınıf,Eşit Ağırlık,Tier 1 (Büyükşehir),Yüksek,Aylık,5.5,0.68,16.1,12.3,4.12,3,12,48.46,0.07,0,0.35,0,3.1,4410.11,0,1.9,411,12
2026-OGR-0215,2025-04-23,12. Sınıf,Sayısal,Tier 1 (Büyükşehir),Orta,3 Aylık,3.6,0.75,16.7,13.7,10.43,0,14,59.63,-4.75,4,3.36,2,,16711.63,0,1.8,698,8
2026-OGR-0216,2026-05-17,Mezun,Sözel,Tier 1 (Büyükşehir),Orta,3 Aylık,3.0,0.79,7.0,6.2,17.49,2,8,,5.34,0,1.66,3,4.3,1737.46,0,1.4,260,9
2026-OGR-0217,2026-03-07,11. Sınıf,Eşit Ağırlık,Tier 1 (Büyükşehir),Orta,3 Aylık,8.4,0.9,6.6,6.7,6.0,3,16,61.14,-3.49,0,8.25,1,4.1,15670.7,0,2.1,665,12
2026-OGR-0218,2025-01-27,12. Sınıf,Eşit Ağırlık,Tier 1 (Büyükşehir),Orta,Aylık,1.3,0.78,13.2,,10.88,0,7,43.46,2.29,2,4.33,0,2.9,1732.59,0,2.5,685,8
2026-OGR-0219,2025-05-23,Mezun,Sayısal,Tier 2,Düşük,3 Aylık,1.0,0.94,12.9,,14.34,1,10,34.63,-1.65,1,1.82,2,4.2,2008.94,0,0.5,264,6
2026-OGR-0220,2025-03-18,Mezun,Eşit Ağırlık,Tier 3,Düşük,Aylık,7.2,0.79,17.7,13.6,2.41,0,17,44.94,-0.56,2,0.2,0,3.0,1709.07,0,2.9,453,4
2026-OGR-0221,2025-11-18,12. Sınıf,Dil,Tier 2,Düşük,Aylık,7.0,0.88,17.5,18.5,31.09,3,11,28.58,2.12,0,3.66,2,,4576.6,0,4.2,418,10
2026-OGR-0222,2025-10-31,12. Sınıf,Sayısal,Tier 1 (Büyükşehir),Yüksek,3 Aylık,3.6,0.78,11.2,8.5,18.09,1,12,55.88,2.08,1,0.63,1,2.8,4174.72,1,6.4,440,8
2026-OGR-0223,2025-12-20,Mezun,Dil,Tier 1 (Büyükşehir),Orta,Aylık,11.5,0.84,12.8,6.1,20.48,2,8,65.26,1.19,3,2.21,0,4.0,13489.81,0,1.0,507,7
2026-OGR-0224,2025-06-14,12. Sınıf,Sayısal,Tier 1 (Büyükşehir),Yüksek,Yıllık,3.0,0.6,20.1,12.1,14.12,3,10,38.84,-0.77,0,14.23,4,3.0,1650.33,1,2.0,539,15
2026-OGR-0225,2025-07-21,Mezun,Sayısal,Tier 1 (Büyükşehir),Orta,3 Aylık,1.9,0.61,15.6,7.9,3.14,0,14,46.02,2.86,1,2.53,0,3.1,4787.16,0,7.6,148,14
2026-OGR-0226,2025-12-30,Mezun,Sayısal,Tier 1 (Büyükşehir),Yüksek,Aylık,2.1,0.9,17.2,12.7,8.27,2,9,69.72,1.69,0,1.07,2,3.4,1847.98,0,3.7,350,12
2026-OGR-0227,2025-12-26,12. Sınıf,Eşit Ağırlık,Tier 3,Düşük,3 Aylık,1.6,0.65,16.4,9.3,31.72,3,8,35.88,-1.97,1,1.86,0,3.7,15741.0,1,7.5,515,14
2026-OGR-0228,2025-12-21,12. Sınıf,Sözel,Tier 3,Orta,Aylık,7.4,0.69,15.2,11.3,5.63,2,12,75.52,0.18,1,7.02,1,2.7,14155.34,0,3.6,680,10
2026-OGR-0229,2025-07-11,Mezun,Sözel,Tier 1 (Büyükşehir),Düşük,Yıllık,1.9,0.53,14.8,,25.53,0,11,50.98,0.32,1,0.6,3,3.6,5319.04,1,1.7,570,11
2026-OGR-0230,2025-07-03,12. Sınıf,Dil,Tier 2,Düşük,3 Aylık,1.3,0.5,10.6,7.0,26.17,0,9,61.91,0.71,0,1.67,2,,1824.47,0,2.3,684,7
2026-OGR-0231,2025-04-19,Mezun,Sayısal,Tier 2,Orta,Aylık,3.4,0.45,13.8,,23.26,5,10,61.13,-1.11,1,0.57,0,,5415.88,1,8.0,645,6
2026-OGR-0232,2026-06-04,12. Sınıf,Sayısal,Tier 1 (Büyükşehir),Düşük,3 Aylık,3.5,0.83,8.6,7.2,16.37,2,9,55.86,-1.34,0,3.94,2,2.7,1724.34,0,3.7,250,10
2026-OGR-0233,2025-09-27,Mezun,Sayısal,Tier 2,Yüksek,Aylık,4.5,0.87,15.2,14.7,16.0,1,6,36.43,-5.04,1,2.48,1,4.1,17350.06,0,1.5,580,11
2026-OGR-0234,2025-09-29,Mezun,Eşit Ağırlık,Tier 2,Düşük,3 Aylık,11.5,0.87,13.5,13.7,17.62,3,16,59.82,-5.44,2,6.03,3,5.0,15807.51,1,2.0,19,11
2026-OGR-0235,2025-04-02,11. Sınıf,Sözel,Tier 1 (Büyükşehir),Yüksek,Aylık,1.6,0.35,16.4,5.9,16.39,2,15,35.47,-5.02,2,2.84,2,3.8,18539.37,1,0.9,272,10
2026-OGR-0236,2025-02-21,12. Sınıf,Sözel,Tier 2,Orta,Aylık,7.7,0.72,8.5,5.9,29.85,2,12,54.35,7.33,2,0.54,0,4.2,5081.97,0,4.0,634,6
2026-OGR-0237,2025-02-25,Mezun,Eşit Ağırlık,Tier 2,Düşük,Aylık,1.4,0.77,7.7,,27.41,4,15,50.62,3.76,1,10.77,2,3.0,4383.89,0,3.8,63,11
2026-OGR-0238,2025-07-12,12. Sınıf,Sözel,Tier 2,Düşük,Yıllık,5.7,0.85,12.9,10.4,8.11,3,9,66.29,3.7,1,5.22,0,3.8,15808.85,0,1.9,617,7
2026-OGR-0239,2026-06-05,12. Sınıf,Sayısal,Tier 2,Düşük,Aylık,9.7,0.81,14.1,11.9,26.85,3,11,49.21,-0.49,2,8.17,1,3.6,16691.12,0,1.4,263,7
2026-OGR-0240,2025-12-23,11. Sınıf,Eşit Ağırlık,Tier 1 (Büyükşehir),Yüksek,Aylık,0.4,0.35,13.3,2.9,26.17,2,15,63.6,7.08,2,0.17,1,3.6,4819.82,1,3.2,224,8
2026-OGR-0241,2026-06-10,11. Sınıf,Sözel,Tier 3,Yüksek,3 Aylık,7.1,0.53,13.8,6.7,11.73,1,10,40.12,1.9,5,0.4,0,3.3,15494.9,0,3.1,260,11
2026-OGR-0242,2025-11-21,11. Sınıf,Sayısal,Tier 2,,Yıllık,7.3,0.95,13.6,13.9,2.48,0,6,47.04,0.15,3,4.41,1,,1629.92,0,2.7,388,5
2026-OGR-0243,2026-06-02,12. Sınıf,Dil,Tier 1 (Büyükşehir),Orta,3 Aylık,9.1,0.62,11.9,7.6,34.02,3,15,,-4.24,1,15.62,3,3.3,1886.34,1,5.8,110,12
2026-OGR-0244,2025-02-02,12. Sınıf,Dil,Tier 1 (Büyükşehir),Yüksek,3 Aylık,7.4,0.95,14.9,15.8,32.29,4,11,31.97,1.01,2,4.1,1,2.2,13271.48,0,1.7,138,11
2026-OGR-0245,2025-02-16,12. Sınıf,Sayısal,Tier 3,Orta,Yıllık,4.8,0.85,14.1,11.7,39.69,0,7,53.51,4.73,0,2.31,1,5.0,1524.39,0,1.8,103,16
2026-OGR-0246,2025-07-31,Mezun,Sayısal,Tier 2,Yüksek,Aylık,12.0,0.87,15.7,12.5,22.63,1,15,65.34,-3.05,2,2.72,1,4.1,2065.18,0,1.5,631,7
2026-OGR-0247,2025-04-07,Mezun,Sayısal,Tier 1 (Büyükşehir),Yüksek,Aylık,4.8,0.4,10.1,5.0,20.04,2,12,55.9,1.7,0,4.34,0,3.9,16864.51,1,3.3,155,17
2026-OGR-0248,2025-09-06,12. Sınıf,Sayısal,Tier 3,Yüksek,3 Aylık,5.8,0.68,9.5,7.0,22.14,3,12,53.97,-0.48,0,0.72,2,3.4,1752.89,0,6.4,323,4
2026-OGR-0249,2026-03-03,Mezun,Eşit Ağırlık,Tier 1 (Büyükşehir),Düşük,Aylık,2.1,0.64,15.9,11.0,27.2,0,9,37.74,-3.8,0,4.88,2,4.8,5939.57,0,1.9,365,14
2026-OGR-0250,2025-03-25,12. Sınıf,Sayısal,Tier 3,Orta,3 Aylık,16.9,0.76,12.9,10.7,24.44,2,8,30.76,1.93,1,2.95,0,3.0,14745.09,0,2.1,31,8
2026-OGR-0251,2025-09-21,Mezun,Eşit Ağırlık,Tier 2,Orta,3 Aylık,3.2,0.55,10.2,5.6,21.77,1,11,64.11,-2.89,3,2.15,0,2.9,1730.15,1,2.9,49,5
2026-OGR-0252,2025-08-18,11. Sınıf,Sözel,Tier 1 (Büyükşehir),Orta,3 Aylık,3.6,0.73,12.3,10.4,17.88,2,13,66.02,0.38,1,4.1,0,2.6,1721.04,0,0.3,393,9
2026-OGR-0253,2025-03-19,11. Sınıf,Sayısal,Tier 2,Orta,Yıllık,3.9,0.76,15.3,8.8,7.27,2,15,50.81,3.03,2,9.51,1,4.5,16379.52,0,2.4,224,12
2026-OGR-0254,2026-01-23,Mezun,Sözel,Tier 2,Yüksek,3 Aylık,10.5,0.53,14.7,7.9,5.63,0,10,69.78,-3.2,0,9.51,2,,5125.6,1,4.4,632,8
2026-OGR-0255,2026-01-10,12. Sınıf,Sözel,Tier 1 (Büyükşehir),Düşük,Yıllık,5.0,0.75,14.4,12.4,21.01,2,10,70.75,-1.23,1,3.45,0,,1938.17,1,1.4,363,9
2026-OGR-0256,2025-04-26,11. Sınıf,Eşit Ağırlık,Tier 2,Yüksek,Aylık,6.2,0.57,21.8,12.7,2.23,2,10,50.11,0.83,0,7.3,0,4.1,1944.61,0,3.1,85,13
2026-OGR-0257,2025-06-24,12. Sınıf,Eşit Ağırlık,Tier 1 (Büyükşehir),Orta,3 Aylık,2.5,0.72,14.0,11.6,4.8,4,9,78.19,-0.63,0,2.06,0,2.4,1838.81,1,2.4,289,9
2026-OGR-0258,2026-06-14,Mezun,Sözel,Tier 1 (Büyükşehir),Düşük,Aylık,3.5,0.89,18.6,16.7,42.31,0,11,56.76,2.54,1,3.82,3,2.9,4569.47,0,1.6,439,9
2026-OGR-0259,2026-01-10,Mezun,Eşit Ağırlık,Tier 3,Orta,3 Aylık,9.4,0.58,15.4,8.0,3.74,2,16,35.99,2.12,1,0.73,1,2.9,2029.22,0,1.0,412,11
2026-OGR-0260,2025-08-20,Mezun,Eşit Ağırlık,Tier 2,Yüksek,3 Aylık,5.6,0.82,12.7,11.5,2.07,3,20,33.32,0.66,2,0.43,1,4.1,1554.79,0,2.1,357,10
2026-OGR-0261,2026-05-20,12. Sınıf,Eşit Ağırlık,Tier 2,Yüksek,Yıllık,0.5,0.83,12.5,9.1,3.06,2,10,37.81,2.05,0,0.43,1,3.7,1476.7,0,2.3,651,11
2026-OGR-0262,2026-03-31,12. Sınıf,Sayısal,Tier 1 (Büyükşehir),,3 Aylık,5.1,0.72,16.0,14.7,6.67,2,10,48.9,5.57,2,5.57,1,3.7,1734.6,0,0.5,581,12
2026-OGR-0263,2025-09-08,Mezun,Eşit Ağırlık,Tier 3,Orta,3 Aylık,18.2,0.71,22.9,10.6,9.42,4,14,49.08,-5.56,1,2.07,0,4.1,2060.13,0,2.6,274,8
2026-OGR-0264,2026-04-30,12. Sınıf,Eşit Ağırlık,Tier 3,Orta,Aylık,10.8,0.7,17.0,,41.43,1,6,27.81,-2.25,0,7.87,4,2.9,1807.88,1,3.4,608,13
2026-OGR-0265,2026-06-10,11. Sınıf,Sayısal,Tier 3,Yüksek,Aylık,1.8,0.77,13.2,10.2,10.3,1,15,47.88,-3.4,1,2.56,1,3.8,1607.51,0,6.9,370,9
2026-OGR-0266,2025-11-08,12. Sınıf,Eşit Ağırlık,Tier 1 (Büyükşehir),Düşük,Aylık,7.3,0.53,20.0,11.2,9.83,2,11,58.43,3.79,1,1.69,1,4.5,16919.29,0,0.9,158,8
2026-OGR-0267,2025-08-10,12. Sınıf,Eşit Ağırlık,Tier 1 (Büyükşehir),Orta,3 Aylık,4.2,0.88,16.2,14.0,25.42,2,10,33.07,-2.72,4,1.26,0,4.8,4942.91,1,1.1,619,6
2026-OGR-0268,2025-11-25,11. Sınıf,Sözel,Tier 3,Orta,Aylık,6.5,0.41,9.5,5.1,48.78,5,11,30.4,1.35,4,2.28,2,2.9,5670.12,1,4.7,298,12
2026-OGR-0269,2025-03-10,12. Sınıf,Sayısal,Tier 1 (Büyükşehir),Orta,Aylık,6.5,0.63,5.3,2.5,15.31,3,19,36.25,-0.34,1,0.37,1,3.7,1723.19,0,1.9,239,16
2026-OGR-0270,2025-05-13,11. Sınıf,Sayısal,Tier 2,Düşük,3 Aylık,3.8,0.79,9.5,6.2,13.41,2,8,33.15,-0.88,0,6.56,3,3.4,15486.04,0,3.0,649,9
2026-OGR-0271,2025-08-12,12. Sınıf,Sayısal,Tier 1 (Büyükşehir),Orta,3 Aylık,2.7,0.55,9.7,6.4,5.68,1,9,55.22,-2.47,0,0.65,1,4.0,1358.78,0,0.8,161,9
2026-OGR-0272,2025-04-23,11. Sınıf,Sayısal,Tier 2,Düşük,Aylık,5.9,0.93,14.3,12.7,26.14,4,14,65.38,-0.06,1,4.3,0,3.7,1637.71,0,1.6,296,13
2026-OGR-0273,2025-10-30,12. Sınıf,Eşit Ağırlık,Tier 3,Orta,3 Aylık,3.2,0.58,15.9,8.3,15.99,1,18,28.56,0.53,2,1.93,0,4.5,2120.66,1,2.7,295,8
2026-OGR-0274,2025-07-30,12. Sınıf,Sözel,Tier 2,Yüksek,3 Aylık,5.8,0.8,15.2,11.6,13.68,0,8,75.95,3.74,3,5.27,3,3.9,4954.84,1,2.8,263,8
2026-OGR-0275,2025-01-22,Mezun,Sayısal,Tier 3,Yüksek,Aylık,1.4,0.73,16.2,11.8,14.14,1,11,55.14,-2.88,1,3.12,0,,1504.46,1,3.8,682,12
2026-OGR-0276,2026-03-12,12. Sınıf,Sözel,Tier 1 (Büyükşehir),Orta,Aylık,7.2,0.89,14.7,12.7,0.46,3,16,61.74,-1.68,1,0.43,2,,1565.98,0,3.8,130,10
2026-OGR-0277,2026-02-23,Mezun,Sayısal,Tier 1 (Büyükşehir),Düşük,Aylık,7.9,0.73,16.6,10.8,12.25,2,11,66.08,0.49,0,4.72,1,3.6,17741.24,0,4.7,282,10
2026-OGR-0278,2025-11-14,12. Sınıf,Sözel,Tier 1 (Büyükşehir),Orta,3 Aylık,4.0,0.74,19.5,15.5,9.89,3,11,46.31,-2.69,0,0.85,1,4.3,5233.81,0,12.0,317,8
2026-OGR-0279,2026-05-18,12. Sınıf,Eşit Ağırlık,Tier 2,Yüksek,Yıllık,2.8,0.71,6.5,4.4,25.04,3,6,59.54,5.73,1,4.69,0,3.6,15434.67,1,2.6,600,10
2026-OGR-0280,2025-09-24,Mezun,Sözel,Tier 3,,Aylık,2.0,0.63,11.7,7.9,12.29,4,14,33.1,-3.7,0,0.43,1,4.0,17268.04,0,1.1,455,12
2026-OGR-0281,2026-01-30,11. Sınıf,Eşit Ağırlık,Tier 2,Orta,Aylık,0.5,0.71,19.9,11.7,6.92,1,12,60.85,1.11,0,3.36,0,4.2,4900.7,0,3.2,68,7
2026-OGR-0282,2025-08-04,11. Sınıf,Eşit Ağırlık,Tier 3,Yüksek,Aylık,14.6,0.61,22.4,10.8,4.47,0,6,61.08,-4.74,1,10.0,1,4.4,18229.59,0,4.7,207,8
2026-OGR-0283,2025-03-09,12. Sınıf,Eşit Ağırlık,Tier 2,Yüksek,Aylık,6.2,0.59,13.9,7.8,4.35,1,14,39.36,1.05,1,10.29,2,3.4,1695.36,0,1.9,98,5
2026-OGR-0284,2025-05-18,Mezun,Eşit Ağırlık,Tier 1 (Büyükşehir),Orta,3 Aylık,7.0,0.57,11.1,6.9,6.67,1,12,48.69,-0.92,2,2.39,0,5.0,1782.72,0,4.8,435,10
2026-OGR-0285,2025-08-22,11. Sınıf,Sözel,Tier 1 (Büyükşehir),Yüksek,3 Aylık,1.4,0.87,16.0,11.5,19.55,2,14,31.39,-1.29,0,1.78,0,4.2,1578.95,0,3.2,519,14
2026-OGR-0286,2025-12-18,11. Sınıf,Sayısal,Tier 1 (Büyükşehir),Düşük,Aylık,2.7,0.42,13.4,7.6,19.64,1,9,64.67,6.08,0,0.99,0,4.2,3960.17,0,3.6,573,6
2026-OGR-0287,2025-01-15,11. Sınıf,Eşit Ağırlık,Tier 1 (Büyükşehir),Düşük,Aylık,5.3,0.84,11.1,8.8,18.07,2,9,57.25,-1.99,1,4.88,1,2.0,5019.92,0,7.3,185,6
2026-OGR-0288,2025-12-17,12. Sınıf,Sayısal,Tier 1 (Büyükşehir),Yüksek,Aylık,13.0,0.48,14.4,5.9,4.95,1,14,63.19,5.22,1,7.28,1,2.7,4183.76,0,2.2,591,9
2026-OGR-0289,2026-02-18,Mezun,Sözel,Tier 3,Yüksek,3 Aylık,5.9,0.69,13.7,9.2,22.08,2,15,52.18,-2.24,0,1.32,0,3.3,18224.98,0,2.2,218,11
2026-OGR-0290,2026-05-16,Mezun,Eşit Ağırlık,Tier 1 (Büyükşehir),Düşük,Aylık,2.3,0.69,15.2,11.3,12.94,2,11,43.19,2.46,3,2.33,0,,4776.81,0,6.4,76,8
2026-OGR-0291,2025-08-03,11. Sınıf,Eşit Ağırlık,Tier 1 (Büyükşehir),Orta,3 Aylık,4.0,0.89,14.0,11.3,4.35,2,18,56.02,-4.56,1,5.14,0,4.8,18190.52,0,4.0,594,8
2026-OGR-0292,2025-02-04,Mezun,Sayısal,Tier 1 (Büyükşehir),Orta,3 Aylık,4.2,0.79,15.8,11.0,9.84,3,15,53.91,-0.44,3,6.33,1,4.4,15955.99,0,3.1,215,11
2026-OGR-0293,2025-12-28,12. Sınıf,Sayısal,Tier 1 (Büyükşehir),Düşük,3 Aylık,7.0,0.57,9.5,3.4,4.52,4,9,54.83,2.01,2,4.09,0,2.5,4934.25,1,1.2,423,10
2026-OGR-0294,2025-12-22,12. Sınıf,Sayısal,Tier 2,Orta,Aylık,8.2,0.89,8.4,7.7,13.24,3,5,52.45,-2.85,4,3.06,2,3.4,1803.45,0,7.5,432,14
2026-OGR-0295,2025-10-20,11. Sınıf,Dil,Tier 2,Orta,Yıllık,5.5,0.68,15.4,10.6,11.05,3,12,37.73,1.27,0,4.17,0,3.1,1899.05,0,2.6,490,8
2026-OGR-0296,2025-08-29,12. Sınıf,Sayısal,Tier 1 (Büyükşehir),Orta,Aylık,0.5,0.45,6.2,3.4,13.69,0,11,55.76,-2.31,2,3.58,1,3.2,16470.81,0,3.8,8,5
2026-OGR-0297,2026-02-24,Mezun,Sayısal,Tier 3,Orta,Aylık,4.5,0.75,7.5,7.3,3.92,0,9,70.1,2.45,0,10.49,2,4.1,16516.02,0,4.8,690,10
2026-OGR-0298,2025-04-09,Mezun,Sayısal,Tier 1 (Büyükşehir),Düşük,3 Aylık,3.9,0.6,11.3,4.7,23.88,3,12,43.36,3.58,0,4.05,2,3.6,16260.58,1,3.2,71,11
2026-OGR-0299,2025-05-23,11. Sınıf,Sayısal,Tier 2,Yüksek,3 Aylık,2.2,0.64,15.3,11.5,17.53,2,7,56.1,-4.07,4,4.33,1,3.4,1959.92,1,2.8,497,7
2026-OGR-0300,2026-04-22,12. Sınıf,Sayısal,Tier 1 (Büyükşehir),Düşük,Aylık,4.3,0.65,10.7,5.8,47.96,2,8,37.94,4.74,0,7.83,3,1.7,17506.31,1,4.3,27,12
2026-OGR-0301,2025-07-17,Mezun,Eşit Ağırlık,Tier 3,Yüksek,Aylık,8.6,0.76,9.5,,38.11,3,13,73.19,2.76,1,3.77,0,3.6,1624.66,1,2.7,252,7
2026-OGR-0302,2026-04-05,12. Sınıf,Sayısal,Tier 1 (Büyükşehir),Yüksek,3 Aylık,2.1,0.75,9.2,3.6,7.94,2,11,47.89,1.88,0,8.95,0,,1594.48,1,1.8,98,8
2026-OGR-0303,2025-06-15,12. Sınıf,Sözel,Tier 2,Orta,Yıllık,6.8,0.42,14.8,4.6,12.01,1,14,40.14,1.92,0,2.99,0,3.7,1858.8,0,1.9,120,5
2026-OGR-0304,2026-06-28,11. Sınıf,Eşit Ağırlık,Tier 2,Yüksek,Yıllık,3.7,0.8,20.8,22.0,2.53,1,6,60.83,-2.3,1,0.46,2,4.0,4883.08,0,2.5,371,14
2026-OGR-0305,2026-01-25,Mezun,Dil,Tier 2,Düşük,Yıllık,8.9,0.75,17.1,13.9,11.42,3,19,57.91,3.1,0,5.46,0,3.5,18392.59,0,6.4,138,10
2026-OGR-0306,2025-02-07,Mezun,Sayısal,Tier 1 (Büyükşehir),Düşük,3 Aylık,1.6,0.71,15.2,10.2,9.94,0,14,,1.69,1,0.38,2,4.8,1736.67,0,3.4,495,11
2026-OGR-0307,2025-09-30,12. Sınıf,Sayısal,Tier 1 (Büyükşehir),Düşük,3 Aylık,9.7,0.63,20.1,9.7,4.5,1,18,36.49,-2.16,2,7.41,1,3.5,16362.59,0,5.3,464,5
2026-OGR-0308,2025-07-21,12. Sınıf,Sayısal,Tier 1 (Büyükşehir),Orta,Aylık,10.2,0.54,17.0,5.9,6.22,1,15,57.13,-0.26,2,6.62,0,4.8,5125.47,0,2.2,287,9
2026-OGR-0309,2025-01-09,11. Sınıf,Eşit Ağırlık,Tier 1 (Büyükşehir),Orta,Aylık,7.9,0.51,11.7,4.8,5.49,2,10,67.06,0.64,1,1.48,0,3.4,4335.84,0,3.7,64,12
2026-OGR-0310,2025-12-31,11. Sınıf,Sayısal,Tier 1 (Büyükşehir),Orta,Aylık,2.0,0.92,9.0,8.1,9.62,3,13,,-2.84,2,4.7,0,4.2,1771.39,0,3.6,83,16
2026-OGR-0311,2026-01-08,Mezun,Eşit Ağırlık,Tier 3,Yüksek,3 Aylık,2.9,0.84,12.5,12.5,9.7,0,9,60.3,0.0,1,3.28,0,,1612.7,1,2.2,625,5
2026-OGR-0312,2025-09-07,12. Sınıf,Sözel,Tier 2,Orta,Yıllık,1.8,0.72,12.7,12.3,8.58,2,7,40.51,0.04,2,9.93,0,5.0,1641.75,1,2.1,72,8
2026-OGR-0313,2026-06-16,Mezun,Sayısal,Tier 1 (Büyükşehir),Yüksek,3 Aylık,5.8,0.88,12.3,9.5,27.88,1,11,,6.59,1,0.51,0,4.5,4976.45,0,2.6,41,10
2026-OGR-0314,2026-01-22,12. Sınıf,Sayısal,Tier 1 (Büyükşehir),Yüksek,3 Aylık,9.0,0.48,21.6,7.1,6.07,5,13,39.23,-4.76,0,3.59,1,3.0,4103.86,0,0.6,695,16
2026-OGR-0315,2025-08-23,12. Sınıf,Sözel,Tier 1 (Büyükşehir),,3 Aylık,2.2,0.94,13.9,10.6,14.79,6,12,71.52,2.83,0,1.16,3,3.3,1369.72,0,2.0,410,6
2026-OGR-0316,2025-12-05,Mezun,Eşit Ağırlık,Tier 1 (Büyükşehir),Yüksek,Yıllık,1.7,0.53,10.8,6.2,15.37,4,11,68.74,-4.33,2,2.27,0,4.4,4952.37,0,1.6,682,10
2026-OGR-0317,2026-02-28,12. Sınıf,Eşit Ağırlık,Tier 1 (Büyükşehir),Düşük,3 Aylık,4.6,0.9,11.6,10.0,13.26,1,7,39.8,-1.14,1,3.09,1,,4974.7,0,2.0,605,16
2026-OGR-0318,2026-06-13,12. Sınıf,Eşit Ağırlık,Tier 2,Düşük,3 Aylık,6.9,0.65,15.7,12.0,28.8,1,10,61.17,-7.18,1,0.66,1,4.9,1840.53,0,4.1,686,15
2026-OGR-0319,2026-01-30,Mezun,Eşit Ağırlık,Tier 1 (Büyükşehir),Yüksek,Aylık,8.5,0.88,13.6,12.3,14.31,4,9,57.77,-0.52,1,6.92,0,,15461.45,0,3.4,121,8
2026-OGR-0320,2026-02-08,12. Sınıf,Sayısal,Tier 2,Orta,3 Aylık,0.8,0.48,12.1,5.6,17.41,4,9,53.36,1.79,1,0.61,0,3.6,2017.0,0,3.8,479,9
2026-OGR-0321,2025-07-01,12. Sınıf,Sayısal,Tier 1 (Büyükşehir),Orta,Aylık,1.7,0.76,14.5,12.4,11.63,2,13,46.15,1.26,0,0.16,3,4.1,15879.23,0,0.4,636,7
2026-OGR-0322,2025-02-09,12. Sınıf,Sayısal,Tier 2,Yüksek,Aylık,11.4,0.93,12.3,11.1,19.44,2,12,55.37,-5.62,1,3.45,2,4.1,4769.04,0,7.5,163,6
2026-OGR-0323,2025-02-06,Mezun,Sayısal,Tier 1 (Büyükşehir),Yüksek,Yıllık,6.5,0.62,16.6,8.2,2.42,1,11,45.59,-2.64,0,8.32,2,5.0,1782.15,0,0.6,696,11
2026-OGR-0324,2025-12-02,Mezun,Eşit Ağırlık,Tier 3,,Yıllık,10.4,0.81,14.8,11.1,12.85,3,14,41.84,-0.35,0,12.04,1,3.2,2065.48,0,4.3,237,7
2026-OGR-0325,2026-02-06,Mezun,Sayısal,Tier 1 (Büyükşehir),Orta,Aylık,9.4,0.72,15.6,8.8,3.81,4,11,57.42,-0.43,0,0.86,1,4.0,1446.11,0,0.2,85,13
2026-OGR-0326,2025-12-26,12. Sınıf,Eşit Ağırlık,Tier 2,Yüksek,Aylık,9.3,0.54,13.8,7.5,14.06,1,22,65.91,-1.94,0,10.19,2,4.4,4919.03,0,1.6,646,8
2026-OGR-0327,2025-10-11,Mezun,Sözel,Tier 1 (Büyükşehir),Orta,3 Aylık,2.7,0.79,12.0,9.3,10.03,1,12,61.36,1.35,1,2.71,2,,20214.95,0,3.0,87,8
2026-OGR-0328,2025-05-15,Mezun,Sayısal,Tier 3,Düşük,Aylık,5.2,0.91,13.7,11.9,21.97,1,5,56.05,-1.12,1,4.34,1,4.1,4998.22,0,2.3,337,7
2026-OGR-0329,2025-07-11,12. Sınıf,Eşit Ağırlık,Tier 2,Orta,Aylık,4.7,0.83,13.7,12.9,4.87,2,8,72.61,1.56,1,4.16,0,2.8,16253.99,0,3.0,670,8
2026-OGR-0330,2026-04-20,Mezun,Eşit Ağırlık,Tier 3,Yüksek,Yıllık,3.5,0.86,13.1,10.5,12.44,6,12,39.06,-2.55,0,0.48,1,3.0,4856.86,0,2.4,460,5
2026-OGR-0331,2026-04-26,Mezun,Sayısal,Tier 2,Orta,Yıllık,2.3,0.55,8.8,6.0,9.15,0,11,42.27,-2.97,1,1.3,2,3.1,4312.57,1,1.1,635,11
2026-OGR-0332,2025-12-27,12. Sınıf,Sayısal,Tier 3,Yüksek,3 Aylık,2.1,0.84,8.8,9.1,34.25,2,9,71.2,2.85,4,1.29,3,,16483.76,0,3.0,131,5
2026-OGR-0333,2026-04-16,11. Sınıf,Eşit Ağırlık,Tier 3,Yüksek,Yıllık,3.1,0.35,12.8,5.7,8.29,4,7,39.31,1.93,0,2.44,0,3.4,1577.41,0,1.1,532,10
2026-OGR-0334,2026-03-04,11. Sınıf,Sözel,Tier 3,Yüksek,Yıllık,3.1,0.21,17.3,3.9,9.01,0,5,54.18,0.54,1,6.34,0,4.0,4625.95,1,2.1,207,9
2026-OGR-0335,2026-04-08,12. Sınıf,Sayısal,Tier 3,Düşük,Aylık,2.8,0.79,20.3,16.0,12.95,4,13,49.14,2.36,0,2.17,1,2.8,4152.51,0,2.8,300,9
2026-OGR-0336,2025-11-15,Mezun,Sayısal,Tier 3,Orta,Yıllık,3.7,0.91,12.8,7.9,4.03,4,13,38.52,0.79,2,0.8,1,3.7,1778.9,0,7.5,296,14
2026-OGR-0337,2025-01-08,12. Sınıf,Sayısal,Tier 1 (Büyükşehir),Düşük,Yıllık,2.5,0.81,9.3,9.7,12.21,1,10,48.16,0.92,2,0.88,3,3.9,4785.41,0,3.6,116,1
2026-OGR-0338,2025-09-06,Mezun,Sözel,Tier 1 (Büyükşehir),Düşük,Yıllık,8.6,0.68,4.9,4.0,15.22,2,8,50.54,0.39,0,0.4,3,3.4,1797.51,0,4.2,683,10
2026-OGR-0339,2025-08-31,Mezun,Eşit Ağırlık,Tier 2,Düşük,Yıllık,3.4,0.9,11.5,8.7,8.34,3,11,65.97,-4.45,1,3.14,6,4.2,1683.69,0,2.2,472,5
2026-OGR-0340,2026-03-25,Mezun,Sözel,Tier 1 (Büyükşehir),Düşük,3 Aylık,3.7,0.8,18.3,15.2,10.56,0,10,63.28,1.55,0,1.33,1,4.6,1747.07,0,2.7,227,4
2026-OGR-0341,2026-05-15,Mezun,Sayısal,Tier 3,Düşük,Aylık,13.9,0.67,13.0,9.8,7.87,0,10,76.65,-0.7,0,2.01,1,4.5,2148.81,0,1.3,36,9
2026-OGR-0342,2025-05-31,12. Sınıf,Eşit Ağırlık,Tier 2,,Aylık,4.9,0.65,19.0,12.3,12.03,0,9,57.78,-3.29,1,16.9,1,,1859.95,1,3.7,656,7
2026-OGR-0343,2026-01-06,12. Sınıf,Sayısal,Tier 1 (Büyükşehir),Orta,Aylık,2.6,0.38,12.1,6.6,16.53,3,15,53.18,2.55,2,8.12,2,3.8,1599.36,1,3.2,510,7
2026-OGR-0344,2026-05-11,12. Sınıf,Sayısal,Tier 1 (Büyükşehir),Orta,Aylık,7.2,0.78,19.7,14.5,19.33,6,12,50.58,-1.2,2,2.67,1,4.2,1882.71,0,4.4,152,11
2026-OGR-0345,2026-01-07,Mezun,Sayısal,Tier 3,Yüksek,Yıllık,3.6,0.69,16.7,12.3,5.81,3,17,42.64,-0.65,0,0.28,0,3.6,1729.07,0,0.8,33,17
2026-OGR-0346,2026-03-22,11. Sınıf,Eşit Ağırlık,Tier 1 (Büyükşehir),Orta,Aylık,1.7,0.42,15.0,7.4,5.05,1,14,44.74,2.43,6,0.04,4,4.0,4495.88,1,2.5,56,7
2026-OGR-0347,2026-03-06,Mezun,Sayısal,Tier 1 (Büyükşehir),Düşük,Aylık,4.6,0.61,12.3,8.2,8.71,0,15,49.08,-0.88,1,15.02,0,4.0,2030.33,1,2.5,421,10
2026-OGR-0348,2025-03-15,11. Sınıf,Eşit Ağırlık,Tier 3,Orta,Aylık,1.9,0.67,14.7,5.2,20.17,2,11,34.55,-0.26,0,1.91,3,4.0,1703.19,0,1.3,505,8
2026-OGR-0349,2025-12-09,Mezun,Sayısal,Tier 1 (Büyükşehir),Orta,3 Aylık,2.5,0.86,14.5,11.3,10.05,3,11,74.17,0.64,0,9.77,5,3.8,2003.74,1,1.0,665,14
2026-OGR-0350,2025-07-30,11. Sınıf,Sayısal,Tier 2,,Aylık,13.4,0.8,12.5,11.7,7.12,1,12,53.06,-1.25,4,4.19,1,3.5,18196.86,0,2.4,490,6
2026-OGR-0351,2026-02-01,12. Sınıf,Eşit Ağırlık,Tier 1 (Büyükşehir),Orta,Aylık,4.2,0.35,15.0,4.9,22.8,5,8,65.98,-2.51,3,4.99,2,3.7,1772.69,1,2.2,22,7
2026-OGR-0352,2025-06-29,12. Sınıf,Eşit Ağırlık,Tier 1 (Büyükşehir),Orta,3 Aylık,9.4,0.61,12.0,5.4,3.42,1,10,53.57,-7.47,1,11.07,1,,4269.59,0,3.1,29,7
2026-OGR-0353,2025-11-25,12. Sınıf,Eşit Ağırlık,Tier 2,Düşük,3 Aylık,2.7,0.85,14.3,11.2,11.87,1,10,55.1,-2.34,0,2.84,1,3.8,5362.19,0,1.8,348,7
2026-OGR-0354,2026-03-21,12. Sınıf,Dil,Tier 1 (Büyükşehir),Orta,Aylık,5.4,0.61,12.7,6.6,10.45,0,10,53.34,-2.12,1,4.35,2,2.8,1714.02,0,3.5,628,13
2026-OGR-0355,2025-11-08,12. Sınıf,Sayısal,Tier 1 (Büyükşehir),Orta,Yıllık,1.1,0.66,8.8,,2.87,5,12,65.35,-4.23,2,5.76,2,3.7,4242.78,0,1.0,186,8
2026-OGR-0356,2026-03-16,11. Sınıf,Sayısal,Tier 1 (Büyükşehir),Orta,Aylık,9.7,0.65,20.4,17.4,16.47,3,10,47.28,5.07,2,2.38,1,4.0,14945.06,0,3.3,381,6
2026-OGR-0357,2026-03-09,Mezun,Sözel,Tier 2,Orta,Aylık,8.7,0.89,15.4,13.7,11.68,1,15,44.54,0.94,2,4.53,1,4.7,1857.55,0,2.0,558,13
2026-OGR-0358,2025-04-09,12. Sınıf,Eşit Ağırlık,Tier 2,Orta,Aylık,3.1,0.56,6.5,3.1,24.06,3,13,59.4,2.77,0,4.65,1,4.2,16740.72,0,3.8,673,4
2026-OGR-0359,2025-05-27,12. Sınıf,Sayısal,Tier 2,Yüksek,Aylık,8.5,0.78,17.7,17.2,11.65,2,7,57.58,0.96,3,1.0,2,4.4,1830.36,0,3.1,598,11
2026-OGR-0360,2026-06-05,12. Sınıf,Eşit Ağırlık,Tier 3,Orta,Aylık,1.2,0.58,16.8,9.9,10.4,3,9,63.4,-2.27,3,2.62,2,3.1,19303.62,1,2.0,652,11
2026-OGR-0361,2025-09-04,Mezun,Eşit Ağırlık,Tier 1 (Büyükşehir),Düşük,Aylık,1.9,0.54,14.2,8.5,4.29,2,13,67.8,-0.42,2,17.04,0,4.7,2008.43,1,5.5,478,7
2026-OGR-0362,2026-03-14,Mezun,Sayısal,Tier 1 (Büyükşehir),Düşük,Aylık,7.7,0.84,10.0,9.6,4.54,2,12,48.17,0.39,2,1.39,1,4.1,4462.27,0,1.1,201,11
2026-OGR-0363,2026-01-26,12. Sınıf,Sayısal,Tier 2,Orta,Aylık,8.2,0.53,12.9,5.2,17.24,1,12,28.68,-4.92,0,2.94,0,2.8,5207.98,0,2.2,351,8
2026-OGR-0364,2025-09-11,12. Sınıf,Eşit Ağırlık,Tier 1 (Büyükşehir),Orta,3 Aylık,1.4,0.56,17.0,9.9,12.89,4,9,66.12,-1.03,1,2.99,1,4.6,4675.28,0,3.0,260,4
2026-OGR-0365,2025-09-29,Mezun,Sayısal,Tier 1 (Büyükşehir),Orta,3 Aylık,5.7,0.82,13.4,11.5,4.24,1,11,71.83,4.12,1,2.87,1,3.1,1804.85,0,2.3,403,3
2026-OGR-0366,2026-06-04,Mezun,Sayısal,Tier 2,Orta,3 Aylık,5.1,0.54,10.6,5.1,6.92,0,13,78.24,0.98,0,1.94,1,,1756.98,0,2.8,637,11
2026-OGR-0367,2026-04-19,12. Sınıf,Sözel,Tier 1 (Büyükşehir),Orta,3 Aylık,4.2,0.68,10.2,7.2,7.41,2,13,36.56,-1.41,1,5.92,1,3.5,5090.2,0,3.6,577,9
2026-OGR-0368,2026-03-28,11. Sınıf,Dil,Tier 2,Yüksek,Aylık,10.9,0.76,12.1,9.0,10.01,1,16,33.97,-2.31,2,2.59,2,2.8,1560.45,0,2.8,647,9
2026-OGR-0369,2026-03-01,11. Sınıf,Sayısal,Tier 2,Orta,Aylık,7.1,0.68,3.1,,15.69,3,10,35.09,-0.13,3,2.01,2,2.9,16372.62,1,2.1,418,6
2026-OGR-0370,2025-10-30,12. Sınıf,Sayısal,Tier 1 (Büyükşehir),Düşük,Aylık,9.3,0.97,11.7,11.7,9.02,1,13,47.19,-1.04,4,0.65,2,2.3,1813.7,0,2.8,184,6
2026-OGR-0371,2025-10-21,12. Sınıf,Sayısal,Tier 1 (Büyükşehir),Orta,Aylık,7.3,0.56,13.8,6.2,20.82,2,7,57.67,-1.22,1,2.66,0,5.0,17930.03,0,0.2,397,8
2026-OGR-0372,2025-02-15,12. Sınıf,Sayısal,Tier 1 (Büyükşehir),Orta,3 Aylık,1.1,0.81,17.6,13.7,9.06,1,11,43.85,-3.33,4,2.15,0,4.4,17173.06,0,0.5,523,6
2026-OGR-0373,2025-04-02,11. Sınıf,Sayısal,Tier 2,Yüksek,Aylık,9.0,0.47,15.6,5.3,33.62,4,11,48.26,6.03,2,2.67,0,2.2,2062.27,1,2.1,643,9
2026-OGR-0374,2025-12-05,Mezun,Sayısal,Tier 1 (Büyükşehir),Orta,Yıllık,1.7,0.79,19.0,,27.23,6,12,82.88,-0.01,1,1.45,1,4.7,15675.67,1,3.6,579,5
2026-OGR-0375,2026-04-02,12. Sınıf,Sayısal,Tier 1 (Büyükşehir),Düşük,Aylık,2.5,0.71,14.1,8.3,2.34,1,8,70.9,-2.19,0,3.49,0,4.2,1693.31,0,3.6,180,4
2026-OGR-0376,2026-04-05,12. Sınıf,Eşit Ağırlık,Tier 1 (Büyükşehir),Orta,Aylık,7.3,0.77,16.6,16.9,18.94,1,8,56.26,6.74,2,4.32,0,4.1,4871.64,0,1.5,649,8
2026-OGR-0377,2026-04-29,12. Sınıf,Sözel,Tier 1 (Büyükşehir),Orta,Aylık,3.3,0.67,12.2,8.1,12.33,4,8,61.54,-0.96,2,0.07,1,3.0,1974.03,0,2.2,516,9
2026-OGR-0378,2026-03-14,11. Sınıf,Sayısal,Tier 1 (Büyükşehir),Orta,3 Aylık,4.2,0.99,10.7,11.2,16.36,2,10,41.98,1.32,3,0.67,2,3.0,1624.92,0,0.8,368,11
2026-OGR-0379,2026-01-23,12. Sınıf,Eşit Ağırlık,Tier 1 (Büyükşehir),Orta,Aylık,4.2,0.5,13.4,,28.3,0,8,45.6,-1.65,0,4.16,3,3.9,14985.09,0,2.6,397,9
2026-OGR-0380,2026-01-02,11. Sınıf,Sayısal,Tier 2,Yüksek,Aylık,4.9,0.9,16.5,15.0,7.0,4,9,42.78,0.13,1,4.13,1,3.8,1763.19,0,3.1,343,9
2026-OGR-0381,2025-02-23,12. Sınıf,Sözel,Tier 2,Orta,Aylık,1.9,0.42,11.6,4.1,13.42,2,14,,4.59,2,2.0,1,2.5,16958.86,0,5.5,138,10
2026-OGR-0382,2026-03-25,12. Sınıf,Eşit Ağırlık,Tier 2,Düşük,Aylık,6.6,0.43,9.4,4.3,13.12,3,12,54.07,0.06,0,1.89,0,3.6,4662.98,0,0.9,17,12
2026-OGR-0383,2025-10-29,11. Sınıf,Eşit Ağırlık,Tier 2,Orta,Aylık,4.9,0.86,18.1,18.0,17.31,1,15,34.68,-0.81,1,3.73,0,3.1,1793.44,1,1.8,208,13
2026-OGR-0384,2026-01-23,12. Sınıf,Sayısal,Tier 1 (Büyükşehir),Orta,Yıllık,16.7,0.76,13.2,9.1,7.04,1,12,49.01,-0.16,4,3.77,0,4.5,5430.37,0,3.3,689,9
2026-OGR-0385,2025-11-28,11. Sınıf,Sayısal,Tier 2,Yüksek,Yıllık,6.9,0.67,13.9,9.0,38.27,0,12,45.89,0.88,2,0.88,0,3.1,4677.02,0,3.2,221,6
2026-OGR-0386,2025-04-13,12. Sınıf,Eşit Ağırlık,Tier 1 (Büyükşehir),Düşük,Aylık,6.6,0.92,22.5,16.3,11.64,4,12,68.72,3.26,0,4.41,0,3.6,1989.27,0,6.5,477,11
2026-OGR-0387,2025-01-28,12. Sınıf,Dil,Tier 1 (Büyükşehir),Orta,Aylık,8.4,0.85,14.7,9.2,20.56,1,8,65.33,1.85,1,4.72,1,4.0,1942.63,0,2.8,184,7
2026-OGR-0388,2025-08-20,11. Sınıf,Eşit Ağırlık,Tier 1 (Büyükşehir),,Yıllık,10.2,0.29,14.9,4.7,3.5,1,12,67.25,-2.96,1,7.99,0,,15472.98,1,1.7,186,8
2026-OGR-0389,2025-12-11,12. Sınıf,Sayısal,Tier 3,Orta,3 Aylık,4.0,0.93,14.0,14.3,6.15,1,10,59.66,5.16,0,2.7,2,,1768.0,0,3.4,521,6
2026-OGR-0390,2026-05-11,12. Sınıf,Sayısal,Tier 1 (Büyükşehir),Orta,3 Aylık,6.9,0.31,16.9,5.8,2.42,2,17,51.08,-1.11,2,2.67,1,4.4,1640.77,1,1.6,255,6
2026-OGR-0391,2025-03-18,Mezun,Eşit Ağırlık,Tier 1 (Büyükşehir),Düşük,Aylık,0.7,0.88,15.3,20.0,13.78,1,12,29.12,1.96,2,1.05,1,2.9,1574.01,0,3.0,139,7
2026-OGR-0392,2025-02-22,12. Sınıf,Eşit Ağırlık,Tier 2,Yüksek,3 Aylık,3.9,0.88,12.0,8.3,6.97,2,13,54.98,-3.93,1,4.88,1,3.9,1569.33,0,3.3,160,7
2026-OGR-0393,2025-09-10,Mezun,Sayısal,Tier 1 (Büyükşehir),Orta,3 Aylık,11.0,0.78,14.3,12.2,4.36,1,8,61.58,-4.84,1,1.87,2,4.5,1764.71,0,1.5,518,10
2026-OGR-0394,2025-12-02,11. Sınıf,Sayısal,Tier 1 (Büyükşehir),Yüksek,3 Aylık,0.7,0.8,17.2,18.9,7.48,1,12,,-1.57,1,0.69,3,2.7,1752.09,0,3.5,270,9
2026-OGR-0395,2025-10-23,11. Sınıf,Eşit Ağırlık,Tier 1 (Büyükşehir),Orta,Aylık,17.0,0.55,8.6,3.3,3.11,2,13,44.61,-1.43,1,2.34,1,4.2,2104.98,0,0.9,490,8
2026-OGR-0396,2025-04-19,11. Sınıf,Sözel,Tier 3,Düşük,Aylık,6.4,0.88,12.5,8.9,16.27,2,11,47.59,-1.57,1,8.75,0,,14055.99,0,1.8,141,11
2026-OGR-0397,2026-01-20,12. Sınıf,Dil,Tier 1 (Büyükşehir),Yüksek,3 Aylık,8.0,0.73,16.8,9.7,18.52,4,4,44.85,1.19,0,0.38,1,,1706.97,0,2.9,600,11
2026-OGR-0398,2025-08-05,Mezun,Eşit Ağırlık,Tier 3,Orta,Aylık,2.0,0.64,12.1,7.6,23.78,2,10,35.35,4.55,2,13.19,1,3.3,1825.93,1,6.3,23,13
2026-OGR-0399,2025-11-27,Mezun,Dil,Tier 2,,Yıllık,9.9,0.79,12.2,10.7,18.83,3,9,38.72,-3.0,1,9.54,1,4.7,1902.78,0,5.0,326,3
2026-OGR-0400,2026-03-14,Mezun,Sayısal,Tier 1 (Büyükşehir),Yüksek,3 Aylık,3.5,0.83,12.5,10.7,22.41,1,15,47.57,-3.18,1,0.55,1,4.8,1632.48,0,5.2,552,13
2026-OGR-0401,2025-01-20,12. Sınıf,Sayısal,Tier 1 (Büyükşehir),Orta,Aylık,8.7,0.65,14.5,8.3,14.97,1,8,55.81,0.6,2,1.89,1,3.3,1983.87,1,0.9,558,9
2026-OGR-0402,2025-06-27,12. Sınıf,Sayısal,Tier 1 (Büyükşehir),Orta,3 Aylık,9.2,0.88,15.6,14.3,11.55,4,17,84.36,-0.26,0,2.64,2,3.5,4933.56,0,3.4,590,8
2026-OGR-0403,2025-10-17,12. Sınıf,Sayısal,Tier 3,Orta,Aylık,13.1,0.42,13.5,6.1,16.51,3,12,43.18,-1.28,1,3.72,2,4.2,1693.55,0,3.7,149,4
2026-OGR-0404,2025-09-07,Mezun,Dil,Tier 3,Orta,Aylık,2.1,0.74,12.9,9.2,17.09,1,13,46.32,0.23,1,2.47,2,3.1,5305.69,0,2.1,385,12
2026-OGR-0405,2025-11-29,Mezun,Sayısal,Tier 1 (Büyükşehir),Düşük,Yıllık,6.4,0.79,10.7,6.8,1.73,2,10,51.86,3.78,0,10.21,1,3.6,2215.17,0,2.0,460,11
2026-OGR-0406,2025-02-19,12. Sınıf,Dil,Tier 1 (Büyükşehir),Orta,Aylık,5.3,0.44,9.0,3.2,3.6,1,12,53.94,1.4,0,3.66,0,4.2,4572.34,0,4.9,44,8
2026-OGR-0407,2025-02-24,11. Sınıf,Sayısal,Tier 3,Orta,Aylık,9.7,0.75,8.9,5.7,1.88,0,10,63.36,0.95,3,8.1,1,4.1,5153.4,0,1.1,313,8
2026-OGR-0408,2025-05-04,12. Sınıf,Eşit Ağırlık,Tier 1 (Büyükşehir),Orta,3 Aylık,0.5,0.69,5.4,4.3,5.27,2,7,56.29,-0.56,2,5.58,0,4.0,4794.29,0,2.0,336,5
2026-OGR-0409,2025-11-01,11. Sınıf,Sayısal,Tier 1 (Büyükşehir),Orta,3 Aylık,7.2,0.86,16.9,17.6,7.95,0,5,34.8,-0.89,3,3.55,2,3.0,1678.79,0,4.4,472,8
2026-OGR-0410,2026-02-18,11. Sınıf,Sayısal,Tier 1 (Büyükşehir),Düşük,Yıllık,3.4,0.87,15.3,14.7,19.87,2,10,,-4.11,1,3.22,3,,1846.37,0,6.6,236,14
2026-OGR-0411,2025-05-20,11. Sınıf,Dil,Tier 2,Düşük,Aylık,4.5,0.94,14.3,14.6,32.82,3,12,71.79,-5.44,1,1.49,5,4.3,4072.95,0,4.0,333,6
2026-OGR-0412,2026-03-03,12. Sınıf,Eşit Ağırlık,Tier 2,Düşük,Aylık,3.4,0.52,13.4,,4.15,2,14,45.85,-1.07,2,11.65,2,4.5,17844.41,1,4.6,203,6
2026-OGR-0413,2025-12-26,11. Sınıf,Sözel,Tier 1 (Büyükşehir),Orta,Aylık,7.8,0.78,9.8,8.5,13.59,5,18,67.46,-1.58,2,0.16,2,1.9,1569.18,1,1.8,278,8
2026-OGR-0414,2025-10-28,Mezun,Sözel,Tier 1 (Büyükşehir),Orta,3 Aylık,9.1,0.76,22.4,13.3,19.29,0,17,27.86,-0.58,0,8.15,1,2.7,14223.03,1,4.4,450,9
2026-OGR-0415,2025-08-26,11. Sınıf,Sayısal,Tier 1 (Büyükşehir),Düşük,3 Aylık,4.1,0.74,19.8,15.7,18.96,1,10,35.74,-0.11,0,2.73,2,,1989.17,1,2.3,299,5
2026-OGR-0416,2025-03-20,11. Sınıf,Sayısal,Tier 1 (Büyükşehir),Yüksek,Yıllık,1.7,0.55,12.8,7.2,14.17,2,6,,-2.49,3,6.9,1,2.8,1715.07,0,1.0,113,11
2026-OGR-0417,2026-06-27,11. Sınıf,Sayısal,Tier 2,Orta,Aylık,4.6,0.7,13.1,,14.3,1,10,34.38,-1.85,2,4.78,1,3.2,1855.92,0,4.7,421,3
2026-OGR-0418,2025-01-31,Mezun,Sayısal,Tier 2,Orta,Aylık,8.2,0.61,16.3,7.3,6.66,2,5,49.02,8.18,2,2.36,4,,1715.45,0,0.8,171,13
2026-OGR-0419,2026-03-22,12. Sınıf,Sayısal,Tier 1 (Büyükşehir),Orta,Yıllık,3.1,0.75,15.7,10.6,7.46,2,14,80.0,2.15,3,1.31,0,,16251.3,0,1.2,41,6
2026-OGR-0420,2025-07-21,11. Sınıf,Eşit Ağırlık,Tier 1 (Büyükşehir),Yüksek,3 Aylık,4.2,0.85,11.2,10.8,11.97,5,14,37.39,-1.67,0,0.57,0,4.4,1632.01,0,0.5,57,7
2026-OGR-0421,2025-12-19,Mezun,Sözel,Tier 2,Orta,3 Aylık,3.0,0.92,8.2,8.6,11.71,1,15,61.79,2.71,0,1.24,1,4.4,1755.09,0,0.6,110,10
2026-OGR-0422,2025-03-17,11. Sınıf,Sayısal,Tier 3,Orta,Yıllık,1.8,0.62,11.3,8.0,69.0,3,10,61.14,-2.65,1,0.37,1,3.4,20004.34,1,1.6,571,10
2026-OGR-0423,2025-10-12,Mezun,Sözel,Tier 1 (Büyükşehir),Orta,Aylık,0.9,0.57,12.1,7.0,7.84,1,8,68.07,6.6,3,0.62,1,4.6,15154.96,0,0.8,29,9
2026-OGR-0424,2025-02-28,Mezun,Sözel,Tier 3,Yüksek,Aylık,10.1,0.65,10.1,6.7,4.31,0,14,47.4,2.45,0,2.86,0,,1958.49,0,2.3,329,7
2026-OGR-0425,2025-08-02,12. Sınıf,Sayısal,Tier 3,Orta,3 Aylık,4.1,0.86,8.6,8.2,5.01,6,14,34.29,-3.02,0,2.69,0,3.1,4265.24,1,1.4,263,7
2026-OGR-0426,2026-02-02,Mezun,Sayısal,Tier 2,Yüksek,Aylık,2.0,0.93,12.5,,49.22,3,6,61.87,-0.48,0,2.81,2,5.0,16174.15,0,4.7,137,6
2026-OGR-0427,2026-03-10,11. Sınıf,Sayısal,Tier 1 (Büyükşehir),Düşük,Aylık,11.6,0.48,13.3,6.4,15.48,1,16,72.76,2.3,0,4.49,1,3.7,1954.76,0,1.3,503,19
2026-OGR-0428,2026-04-16,12. Sınıf,Eşit Ağırlık,Tier 1 (Büyükşehir),Yüksek,Aylık,2.7,0.57,12.1,8.0,9.07,2,14,39.99,3.77,0,3.4,1,2.7,1861.66,0,1.8,615,8
2026-OGR-0429,2025-06-13,11. Sınıf,Sayısal,Tier 2,Orta,Yıllık,1.5,0.74,20.4,17.9,12.36,0,14,48.48,-1.93,2,9.37,0,3.0,1700.8,0,3.3,420,7
2026-OGR-0430,2025-08-13,11. Sınıf,Sözel,Tier 1 (Büyükşehir),Orta,Yıllık,6.5,0.96,11.6,11.6,5.39,3,12,56.69,0.25,1,0.39,1,3.2,2092.42,0,2.7,40,10
2026-OGR-0431,2025-12-13,11. Sınıf,Eşit Ağırlık,Tier 2,,Aylık,12.5,0.58,12.3,9.3,5.86,1,15,45.53,4.46,1,4.77,1,4.9,1944.68,0,3.5,365,8
2026-OGR-0432,2025-09-05,Mezun,Sayısal,Tier 1 (Büyükşehir),Düşük,Aylık,10.2,0.63,13.0,10.7,18.71,1,10,55.88,-1.08,2,7.31,0,3.7,1918.05,1,4.2,573,9
2026-OGR-0433,2026-05-15,Mezun,Eşit Ağırlık,Tier 1 (Büyükşehir),Orta,3 Aylık,5.9,0.72,14.2,11.9,5.86,0,15,63.01,2.21,1,1.94,2,3.9,1579.2,0,4.6,367,5
2026-OGR-0434,2025-09-09,12. Sınıf,Eşit Ağırlık,Tier 3,Yüksek,Aylık,7.3,0.61,15.5,11.8,35.82,1,10,37.92,-1.34,0,1.62,0,3.9,1708.45,1,1.7,469,6
2026-OGR-0435,2026-01-17,11. Sınıf,Sayısal,Tier 3,Orta,Aylık,1.3,0.88,16.2,14.3,28.3,3,12,59.41,3.34,1,4.52,3,4.0,4524.85,0,3.1,28,15
2026-OGR-0436,2025-07-28,12. Sınıf,Sayısal,Tier 2,Düşük,Aylık,1.8,0.75,11.7,10.1,4.31,1,12,38.06,0.68,0,4.5,1,2.7,1922.4,0,2.2,331,4
2026-OGR-0437,2025-10-16,Mezun,Sayısal,Tier 3,Yüksek,Yıllık,2.3,0.9,13.6,12.6,11.02,2,9,47.98,-3.5,1,0.13,0,4.1,1799.98,0,0.5,351,12
2026-OGR-0438,2025-11-04,12. Sınıf,Sayısal,Tier 1 (Büyükşehir),Düşük,3 Aylık,8.1,0.87,13.6,16.2,4.04,2,16,67.64,-0.03,1,2.77,0,3.0,5845.48,0,1.7,562,10
2026-OGR-0439,2025-12-29,Mezun,Sayısal,Tier 2,Düşük,Yıllık,4.0,0.46,8.3,3.5,33.21,0,15,,0.9,2,0.44,1,3.5,1750.46,1,0.5,383,9
2026-OGR-0440,2025-04-29,12. Sınıf,Eşit Ağırlık,Tier 3,Orta,Aylık,7.7,0.76,11.2,6.3,5.95,3,10,46.21,4.13,3,2.87,1,3.8,4836.95,0,3.0,655,14
2026-OGR-0441,2025-12-11,12. Sınıf,Dil,Tier 1 (Büyükşehir),Orta,Aylık,5.8,0.73,11.3,6.4,9.45,3,7,57.1,0.55,1,2.42,1,3.0,19281.05,0,0.6,560,10
2026-OGR-0442,2026-04-07,11. Sınıf,Eşit Ağırlık,Tier 1 (Büyükşehir),Yüksek,Aylık,4.9,0.74,16.8,13.2,10.66,2,10,31.08,-1.2,1,3.9,1,4.5,1706.13,0,1.0,576,8
2026-OGR-0443,2026-06-16,11. Sınıf,Eşit Ağırlık,Tier 1 (Büyükşehir),Yüksek,3 Aylık,4.8,0.91,13.5,14.4,14.64,3,9,40.9,2.59,0,10.27,3,3.6,15790.72,0,0.6,330,7
2026-OGR-0444,2026-05-20,12. Sınıf,Dil,Tier 3,Orta,Aylık,1.4,0.62,11.0,7.1,12.56,3,16,53.66,-0.79,1,1.59,3,2.3,4231.52,0,1.2,192,12
2026-OGR-0445,2026-04-15,12. Sınıf,Eşit Ağırlık,Tier 2,Düşük,Aylık,4.6,0.65,9.9,6.2,13.14,1,16,49.45,-3.22,1,2.34,2,4.7,17609.42,0,1.8,208,6
2026-OGR-0446,2025-04-13,11. Sınıf,Sayısal,Tier 1 (Büyükşehir),Yüksek,Aylık,4.9,0.62,15.9,9.0,20.5,1,6,64.88,2.93,5,9.29,3,,18245.98,0,1.8,415,5
2026-OGR-0447,2025-08-24,11. Sınıf,Eşit Ağırlık,Tier 3,Orta,3 Aylık,9.2,0.83,19.7,17.2,29.33,2,6,60.49,2.21,0,1.36,2,5.0,17238.06,0,0.5,407,12
2026-OGR-0448,2026-01-21,12. Sınıf,Sayısal,Tier 3,Düşük,3 Aylık,2.8,0.4,7.7,3.0,15.8,0,15,31.85,3.52,2,2.78,0,3.9,2228.42,1,0.9,283,8
2026-OGR-0449,2026-01-28,12. Sınıf,Sayısal,Tier 2,Düşük,Yıllık,3.0,0.56,12.6,6.3,21.19,3,12,40.33,-4.46,2,2.82,3,3.4,5144.98,1,2.2,302,7
2026-OGR-0450,2025-12-02,12. Sınıf,Sayısal,Tier 1 (Büyükşehir),Yüksek,Yıllık,2.4,0.78,12.4,9.2,23.83,3,12,48.42,-2.11,3,7.25,1,3.7,14617.02,1,2.3,157,11
2026-OGR-0451,2025-08-19,12. Sınıf,Eşit Ağırlık,Tier 1 (Büyükşehir),Düşük,Yıllık,12.0,0.95,11.5,13.8,9.49,1,15,44.17,-1.54,0,3.89,0,,5175.87,0,1.3,275,10
2026-OGR-0452,2025-08-26,11. Sınıf,Eşit Ağırlık,Tier 1 (Büyükşehir),Yüksek,Aylık,1.9,0.66,15.7,10.8,27.51,1,11,,1.08,2,1.08,1,3.6,1883.36,0,1.1,254,9
2026-OGR-0453,2025-08-05,11. Sınıf,Sözel,Tier 1 (Büyükşehir),Orta,Aylık,3.7,0.95,16.1,12.4,5.22,1,11,47.06,-1.1,0,3.59,2,3.5,1834.79,0,0.8,59,11
2026-OGR-0454,2025-12-12,11. Sınıf,Eşit Ağırlık,Tier 1 (Büyükşehir),Yüksek,3 Aylık,3.2,0.73,16.1,9.7,12.62,1,8,42.57,-2.32,1,4.97,1,4.1,4691.32,0,1.8,311,12
2026-OGR-0455,2025-06-05,Mezun,Sayısal,Tier 2,Orta,3 Aylık,4.1,0.56,13.1,5.7,10.33,5,15,55.7,0.87,0,2.05,1,4.0,5243.32,0,4.8,503,4
2026-OGR-0456,2025-05-23,11. Sınıf,Eşit Ağırlık,Tier 2,Düşük,3 Aylık,2.0,0.93,14.4,12.1,26.66,0,6,17.25,-2.16,0,3.82,0,2.5,1948.26,0,3.6,355,15
2026-OGR-0457,2025-03-24,12. Sınıf,Sayısal,Tier 3,Yüksek,Yıllık,5.9,0.44,16.2,7.7,10.15,1,12,45.03,1.85,1,2.84,0,,17107.8,0,0.7,657,8
2026-OGR-0458,2026-02-25,12. Sınıf,Sayısal,Tier 1 (Büyükşehir),Düşük,Aylık,1.8,0.82,13.8,10.3,7.48,5,10,76.74,2.02,1,1.16,1,4.2,3639.78,0,1.9,539,8
2026-OGR-0459,2026-06-27,11. Sınıf,Eşit Ağırlık,Tier 1 (Büyükşehir),Düşük,Yıllık,4.0,0.6,11.2,,18.03,2,10,29.25,0.45,1,2.97,0,3.3,1890.47,1,4.0,21,12
2026-OGR-0460,2026-01-09,12. Sınıf,Eşit Ağırlık,Tier 2,Düşük,Aylık,3.1,0.9,11.9,,2.07,1,14,74.23,1.0,0,6.86,3,3.6,5954.4,0,2.2,588,7
2026-OGR-0461,2025-03-29,Mezun,Sayısal,Tier 1 (Büyükşehir),Orta,Yıllık,5.3,0.66,13.9,9.4,33.21,2,9,47.33,-6.9,0,5.28,0,4.6,5466.89,1,4.0,607,15
2026-OGR-0462,2025-05-25,11. Sınıf,Sayısal,Tier 1 (Büyükşehir),Yüksek,Aylık,3.7,0.83,16.4,15.1,27.9,3,11,59.48,0.4,0,4.11,2,2.5,2078.02,0,0.9,203,6
2026-OGR-0463,2025-10-01,12. Sınıf,Eşit Ağırlık,Tier 1 (Büyükşehir),Orta,3 Aylık,16.2,0.64,19.3,8.8,16.81,3,8,55.49,-0.4,2,0.69,0,4.1,16087.43,0,7.0,559,6
2026-OGR-0464,2025-05-04,12. Sınıf,Sözel,Tier 3,Yüksek,Aylık,2.8,0.85,12.1,11.7,14.93,1,10,54.93,3.76,0,1.54,2,3.4,1781.28,1,0.1,367,9
2026-OGR-0465,2026-06-26,Mezun,Sözel,Tier 2,Orta,3 Aylık,9.2,0.88,16.6,21.6,8.68,4,9,53.13,0.72,0,0.22,1,,1397.76,0,1.2,554,10
2026-OGR-0466,2026-02-26,11. Sınıf,Eşit Ağırlık,Tier 1 (Büyükşehir),Düşük,Aylık,3.4,0.56,13.0,8.3,14.73,1,16,51.21,-4.31,1,7.42,2,,5093.71,1,3.1,675,12
2026-OGR-0467,2026-04-12,11. Sınıf,Sözel,Tier 3,Orta,Aylık,3.8,0.81,24.3,15.5,1.59,0,17,66.53,0.82,1,1.55,1,2.5,16917.2,0,2.8,429,9
2026-OGR-0468,2025-05-12,12. Sınıf,Eşit Ağırlık,Tier 1 (Büyükşehir),Yüksek,Yıllık,7.8,0.69,11.7,7.7,14.66,5,11,,-0.1,1,5.3,1,3.6,4186.69,0,2.0,455,12
2026-OGR-0469,2025-04-20,Mezun,Sayısal,Tier 2,Orta,Yıllık,4.4,0.77,18.5,17.8,5.76,2,11,62.21,-2.17,2,1.17,1,3.6,1881.91,0,2.8,80,9
2026-OGR-0470,2025-08-20,12. Sınıf,Sayısal,Tier 1 (Büyükşehir),Orta,Aylık,3.9,0.42,7.1,3.4,37.37,5,9,59.33,3.08,1,2.47,0,2.7,1636.16,1,6.2,318,8
2026-OGR-0471,2026-02-01,12. Sınıf,Sözel,Tier 1 (Büyükşehir),Orta,Yıllık,3.5,0.86,20.1,15.7,4.26,0,10,40.91,-0.78,0,12.76,1,4.7,5573.03,0,1.6,94,14
2026-OGR-0472,2026-02-28,11. Sınıf,Eşit Ağırlık,Tier 1 (Büyükşehir),Düşük,Yıllık,0.3,0.53,20.6,8.7,0.75,3,12,32.23,-3.74,1,3.23,0,3.6,4109.87,0,1.0,404,5
2026-OGR-0473,2025-07-24,Mezun,Sayısal,Tier 1 (Büyükşehir),Orta,3 Aylık,9.4,0.66,8.4,6.0,24.52,1,14,30.21,-1.82,2,7.55,3,5.0,1663.54,1,0.8,183,5
2026-OGR-0474,2025-12-15,11. Sınıf,Eşit Ağırlık,Tier 3,Orta,Aylık,1.7,0.77,18.0,18.1,8.93,2,8,64.05,2.22,0,0.55,2,5.0,1778.97,0,2.3,400,6
2026-OGR-0475,2025-08-18,12. Sınıf,Sözel,Tier 1 (Büyükşehir),Düşük,3 Aylık,10.0,0.81,13.5,10.2,23.49,3,14,46.94,-1.5,1,2.08,0,3.1,4909.85,0,6.1,30,6
2026-OGR-0476,2026-02-09,Mezun,Sayısal,Tier 2,Düşük,Aylık,3.2,0.54,7.6,4.5,26.56,1,7,80.14,-9.22,3,4.12,2,4.9,18433.34,1,1.5,495,13
2026-OGR-0477,2025-02-17,11. Sınıf,Eşit Ağırlık,Tier 1 (Büyükşehir),Orta,Yıllık,1.9,0.85,14.9,11.4,9.01,5,16,77.47,-4.7,0,6.42,1,,5360.92,0,6.5,98,6
2026-OGR-0478,2025-10-06,12. Sınıf,Sayısal,Tier 1 (Büyükşehir),Yüksek,3 Aylık,3.2,0.63,14.1,8.9,20.75,2,16,46.92,2.67,2,1.99,3,2.8,5251.11,0,2.1,41,9
2026-OGR-0479,2025-06-20,12. Sınıf,Eşit Ağırlık,Tier 3,Yüksek,Aylık,3.5,0.72,16.4,12.7,10.89,1,9,72.48,-0.22,2,4.42,0,4.1,4325.81,0,1.3,122,12
2026-OGR-0480,2025-03-30,12. Sınıf,Dil,Tier 1 (Büyükşehir),Orta,Aylık,3.9,0.89,4.6,3.3,1.08,2,7,77.22,0.26,1,0.15,0,3.7,4436.93,0,2.8,541,5
2026-OGR-0481,2025-02-14,Mezun,Eşit Ağırlık,Tier 1 (Büyükşehir),Yüksek,Yıllık,3.6,0.41,6.1,2.7,2.06,4,20,45.44,1.06,2,6.32,2,4.3,15100.35,1,3.1,256,10
2026-OGR-0482,2026-04-16,12. Sınıf,Eşit Ağırlık,Tier 1 (Büyükşehir),Yüksek,Aylık,9.0,0.78,13.7,12.2,7.71,2,12,70.14,-5.29,2,1.48,2,3.2,1740.7,0,3.1,457,4
2026-OGR-0483,2025-04-15,Mezun,Eşit Ağırlık,Tier 2,Yüksek,3 Aylık,8.1,0.78,10.3,9.7,19.83,2,10,39.18,3.05,3,4.49,1,3.3,4514.39,0,1.4,523,13
2026-OGR-0484,2025-05-12,11. Sınıf,Sayısal,Tier 1 (Büyükşehir),Orta,Yıllık,4.5,0.39,12.8,3.3,5.92,2,10,43.62,3.21,0,2.39,1,3.7,4777.68,0,1.7,36,5
2026-OGR-0485,2026-03-30,11. Sınıf,Sayısal,Tier 2,Orta,3 Aylık,4.8,0.94,14.1,15.6,5.28,2,9,43.85,-0.07,0,2.21,1,,4628.94,0,3.7,164,13
2026-OGR-0486,2026-04-30,11. Sınıf,Eşit Ağırlık,Tier 1 (Büyükşehir),Orta,3 Aylık,8.8,0.78,17.3,13.4,15.88,2,11,24.24,-1.85,0,8.75,1,3.6,1915.71,0,4.1,531,7
2026-OGR-0487,2025-12-09,Mezun,Eşit Ağırlık,Tier 3,Orta,Aylık,8.6,0.87,15.7,15.2,3.4,3,11,66.65,0.94,1,6.54,1,4.7,4687.49,0,1.5,110,6
2026-OGR-0488,2025-04-27,Mezun,Eşit Ağırlık,Tier 1 (Büyükşehir),Yüksek,Aylık,5.5,0.78,18.5,12.6,5.52,6,6,47.17,0.29,3,1.52,5,,2101.89,0,1.0,385,9
2026-OGR-0489,2026-04-29,12. Sınıf,Eşit Ağırlık,Tier 2,Düşük,3 Aylık,2.0,0.79,17.6,14.1,20.2,5,9,34.79,0.62,1,1.35,0,4.7,16040.93,0,2.9,404,13
2026-OGR-0490,2025-12-06,12. Sınıf,Eşit Ağırlık,Tier 1 (Büyükşehir),Düşük,Aylık,1.4,0.56,13.5,6.6,9.28,2,14,35.64,1.24,0,7.86,1,3.6,4600.62,0,3.1,335,16
2026-OGR-0491,2025-10-09,11. Sınıf,Sayısal,Tier 2,Orta,3 Aylık,14.7,0.86,13.7,,1.47,2,12,40.4,-0.84,2,2.78,1,4.4,18075.7,0,2.8,128,10
2026-OGR-0492,2026-03-03,Mezun,Dil,Tier 1 (Büyükşehir),Yüksek,Aylık,3.3,0.81,11.1,,56.48,4,13,70.71,1.51,0,5.25,0,4.0,2170.66,1,2.6,339,5
2026-OGR-0493,2025-04-24,11. Sınıf,Sözel,Tier 1 (Büyükşehir),Orta,Aylık,4.1,0.68,13.5,10.2,18.62,0,9,63.21,0.94,1,1.43,1,,1920.91,0,1.8,147,9
2026-OGR-0494,2025-10-08,12. Sınıf,Eşit Ağırlık,Tier 1 (Büyükşehir),Orta,Yıllık,5.9,0.88,14.8,10.5,23.61,1,10,81.03,-2.73,4,1.7,0,4.6,2046.95,0,2.5,6,13
2026-OGR-0495,2026-02-11,12. Sınıf,Eşit Ağırlık,Tier 2,,Aylık,8.0,0.71,14.3,7.3,9.46,1,8,38.05,-0.9,1,3.83,2,3.1,5105.44,0,4.1,609,9
2026-OGR-0496,2025-07-22,Mezun,Dil,Tier 1 (Büyükşehir),Yüksek,Aylık,0.5,0.77,16.1,14.7,48.3,2,11,65.17,3.15,1,2.93,1,3.7,5323.86,0,2.5,568,9
2026-OGR-0497,2026-01-15,11. Sınıf,Sayısal,Tier 2,Orta,Aylık,11.0,0.73,14.0,9.4,6.95,4,9,54.7,-3.01,2,5.31,5,,19212.07,0,4.9,370,8
2026-OGR-0498,2025-04-30,11. Sınıf,Eşit Ağırlık,Tier 2,Düşük,Yıllık,2.7,0.8,17.3,15.9,32.15,3,11,58.34,1.98,1,6.7,0,2.9,14492.6,1,5.2,326,12
2026-OGR-0499,2025-11-28,12. Sınıf,Eşit Ağırlık,Tier 2,Yüksek,Aylık,5.0,0.62,13.0,9.0,5.86,3,9,62.64,-1.04,2,1.07,1,3.5,16328.62,1,4.3,463,9
2026-OGR-0500,2025-02-15,12. Sınıf,Sayısal,Tier 2,Orta,3 Aylık,2.6,0.65,16.3,6.1,1.9,6,10,28.9,2.84,2,4.71,1,3.4,4615.81,0,3.3,56,7
2026-OGR-0501,2026-03-30,12. Sınıf,Eşit Ağırlık,Tier 1 (Büyükşehir),Düşük,3 Aylık,0.6,0.62,17.0,8.8,4.16,2,15,28.2,-2.16,1,0.01,1,4.0,1854.88,0,3.2,53,6
2026-OGR-0502,2025-05-16,Mezun,Sayısal,Tier 3,Orta,Aylık,2.9,0.91,13.6,14.3,16.08,2,14,44.18,-2.69,2,21.1,2,5.0,4447.43,0,2.3,45,6
2026-OGR-0503,2025-09-24,Mezun,Sayısal,Tier 1 (Büyükşehir),Orta,Aylık,15.8,0.9,12.7,7.0,20.37,0,15,58.94,-0.92,1,2.76,2,4.6,4855.72,0,4.5,187,7
2026-OGR-0504,2026-02-10,12. Sınıf,Sayısal,Tier 2,Yüksek,Yıllık,3.4,0.57,13.0,5.1,1.48,2,20,51.95,2.84,1,1.03,0,3.9,1976.91,0,1.6,84,10
2026-OGR-0505,2025-05-21,12. Sınıf,Eşit Ağırlık,Tier 2,Düşük,Yıllık,2.4,0.71,5.8,4.4,9.9,1,10,41.48,-1.1,1,2.25,0,4.1,4829.27,0,1.2,377,11
2026-OGR-0506,2025-07-18,12. Sınıf,Sayısal,Tier 3,Düşük,3 Aylık,2.5,0.62,6.0,3.4,2.93,1,11,78.02,-1.21,0,1.11,3,3.5,1527.75,0,2.2,553,9
2026-OGR-0507,2025-01-13,11. Sınıf,Sayısal,Tier 1 (Büyükşehir),Yüksek,Aylık,1.8,0.78,14.2,10.1,13.67,2,7,47.23,-2.91,1,7.19,0,5.0,4901.58,0,5.0,8,13
2026-OGR-0508,2026-01-04,12. Sınıf,Eşit Ağırlık,Tier 1 (Büyükşehir),Orta,Yıllık,3.6,0.53,7.9,3.5,15.17,0,8,65.39,-4.14,0,5.67,0,4.0,1665.23,1,2.4,154,8
2026-OGR-0509,2025-03-16,Mezun,Eşit Ağırlık,Tier 1 (Büyükşehir),Yüksek,3 Aylık,6.8,0.51,15.0,9.8,10.89,0,19,45.63,3.18,2,1.59,1,,5424.03,0,7.7,345,7
2026-OGR-0510,2025-08-23,Mezun,Sayısal,Tier 3,Yüksek,Aylık,10.3,0.86,9.9,6.4,5.85,3,15,38.81,1.8,1,7.54,1,3.1,18447.69,0,3.2,315,14
2026-OGR-0511,2025-11-14,Mezun,Sayısal,Tier 3,Orta,3 Aylık,2.9,0.85,8.4,9.2,6.86,2,15,52.41,-0.92,3,1.91,0,5.0,15902.44,0,1.5,288,9
2026-OGR-0512,2026-01-10,11. Sınıf,Eşit Ağırlık,Tier 2,Yüksek,3 Aylık,4.0,0.65,13.2,8.1,13.06,1,9,52.53,-6.43,3,10.95,1,2.9,4666.38,1,2.3,531,8
2026-OGR-0513,2025-04-10,11. Sınıf,Sözel,Tier 1 (Büyükşehir),Orta,Yıllık,4.3,0.4,8.8,3.4,1.81,0,9,60.57,-3.75,2,11.33,1,,1945.14,1,2.5,590,6
2026-OGR-0514,2025-03-12,Mezun,Sayısal,Tier 1 (Büyükşehir),Düşük,Yıllık,2.1,0.74,16.4,12.7,26.04,0,12,62.92,-0.19,1,1.31,4,3.9,4862.3,0,3.2,539,11
2026-OGR-0515,2026-01-13,12. Sınıf,Sayısal,Tier 1 (Büyükşehir),Yüksek,3 Aylık,6.6,0.97,12.4,12.2,8.98,4,9,29.0,7.22,2,11.44,1,,1949.07,0,5.1,50,10
2026-OGR-0516,2026-06-20,11. Sınıf,Sayısal,Tier 1 (Büyükşehir),Düşük,3 Aylık,3.6,0.85,12.5,11.9,10.17,3,9,72.92,0.06,0,16.52,1,3.1,15963.04,0,3.9,399,5
2026-OGR-0517,2025-02-13,12. Sınıf,Eşit Ağırlık,Tier 1 (Büyükşehir),Orta,3 Aylık,1.8,0.47,16.4,7.8,29.64,1,9,70.3,-0.14,0,4.33,1,3.6,1591.69,1,1.8,148,13
2026-OGR-0518,2025-07-09,Mezun,Eşit Ağırlık,Tier 2,Yüksek,Aylık,1.5,0.54,16.9,9.5,19.06,4,12,45.07,-0.93,4,4.22,1,3.9,18481.43,1,4.7,364,14
2026-OGR-0519,2026-04-10,12. Sınıf,Sözel,Tier 1 (Büyükşehir),Yüksek,Yıllık,7.3,0.8,8.5,6.6,12.39,2,12,,1.16,0,8.31,2,4.9,4357.91,1,3.5,218,9
2026-OGR-0520,2025-12-12,12. Sınıf,Sözel,Tier 1 (Büyükşehir),Yüksek,Aylık,1.4,0.61,17.4,13.0,27.08,3,10,40.66,8.86,0,1.41,0,3.6,14414.4,0,2.1,274,9
2026-OGR-0521,2025-02-22,12. Sınıf,Sayısal,Tier 1 (Büyükşehir),Orta,Aylık,1.2,0.71,9.6,5.7,3.53,2,15,59.58,-0.47,3,1.37,0,,18136.77,0,2.0,596,13
2026-OGR-0522,2025-11-26,11. Sınıf,Sayısal,Tier 1 (Büyükşehir),Yüksek,3 Aylık,16.1,0.85,19.1,10.9,18.76,3,11,46.76,-0.2,0,13.73,1,2.5,14313.02,0,2.5,11,8
2026-OGR-0523,2025-11-14,12. Sınıf,Sayısal,Tier 3,Düşük,3 Aylık,5.0,0.7,11.2,7.1,20.35,3,14,60.31,9.91,1,1.7,0,4.0,1903.33,1,3.4,499,11
2026-OGR-0524,2025-07-28,12. Sınıf,Sözel,Tier 1 (Büyükşehir),Düşük,Aylık,14.7,0.63,20.0,11.1,4.47,2,13,72.21,-0.23,1,3.97,0,3.5,3563.37,0,6.9,596,10
2026-OGR-0525,2025-04-14,12. Sınıf,Eşit Ağırlık,Tier 1 (Büyükşehir),Orta,Aylık,9.1,0.71,16.2,12.2,8.12,3,7,51.34,2.26,1,0.57,0,2.5,14124.76,0,0.7,432,13
2026-OGR-0526,2026-06-24,Mezun,Sayısal,Tier 1 (Büyükşehir),Orta,3 Aylık,1.5,0.42,18.8,8.9,9.56,1,13,49.77,-2.46,2,2.65,2,3.8,1504.42,1,7.9,48,7
2026-OGR-0527,2025-10-30,Mezun,Sayısal,Tier 3,Yüksek,Aylık,4.7,0.54,16.8,9.8,14.18,1,11,64.46,1.7,1,5.8,3,2.5,1627.98,0,1.9,470,5
2026-OGR-0528,2026-03-26,11. Sınıf,Eşit Ağırlık,Tier 2,Orta,3 Aylık,10.3,0.81,15.6,13.7,29.54,3,11,36.16,-0.94,0,6.7,1,3.2,4671.72,1,1.2,417,10
2026-OGR-0529,2026-06-11,Mezun,Sayısal,Tier 2,Orta,3 Aylık,2.2,0.52,18.1,8.2,3.27,8,17,50.83,0.33,5,5.31,1,3.1,4747.48,1,3.2,418,6
2026-OGR-0530,2025-07-17,Mezun,Eşit Ağırlık,Tier 2,Orta,Aylık,3.4,0.44,14.8,7.3,16.8,4,16,59.27,-0.22,1,2.21,0,,4600.53,0,2.3,27,6
2026-OGR-0531,2025-09-06,12. Sınıf,Sayısal,Tier 3,Yüksek,Aylık,6.6,0.72,15.3,7.7,6.47,0,14,57.58,0.78,1,3.23,0,5.0,1685.56,1,1.7,77,8
2026-OGR-0532,2025-11-26,11. Sınıf,Sayısal,Tier 1 (Büyükşehir),Düşük,Yıllık,5.7,0.91,13.2,14.8,25.24,2,11,19.24,-1.58,1,1.32,2,2.6,4647.43,0,2.9,468,6
2026-OGR-0533,2026-01-15,Mezun,Sayısal,Tier 3,Düşük,Aylık,1.6,0.84,13.4,11.6,18.54,5,12,70.5,3.13,0,2.56,2,4.6,5275.63,1,2.2,579,10
2026-OGR-0534,2025-01-25,11. Sınıf,Eşit Ağırlık,Tier 1 (Büyükşehir),Orta,Aylık,3.8,0.89,14.5,11.9,32.53,2,14,48.16,1.4,0,3.49,0,,17063.52,0,0.6,421,11
2026-OGR-0535,2026-04-08,11. Sınıf,Sözel,Tier 1 (Büyükşehir),Düşük,Aylık,3.6,0.86,16.7,13.5,8.61,2,10,42.96,-3.11,2,6.37,3,2.8,16616.05,0,5.8,196,13
2026-OGR-0536,2025-05-27,11. Sınıf,Sayısal,Tier 1 (Büyükşehir),Yüksek,Yıllık,3.7,0.63,21.4,15.3,12.96,1,10,44.56,-0.24,3,5.53,2,,14527.53,1,4.0,508,9
2026-OGR-0537,2026-02-13,12. Sınıf,Eşit Ağırlık,Tier 2,Yüksek,Yıllık,0.5,0.42,21.5,11.0,5.85,2,10,23.04,-0.35,2,4.74,0,3.1,1461.63,0,0.7,289,11
2026-OGR-0538,2026-02-18,12. Sınıf,Eşit Ağırlık,Tier 1 (Büyükşehir),Düşük,3 Aylık,2.7,0.44,9.7,4.3,7.72,5,11,70.37,-0.97,1,2.21,0,,4716.4,1,1.6,104,6
2026-OGR-0539,2026-06-28,12. Sınıf,Eşit Ağırlık,Tier 1 (Büyükşehir),Yüksek,Aylık,1.7,0.97,17.3,13.4,31.82,4,12,60.19,-3.55,2,2.33,2,3.6,1690.71,1,2.3,632,8
2026-OGR-0540,2025-09-22,11. Sınıf,Sözel,Tier 1 (Büyükşehir),Yüksek,Yıllık,8.9,0.73,16.8,8.4,9.47,6,11,48.19,1.55,2,0.12,2,4.8,4557.46,0,1.0,608,4
2026-OGR-0541,2026-04-19,12. Sınıf,Sözel,Tier 2,Yüksek,3 Aylık,2.0,0.79,6.9,,22.65,1,11,50.64,-0.83,1,1.39,1,3.5,5549.17,1,1.0,392,10
2026-OGR-0542,2025-08-22,Mezun,Eşit Ağırlık,Tier 1 (Büyükşehir),Düşük,3 Aylık,2.2,0.3,17.9,4.6,19.93,2,7,51.0,-2.51,1,1.75,2,3.7,15883.66,0,2.9,194,12
2026-OGR-0543,2025-02-24,Mezun,Sayısal,Tier 2,Orta,Aylık,3.5,0.77,11.5,10.2,3.23,2,8,61.84,-1.58,3,6.66,3,4.9,4650.07,0,1.5,437,5
2026-OGR-0544,2025-11-01,12. Sınıf,Sayısal,Tier 1 (Büyükşehir),Orta,3 Aylık,1.1,0.76,16.5,13.5,7.43,2,19,30.61,1.96,2,1.1,1,2.9,1608.71,0,0.6,167,10
2026-OGR-0545,2025-08-24,11. Sınıf,Dil,Tier 1 (Büyükşehir),Düşük,Aylık,2.6,0.57,15.6,10.6,17.17,1,10,,4.64,2,0.02,1,3.3,1811.19,1,1.9,421,5
2026-OGR-0546,2025-12-04,12. Sınıf,Dil,Tier 1 (Büyükşehir),Orta,Yıllık,5.6,0.63,16.2,8.6,24.78,0,17,72.14,4.27,0,0.33,1,2.9,17085.94,0,1.6,577,8
2026-OGR-0547,2025-09-26,12. Sınıf,Sayısal,Tier 1 (Büyükşehir),Orta,3 Aylık,4.0,0.59,15.9,8.8,5.26,2,16,43.03,-1.84,1,7.58,0,2.2,4775.96,1,1.7,670,13
2026-OGR-0548,2025-11-26,12. Sınıf,Sözel,Tier 1 (Büyükşehir),Yüksek,Aylık,6.0,0.63,18.6,15.6,13.48,3,10,60.02,-2.64,3,4.11,0,3.0,1828.27,0,1.5,246,9
2026-OGR-0549,2025-11-10,12. Sınıf,Eşit Ağırlık,Tier 2,Yüksek,Aylık,2.5,0.53,13.5,4.9,21.71,2,19,55.58,3.49,1,1.62,1,3.9,4796.47,1,2.7,668,8
2026-OGR-0550,2025-08-30,11. Sınıf,Sayısal,Tier 3,Orta,Aylık,7.7,0.88,21.5,14.7,8.94,3,5,61.14,3.24,3,6.36,2,,17473.79,0,2.2,583,11
2026-OGR-0551,2026-03-28,12. Sınıf,Eşit Ağırlık,Tier 2,Orta,Aylık,9.9,0.59,13.0,,6.75,2,15,63.72,2.35,1,0.65,0,3.8,17759.44,0,3.1,617,7
2026-OGR-0552,2025-06-19,12. Sınıf,Dil,Tier 2,Orta,3 Aylık,0.9,0.59,15.9,9.3,2.36,1,17,35.8,-2.21,1,3.02,3,4.8,4720.04,0,2.3,284,13
2026-OGR-0553,2026-05-26,12. Sınıf,Sözel,Tier 2,Yüksek,Aylık,12.9,0.86,14.2,11.4,14.57,0,9,65.68,2.92,1,5.32,2,4.1,1812.26,0,1.7,199,12
2026-OGR-0554,2025-12-09,Mezun,Sayısal,Tier 1 (Büyükşehir),Düşük,Aylık,4.2,0.42,14.0,6.3,28.9,2,10,43.73,-0.92,0,3.0,2,3.9,15154.27,1,1.2,219,11
2026-OGR-0555,2026-01-16,12. Sınıf,Sözel,Tier 1 (Büyükşehir),Düşük,Yıllık,8.3,0.69,17.4,11.2,15.44,3,12,44.12,-2.57,3,4.42,1,3.6,20022.94,0,4.3,269,11
2026-OGR-0556,2026-05-09,Mezun,Sözel,Tier 2,Orta,Aylık,5.0,0.79,13.3,12.7,22.96,3,10,60.63,-1.8,2,4.14,2,2.5,4947.92,1,1.5,623,4
2026-OGR-0557,2025-10-13,12. Sınıf,Eşit Ağırlık,Tier 1 (Büyükşehir),Yüksek,Aylık,2.4,0.4,14.8,6.1,5.12,1,16,42.61,1.58,2,0.83,0,4.5,18341.32,0,2.9,265,9
2026-OGR-0558,2025-10-28,12. Sınıf,Sayısal,Tier 3,Yüksek,3 Aylık,3.4,0.64,8.9,5.7,17.55,2,10,75.08,-6.99,2,0.78,1,4.0,4840.74,0,1.2,126,8
2026-OGR-0559,2025-01-14,11. Sınıf,Sayısal,Tier 2,Düşük,Aylık,5.2,0.5,20.8,10.4,6.18,3,15,35.86,-1.2,0,1.54,1,5.0,1737.5,0,1.1,173,9
2026-OGR-0560,2026-01-06,12. Sınıf,Eşit Ağırlık,Tier 1 (Büyükşehir),Yüksek,Aylık,7.0,0.78,17.1,12.1,25.52,2,13,29.4,5.22,2,0.44,1,4.5,5673.88,0,3.1,292,10
2026-OGR-0561,2026-03-23,12. Sınıf,Sayısal,Tier 1 (Büyükşehir),Düşük,Yıllık,5.8,0.88,17.4,16.7,9.34,5,9,61.45,5.22,0,1.01,1,4.9,3962.23,0,3.7,193,6
2026-OGR-0562,2026-04-11,11. Sınıf,Sözel,Tier 2,Yüksek,Yıllık,7.8,0.49,13.0,5.9,10.45,1,15,84.06,0.47,0,4.52,0,4.1,4613.19,0,0.1,693,10
2026-OGR-0563,2025-08-31,12. Sınıf,Eşit Ağırlık,Tier 2,Düşük,3 Aylık,5.4,0.93,14.5,15.5,5.18,2,17,43.25,-0.07,1,2.53,0,4.7,15708.13,0,0.5,412,12
2026-OGR-0564,2025-07-15,11. Sınıf,Eşit Ağırlık,Tier 2,Orta,Aylık,4.9,0.57,17.3,8.7,25.1,5,14,46.64,-0.9,1,3.62,0,2.7,1521.82,1,1.7,339,6
2026-OGR-0565,2026-06-17,12. Sınıf,Sözel,Tier 1 (Büyükşehir),Orta,3 Aylık,3.9,0.77,18.7,13.0,9.62,1,15,46.17,-3.25,1,0.97,2,3.3,4784.65,0,3.6,600,7
2026-OGR-0566,2025-07-18,12. Sınıf,Eşit Ağırlık,Tier 1 (Büyükşehir),,Yıllık,1.7,0.68,9.4,7.6,8.4,6,6,65.59,-7.85,0,2.59,1,3.1,15567.9,1,2.3,147,8
2026-OGR-0567,2025-11-20,11. Sınıf,Eşit Ağırlık,Tier 1 (Büyükşehir),Yüksek,Yıllık,2.9,0.74,14.5,10.3,38.34,1,8,50.56,1.88,1,7.87,0,,1875.44,1,3.4,428,10
2026-OGR-0568,2025-11-30,11. Sınıf,Eşit Ağırlık,Tier 1 (Büyükşehir),Düşük,3 Aylık,4.2,0.86,17.4,13.0,24.51,1,15,65.73,1.52,0,2.45,0,5.0,4696.49,0,2.0,482,7
2026-OGR-0569,2025-02-18,Mezun,Sayısal,Tier 1 (Büyükşehir),Orta,3 Aylık,2.0,0.51,18.3,7.9,38.35,1,10,58.21,-0.53,3,0.53,0,3.8,1920.99,0,4.2,243,7
2026-OGR-0570,2025-12-26,12. Sınıf,Sayısal,Tier 2,Orta,Aylık,3.6,0.57,18.0,12.2,25.77,5,10,,-3.1,1,1.7,1,3.7,16928.13,1,0.3,71,8
2026-OGR-0571,2025-02-25,11. Sınıf,Sözel,Tier 1 (Büyükşehir),Düşük,Yıllık,10.2,0.68,15.3,10.8,18.38,2,11,90.84,-1.58,0,2.08,2,4.9,4721.92,0,2.6,642,9
2026-OGR-0572,2026-02-02,12. Sınıf,Eşit Ağırlık,Tier 2,,3 Aylık,2.0,0.65,17.2,10.2,7.68,2,22,38.66,1.59,3,2.38,1,4.9,15681.42,0,3.1,263,7
2026-OGR-0573,2025-05-05,12. Sınıf,Eşit Ağırlık,Tier 1 (Büyükşehir),Orta,Aylık,1.2,0.93,15.0,12.6,10.24,3,14,54.18,-1.68,0,2.97,1,4.7,1966.23,0,4.0,309,6
2026-OGR-0574,2025-04-23,12. Sınıf,Sözel,Tier 3,Yüksek,Aylık,8.5,0.94,15.8,14.7,32.42,2,7,49.97,-1.14,1,0.61,1,3.0,6159.87,0,4.4,415,8
2026-OGR-0575,2025-03-27,12. Sınıf,Sayısal,Tier 2,Orta,Aylık,13.5,0.9,14.2,9.2,2.09,3,7,69.07,-1.13,0,5.38,1,3.8,17617.39,0,2.7,585,8
2026-OGR-0576,2025-05-31,12. Sınıf,Sayısal,Tier 1 (Büyükşehir),Yüksek,Aylık,5.4,0.9,16.3,13.4,6.57,4,13,51.74,2.06,1,4.73,2,2.8,1717.77,0,2.7,476,10
2026-OGR-0577,2026-02-21,12. Sınıf,Sayısal,Tier 2,Orta,3 Aylık,6.1,0.49,15.2,9.2,33.53,1,13,49.65,1.26,1,1.55,1,4.1,1681.68,1,2.7,162,6
2026-OGR-0578,2025-11-13,12. Sınıf,Dil,Tier 2,Düşük,Yıllık,8.3,0.89,9.8,6.3,28.04,0,16,27.44,-2.09,0,1.64,0,3.0,15084.17,0,4.3,270,8
2026-OGR-0579,2026-03-05,12. Sınıf,Eşit Ağırlık,Tier 1 (Büyükşehir),Düşük,Aylık,7.7,0.66,13.2,7.8,15.59,4,6,54.55,-0.38,1,0.52,0,,5570.89,0,7.5,340,9
2026-OGR-0580,2025-06-20,12. Sınıf,Sayısal,Tier 1 (Büyükşehir),Düşük,Yıllık,1.6,0.83,12.3,12.6,14.63,1,12,62.01,-4.65,1,1.71,0,2.8,1975.31,0,6.7,383,9
2026-OGR-0581,2025-04-19,12. Sınıf,Sözel,Tier 2,Yüksek,3 Aylık,14.9,0.57,15.2,9.1,5.7,4,14,39.11,-2.81,2,2.4,0,,1755.89,1,1.2,132,10
2026-OGR-0582,2026-01-20,11. Sınıf,Eşit Ağırlık,Tier 1 (Büyükşehir),Orta,3 Aylık,3.2,0.69,12.8,8.2,19.83,1,14,47.12,2.66,0,2.79,2,2.8,15105.67,0,4.5,213,12
2026-OGR-0583,2025-06-14,12. Sınıf,Sayısal,Tier 1 (Büyükşehir),Düşük,3 Aylık,13.3,0.76,11.8,9.6,30.6,0,11,71.33,-2.95,1,6.84,0,3.1,1924.08,1,3.0,169,10
2026-OGR-0584,2025-09-11,11. Sınıf,Sözel,Tier 1 (Büyükşehir),Orta,3 Aylık,1.7,0.93,23.4,21.8,28.62,2,11,57.63,-2.66,1,7.9,1,3.5,4729.56,0,0.3,230,7
2026-OGR-0585,2026-06-13,11. Sınıf,Eşit Ağırlık,Tier 2,Yüksek,3 Aylık,3.7,0.86,19.5,20.9,6.0,5,9,52.64,-3.19,0,2.66,1,4.1,4271.07,0,2.1,605,14
2026-OGR-0586,2026-01-09,12. Sınıf,Sayısal,Tier 1 (Büyükşehir),,3 Aylık,2.3,0.62,8.0,3.7,10.58,2,16,17.94,-0.64,1,7.04,3,,2042.01,1,3.4,146,4
2026-OGR-0587,2025-11-01,12. Sınıf,Sayısal,Tier 1 (Büyükşehir),Orta,Yıllık,7.5,0.61,18.6,12.6,17.11,3,9,66.83,-3.15,3,0.78,1,4.4,1574.75,1,2.6,298,15
2026-OGR-0588,2025-12-04,12. Sınıf,Eşit Ağırlık,Tier 2,Orta,Aylık,5.5,0.65,14.6,8.9,10.7,3,7,54.72,-1.19,0,1.48,2,2.9,4776.66,1,2.3,74,8
2026-OGR-0589,2026-05-28,Mezun,Eşit Ağırlık,Tier 2,Orta,3 Aylık,5.3,0.45,15.7,7.2,11.01,3,15,16.63,-4.07,2,4.33,2,3.9,18858.62,1,3.6,536,10
2026-OGR-0590,2025-10-30,11. Sınıf,Sayısal,Tier 1 (Büyükşehir),Orta,Yıllık,4.3,0.52,20.1,9.3,7.92,2,12,51.83,-0.51,1,7.54,3,,1956.37,1,1.5,258,13
2026-OGR-0591,2025-09-03,Mezun,Eşit Ağırlık,Tier 3,Orta,Aylık,2.1,0.56,13.6,,30.12,2,13,39.34,5.85,1,0.2,0,3.7,13652.92,0,4.5,8,3
2026-OGR-0592,2026-04-21,Mezun,Sözel,Tier 1 (Büyükşehir),Yüksek,3 Aylık,4.4,0.56,12.3,7.3,9.84,0,4,63.57,1.1,2,1.55,0,4.2,17703.83,0,2.8,686,10
2026-OGR-0593,2026-01-23,11. Sınıf,Eşit Ağırlık,Tier 2,Yüksek,Aylık,1.7,0.69,9.2,7.1,0.42,3,11,69.07,0.75,1,1.48,1,,1979.3,0,2.2,79,9
2026-OGR-0594,2025-02-27,11. Sınıf,Eşit Ağırlık,Tier 1 (Büyükşehir),Yüksek,Aylık,0.4,0.68,11.0,6.0,19.94,1,6,66.35,3.71,2,2.97,1,4.6,17113.42,0,3.9,29,7
2026-OGR-0595,2026-04-19,11. Sınıf,Sayısal,Tier 3,Yüksek,3 Aylık,3.9,0.63,16.4,10.4,9.47,1,16,44.75,1.81,2,6.63,0,3.7,5544.14,1,1.3,649,11
2026-OGR-0596,2025-12-10,12. Sınıf,Eşit Ağırlık,Tier 1 (Büyükşehir),Orta,3 Aylık,4.4,0.65,16.7,14.8,11.53,7,11,60.13,0.13,4,8.02,0,3.5,1405.91,0,4.9,428,14
2026-OGR-0597,2025-05-03,12. Sınıf,Sayısal,Tier 1 (Büyükşehir),Orta,Yıllık,2.5,0.53,17.4,9.9,6.52,3,14,47.81,3.72,1,11.56,1,4.2,4400.16,0,1.4,579,7
2026-OGR-0598,2026-03-04,12. Sınıf,Eşit Ağırlık,Tier 1 (Büyükşehir),Yüksek,3 Aylık,6.2,0.59,20.2,8.9,5.21,3,11,53.04,2.95,1,3.61,1,4.1,15090.21,0,1.1,309,4
2026-OGR-0599,2025-05-07,11. Sınıf,Sözel,Tier 3,Düşük,3 Aylık,13.4,0.65,13.7,9.5,8.97,3,14,50.16,-0.33,0,4.24,1,3.4,5700.21,0,1.8,571,10
2026-OGR-0600,2026-04-01,12. Sınıf,Sözel,Tier 2,,3 Aylık,6.8,0.66,15.4,9.1,10.36,2,10,33.58,1.63,2,2.83,1,3.1,1962.15,0,2.7,221,15
2026-OGR-0601,2026-06-09,11. Sınıf,Dil,Tier 3,Düşük,3 Aylık,3.6,0.8,12.3,9.6,13.88,1,17,4.24,0.13,1,4.84,0,3.9,4161.57,0,3.1,294,14
2026-OGR-0602,2026-06-19,12. Sınıf,Sözel,Tier 1 (Büyükşehir),Orta,Aylık,12.0,0.67,18.9,13.6,20.07,0,16,57.34,3.13,2,2.03,2,3.7,5258.44,0,1.4,367,10
2026-OGR-0603,2025-01-22,11. Sınıf,Sözel,Tier 2,Yüksek,Aylık,4.8,0.43,11.1,4.3,9.05,3,10,47.26,4.98,2,8.89,0,5.0,1649.53,0,3.4,534,10
2026-OGR-0604,2025-02-04,12. Sınıf,Eşit Ağırlık,Tier 1 (Büyükşehir),Düşük,3 Aylık,5.9,0.72,11.9,11.2,20.05,2,13,65.88,2.0,0,0.56,2,3.8,4734.11,0,2.9,446,3
2026-OGR-0605,2025-07-08,12. Sınıf,Sayısal,Tier 2,Orta,Yıllık,0.8,0.73,15.1,,21.8,1,13,58.82,4.1,1,1.14,1,4.4,4174.48,1,1.8,550,17
2026-OGR-0606,2025-10-31,12. Sınıf,Sözel,Tier 1 (Büyükşehir),Yüksek,3 Aylık,6.2,0.46,8.5,4.2,6.94,5,12,63.76,5.69,4,0.13,0,3.0,5482.17,0,4.6,73,9
2026-OGR-0607,2025-06-19,11. Sınıf,Sayısal,Tier 1 (Büyükşehir),Düşük,3 Aylık,5.4,0.7,16.5,14.2,6.2,2,9,48.57,4.78,1,5.63,1,4.6,1749.6,0,5.5,358,11
2026-OGR-0608,2025-12-09,Mezun,Sayısal,Tier 1 (Büyükşehir),Düşük,3 Aylık,1.3,0.48,15.9,8.1,26.16,2,7,50.17,-2.86,2,1.75,0,4.3,17144.81,0,2.3,620,5
2026-OGR-0609,2025-02-02,12. Sınıf,Sözel,Tier 1 (Büyükşehir),Orta,3 Aylık,3.8,0.53,11.2,7.7,25.14,1,10,75.27,0.9,0,5.1,0,3.9,5153.21,0,6.2,267,6
2026-OGR-0610,2026-01-23,Mezun,Sayısal,Tier 2,Orta,Yıllık,5.0,0.84,16.8,9.2,5.19,0,12,44.02,3.5,2,5.31,1,2.5,4796.89,0,2.4,210,4
2026-OGR-0611,2025-05-16,Mezun,Eşit Ağırlık,Tier 1 (Büyükşehir),Orta,3 Aylık,0.8,0.95,8.5,9.6,31.46,3,13,24.1,2.77,1,0.14,3,4.1,14842.09,0,0.7,228,10
2026-OGR-0612,2025-10-25,12. Sınıf,Sayısal,Tier 2,Yüksek,3 Aylık,4.0,0.55,19.6,11.1,7.96,1,9,,1.21,0,5.47,0,4.5,1794.01,0,0.7,696,15
2026-OGR-0613,2025-05-14,12. Sınıf,Eşit Ağırlık,Tier 2,Orta,3 Aylık,1.3,0.98,18.0,14.1,19.9,1,14,53.1,0.99,3,1.92,1,3.8,4669.1,0,2.5,6,13
2026-OGR-0614,2025-04-17,Mezun,Eşit Ağırlık,Tier 1 (Büyükşehir),Yüksek,Yıllık,1.8,0.34,14.2,6.8,26.64,2,9,54.86,0.84,4,12.52,1,3.8,1545.19,1,2.2,175,10
2026-OGR-0615,2025-12-27,12. Sınıf,Eşit Ağırlık,Tier 1 (Büyükşehir),Düşük,Aylık,2.5,0.79,8.6,8.3,3.19,3,12,47.19,5.44,3,6.5,0,3.7,1975.42,0,3.1,136,10
2026-OGR-0616,2025-01-18,Mezun,Sayısal,Tier 1 (Büyükşehir),Yüksek,3 Aylık,0.5,0.85,10.6,8.9,2.35,1,10,32.21,11.15,1,4.0,0,4.8,1387.46,0,4.3,323,8
2026-OGR-0617,2025-08-21,12. Sınıf,Dil,Tier 2,Orta,Aylık,3.6,0.75,11.8,7.5,5.38,1,12,38.71,7.9,0,1.85,1,3.4,14960.67,0,0.4,244,17
2026-OGR-0618,2026-03-30,12. Sınıf,Sayısal,Tier 2,Düşük,Aylık,6.7,0.7,16.0,7.1,37.47,2,9,64.44,2.93,2,6.55,2,4.4,16880.04,0,1.4,544,4
2026-OGR-0619,2025-02-24,12. Sınıf,Dil,Tier 2,Düşük,3 Aylık,3.3,0.7,14.6,,8.87,2,14,48.0,0.67,0,3.05,0,3.3,1998.11,0,1.7,224,8
2026-OGR-0620,2025-08-23,12. Sınıf,Eşit Ağırlık,Tier 1 (Büyükşehir),Orta,Aylık,7.5,0.64,12.8,6.8,5.97,1,12,67.17,5.12,1,1.48,1,3.5,2040.2,1,2.6,230,11
2026-OGR-0621,2026-06-12,12. Sınıf,Sayısal,Tier 2,Orta,Yıllık,8.4,0.65,10.0,5.6,2.29,2,12,52.46,0.21,2,2.39,2,3.2,4603.39,0,2.2,408,6
2026-OGR-0622,2025-03-04,12. Sınıf,Sayısal,Tier 1 (Büyükşehir),Yüksek,3 Aylık,4.1,0.62,6.5,4.1,48.14,3,14,55.96,-8.02,1,1.83,3,4.4,18464.59,1,3.2,192,7
2026-OGR-0623,2026-01-17,12. Sınıf,Sayısal,Tier 1 (Büyükşehir),Düşük,Yıllık,3.8,0.68,15.1,10.3,3.6,4,8,73.52,6.61,1,18.22,1,,4945.87,0,2.7,506,8
2026-OGR-0624,2026-05-25,12. Sınıf,Eşit Ağırlık,Tier 3,Yüksek,Aylık,7.1,0.93,9.7,8.7,19.58,3,8,52.59,-3.73,3,0.89,2,4.1,1492.63,0,5.4,480,7
2026-OGR-0625,2026-05-05,12. Sınıf,Sözel,Tier 2,Düşük,Aylık,11.3,0.49,18.0,,10.37,4,14,44.71,-5.44,0,8.31,0,2.7,5029.26,0,2.0,112,8
2026-OGR-0626,2025-07-03,12. Sınıf,Sayısal,Tier 3,Orta,Aylık,1.9,0.53,12.5,6.7,19.06,2,13,18.85,-2.69,2,1.58,1,4.4,4776.73,1,4.0,677,12
2026-OGR-0627,2026-02-19,11. Sınıf,Eşit Ağırlık,Tier 2,Yüksek,Aylık,7.0,0.85,18.1,17.4,3.24,1,9,79.21,6.27,3,6.17,0,3.0,1834.17,0,2.6,158,10
2026-OGR-0628,2026-06-07,12. Sınıf,Sayısal,Tier 1 (Büyükşehir),Yüksek,3 Aylık,4.1,0.77,11.0,8.0,8.53,1,10,53.52,-0.12,0,3.95,1,3.7,1813.0,0,3.6,155,9
2026-OGR-0629,2026-05-18,11. Sınıf,Sözel,Tier 3,Düşük,Aylık,1.9,0.29,10.0,3.3,13.41,1,9,62.62,-1.63,5,3.97,1,3.2,15786.42,1,0.6,149,15
2026-OGR-0630,2025-09-01,11. Sınıf,Sayısal,Tier 3,Orta,3 Aylık,11.1,0.73,15.1,9.7,11.37,0,6,48.17,0.4,0,1.14,2,4.0,5453.42,0,5.1,34,8
2026-OGR-0631,2026-05-11,12. Sınıf,Eşit Ağırlık,Tier 2,Orta,Yıllık,10.1,0.47,13.9,,2.67,3,11,36.78,-4.55,2,3.95,0,3.6,1937.93,1,1.2,639,10
2026-OGR-0632,2025-05-11,Mezun,Eşit Ağırlık,Tier 2,Düşük,3 Aylık,8.9,0.72,13.2,9.7,1.38,1,11,44.72,-4.09,1,6.46,2,4.5,1589.73,0,3.0,28,8
2026-OGR-0633,2025-02-28,12. Sınıf,Dil,Tier 2,Yüksek,3 Aylık,3.7,0.63,11.8,9.4,21.14,4,9,45.81,-5.77,1,7.27,3,3.5,1577.83,1,1.8,107,8
2026-OGR-0634,2025-05-29,12. Sınıf,Eşit Ağırlık,Tier 1 (Büyükşehir),Orta,Aylık,8.0,0.68,16.2,8.9,10.07,2,8,24.57,-1.93,0,0.16,2,4.8,1641.14,0,1.4,108,12
2026-OGR-0635,2025-05-05,11. Sınıf,Sayısal,Tier 1 (Büyükşehir),Orta,Yıllık,0.8,0.91,20.3,17.0,6.86,5,7,55.9,-3.72,0,0.39,1,3.4,15414.14,0,2.9,649,6
2026-OGR-0636,2025-11-03,12. Sınıf,Sayısal,Tier 1 (Büyükşehir),Yüksek,Aylık,5.5,0.5,11.7,4.6,8.23,0,13,50.07,-2.88,2,2.33,0,2.8,5194.74,0,8.3,275,13
2026-OGR-0637,2025-07-19,Mezun,Sayısal,Tier 1 (Büyükşehir),Düşük,Aylık,12.8,0.9,10.0,6.4,11.2,3,11,66.59,2.03,0,6.9,1,2.8,1568.3,0,5.1,265,6
2026-OGR-0638,2025-07-23,11. Sınıf,Sayısal,Tier 1 (Büyükşehir),Düşük,Yıllık,12.9,0.76,9.4,8.3,12.62,2,10,54.93,-3.79,1,10.59,4,3.4,1901.75,1,0.7,77,4
2026-OGR-0639,2026-01-16,12. Sınıf,Sayısal,Tier 1 (Büyükşehir),Orta,3 Aylık,13.1,0.2,16.8,3.3,22.85,3,12,44.57,-0.04,0,9.44,0,4.5,16943.03,1,3.2,533,9
2026-OGR-0640,2026-01-01,12. Sınıf,Sayısal,Tier 2,Yüksek,3 Aylık,5.4,0.37,15.1,4.3,3.6,1,9,47.18,0.27,0,5.31,0,,1676.54,1,3.7,658,6
2026-OGR-0641,2025-07-31,11. Sınıf,Eşit Ağırlık,Tier 2,Yüksek,Aylık,8.8,0.68,15.5,12.2,0.74,0,5,66.44,0.9,3,11.01,0,2.4,1619.8,0,1.7,427,4
2026-OGR-0642,2026-04-04,Mezun,Eşit Ağırlık,Tier 2,Yüksek,Yıllık,2.0,0.68,13.7,9.9,7.55,2,10,52.92,-1.49,1,3.42,0,5.0,2142.36,0,4.3,320,8
2026-OGR-0643,2026-04-14,11. Sınıf,Sayısal,Tier 2,Orta,Aylık,7.2,0.91,10.8,11.0,6.94,2,11,49.61,-3.69,1,3.74,1,,17200.06,0,0.8,626,12
2026-OGR-0644,2025-03-07,11. Sınıf,Eşit Ağırlık,Tier 1 (Büyükşehir),Düşük,Yıllık,12.3,0.65,22.2,15.2,1.65,4,14,83.38,-4.89,3,1.32,0,4.1,1538.45,0,1.1,140,11
2026-OGR-0645,2026-06-05,12. Sınıf,Eşit Ağırlık,Tier 3,Düşük,3 Aylık,11.4,0.69,15.4,11.9,40.98,4,11,66.61,-1.98,0,5.31,1,3.2,1944.7,0,1.6,132,12
2026-OGR-0646,2026-05-24,12. Sınıf,Eşit Ağırlık,Tier 2,Orta,Yıllık,7.1,0.93,16.9,16.4,12.08,1,13,46.69,-1.51,1,7.81,0,3.6,15203.75,0,1.2,111,8
2026-OGR-0647,2025-11-17,11. Sınıf,Eşit Ağırlık,Tier 3,,Yıllık,8.6,0.77,16.4,12.3,18.28,0,11,51.15,-3.55,1,2.1,1,3.7,18753.49,0,4.1,438,10
2026-OGR-0648,2026-06-28,Mezun,Eşit Ağırlık,Tier 2,Düşük,3 Aylık,6.3,0.89,10.5,,15.52,1,14,44.9,2.19,3,7.11,0,,4729.8,0,2.3,455,3
2026-OGR-0649,2025-02-11,12. Sınıf,Sayısal,Tier 1 (Büyükşehir),Yüksek,Aylık,9.3,0.64,18.1,11.8,6.02,3,12,68.19,-2.65,1,1.88,1,3.7,5029.64,0,2.1,305,9
2026-OGR-0650,2025-07-21,12. Sınıf,Eşit Ağırlık,Tier 1 (Büyükşehir),Düşük,Aylık,4.6,0.81,11.1,,27.1,4,16,45.59,-3.81,4,2.54,0,3.1,1811.16,0,2.6,551,7
2026-OGR-0651,2025-12-25,11. Sınıf,Eşit Ağırlık,Tier 1 (Büyükşehir),Orta,Yıllık,5.5,0.7,19.1,11.8,8.81,2,14,60.62,1.14,0,6.15,0,3.8,1984.85,0,3.4,424,5
2026-OGR-0652,2026-03-19,Mezun,Sayısal,Tier 1 (Büyükşehir),Yüksek,Yıllık,12.0,0.75,18.6,15.3,33.16,3,8,45.63,2.56,1,2.87,3,,1785.11,0,2.5,325,11
2026-OGR-0653,2025-03-04,Mezun,Sözel,Tier 2,Düşük,3 Aylık,4.6,0.66,19.9,14.9,20.2,4,9,48.19,-2.9,4,1.58,0,4.7,1878.17,0,5.3,697,10
2026-OGR-0654,2025-12-04,12. Sınıf,Sayısal,Tier 3,Yüksek,Yıllık,3.3,0.41,20.9,,18.61,2,9,75.1,2.63,0,8.51,1,,1612.34,1,3.4,301,7
2026-OGR-0655,2026-04-23,12. Sınıf,Sözel,Tier 2,Orta,3 Aylık,2.3,0.59,10.1,6.3,2.31,0,7,,-3.96,1,0.53,2,3.3,19426.74,0,1.8,319,6
2026-OGR-0656,2026-01-26,12. Sınıf,Sayısal,Tier 1 (Büyükşehir),Düşük,Aylık,5.6,0.35,16.8,7.6,15.34,2,8,50.87,-7.31,2,4.64,1,2.2,1779.83,1,1.9,277,11
2026-OGR-0657,2026-06-04,11. Sınıf,Eşit Ağırlık,Tier 2,Düşük,Aylık,3.9,0.43,15.4,,9.3,2,5,56.73,-3.47,0,4.93,2,3.1,1576.97,1,0.9,465,8
2026-OGR-0658,2025-09-20,12. Sınıf,Eşit Ağırlık,Tier 2,Orta,Yıllık,7.2,0.7,15.0,9.5,11.65,2,15,37.13,-4.88,3,0.86,2,3.5,1987.05,1,0.8,11,12
2026-OGR-0659,2025-12-31,Mezun,Eşit Ağırlık,Tier 2,Yüksek,Aylık,6.1,0.58,17.5,10.4,14.43,2,15,59.94,-0.31,2,3.2,1,4.9,5349.52,1,2.7,10,13
2026-OGR-0660,2025-08-30,12. Sınıf,Eşit Ağırlık,Tier 3,Yüksek,3 Aylık,13.4,0.57,16.2,9.8,7.25,2,13,86.51,-0.87,4,0.03,1,3.8,1614.97,0,5.1,290,10
2026-OGR-0661,2025-06-21,11. Sınıf,Eşit Ağırlık,Tier 1 (Büyükşehir),Düşük,Aylık,2.3,0.41,15.6,6.7,4.87,1,12,51.43,-2.32,3,5.58,2,,4678.62,1,0.9,348,4
2026-OGR-0662,2026-01-14,11. Sınıf,Sözel,Tier 1 (Büyükşehir),Orta,Yıllık,11.3,0.62,13.9,,23.91,1,12,60.23,-1.74,2,1.78,0,4.8,4177.35,0,2.2,37,12
2026-OGR-0663,2025-01-21,12. Sınıf,Eşit Ağırlık,Tier 1 (Büyükşehir),Düşük,Aylık,7.2,0.88,13.1,12.8,14.6,2,12,39.22,0.86,0,5.99,1,3.4,2022.67,0,10.3,106,7
2026-OGR-0664,2025-09-18,Mezun,Dil,Tier 2,Düşük,3 Aylık,1.3,0.64,14.7,9.6,12.77,3,14,43.02,3.2,1,0.92,3,4.0,15033.77,0,2.9,513,11
2026-OGR-0665,2025-06-28,12. Sınıf,Sayısal,Tier 3,Yüksek,3 Aylık,2.4,0.34,17.2,,11.19,3,11,41.48,-0.29,3,9.5,0,5.0,15243.0,1,1.6,465,9
2026-OGR-0666,2025-06-15,Mezun,Sözel,Tier 1 (Büyükşehir),Yüksek,Aylık,5.0,0.66,10.2,5.3,3.34,4,14,32.98,-4.08,2,2.88,0,4.0,1730.13,0,1.7,570,10
2026-OGR-0667,2025-09-14,Mezun,Sayısal,Tier 2,Düşük,3 Aylık,8.3,0.7,26.1,16.1,10.29,3,14,60.62,-0.34,1,0.68,3,3.5,4803.02,0,3.2,605,9
2026-OGR-0668,2026-03-20,12. Sınıf,Sözel,Tier 2,Düşük,Aylık,6.6,0.65,13.7,5.9,15.31,4,10,71.95,-1.91,2,1.9,0,5.0,4919.94,1,2.5,631,4
2026-OGR-0669,2026-06-27,11. Sınıf,Sözel,Tier 1 (Büyükşehir),Düşük,Yıllık,12.5,0.8,11.3,7.5,18.23,2,17,65.48,0.87,2,1.94,2,3.5,1731.33,0,2.0,401,15
2026-OGR-0670,2025-04-27,12. Sınıf,Sayısal,Tier 2,Yüksek,3 Aylık,2.0,0.62,10.2,6.9,19.12,3,12,56.87,0.03,2,0.77,2,4.0,5019.07,1,2.9,351,9
2026-OGR-0671,2025-07-19,11. Sınıf,Eşit Ağırlık,Tier 1 (Büyükşehir),Orta,Aylık,10.8,0.58,13.3,8.2,13.38,3,12,52.35,3.83,3,3.19,1,4.9,1933.33,0,2.0,33,13
2026-OGR-0672,2026-04-25,11. Sınıf,Eşit Ağırlık,Tier 1 (Büyükşehir),Yüksek,Aylık,5.5,0.37,12.3,4.0,6.54,1,10,67.55,-5.21,2,0.69,0,3.2,4407.62,1,0.2,673,6
2026-OGR-0673,2025-08-30,11. Sınıf,Sayısal,Tier 1 (Büyükşehir),Orta,Yıllık,10.8,0.86,12.1,9.5,14.99,1,11,51.72,-4.04,0,3.86,0,3.2,5253.54,0,5.9,528,9
2026-OGR-0674,2026-03-18,11. Sınıf,Sayısal,Tier 2,Düşük,Yıllık,0.9,0.79,11.7,11.1,9.24,1,7,82.97,-1.18,0,1.24,1,3.7,1859.45,0,2.4,282,9
2026-OGR-0675,2025-12-12,12. Sınıf,Sayısal,Tier 1 (Büyükşehir),Düşük,3 Aylık,9.4,0.47,17.4,,4.43,0,16,80.73,-5.2,2,2.03,2,3.7,4810.88,0,2.9,283,2
2026-OGR-0676,2025-09-26,12. Sınıf,Sayısal,Tier 1 (Büyükşehir),Orta,3 Aylık,4.2,0.98,13.1,14.5,4.18,4,14,30.0,-2.61,3,5.62,0,5.0,1511.27,0,2.3,64,15
2026-OGR-0677,2026-06-28,12. Sınıf,Eşit Ağırlık,Tier 2,Orta,3 Aylık,6.0,0.87,16.1,9.5,25.12,1,14,65.76,1.24,2,2.45,1,4.5,1678.43,0,1.1,518,8
2026-OGR-0678,2025-04-19,Mezun,Sayısal,Tier 1 (Büyükşehir),Orta,Aylık,10.3,0.8,15.2,15.7,19.3,4,11,22.63,-5.22,2,1.41,0,2.9,1566.61,0,1.2,194,11
2026-OGR-0679,2026-06-01,11. Sınıf,Sayısal,Tier 1 (Büyükşehir),Düşük,Aylık,2.4,0.93,13.1,13.5,30.43,1,11,73.53,-1.7,2,0.92,1,3.7,1780.25,0,1.0,52,12
2026-OGR-0680,2026-06-21,Mezun,Eşit Ağırlık,Tier 1 (Büyükşehir),Orta,3 Aylık,6.6,0.79,7.6,7.0,4.73,3,14,51.35,1.8,2,1.77,0,4.7,1449.7,0,2.1,144,6
2026-OGR-0681,2025-09-01,Mezun,Sözel,Tier 1 (Büyükşehir),Düşük,3 Aylık,1.4,0.61,17.0,13.0,17.55,3,9,43.46,5.33,5,5.3,3,3.2,18815.38,1,4.8,350,13
2026-OGR-0682,2025-09-30,Mezun,Sayısal,Tier 2,Orta,Yıllık,1.4,0.53,14.2,7.0,2.14,2,14,63.0,4.9,0,5.9,2,2.8,1929.88,1,1.5,302,7
2026-OGR-0683,2026-03-30,Mezun,Sayısal,Tier 1 (Büyükşehir),Düşük,Aylık,1.1,0.95,17.5,16.2,7.25,0,13,58.34,-1.82,3,0.47,2,,4921.52,0,1.6,262,11
2026-OGR-0684,2026-02-12,11. Sınıf,Sözel,Tier 1 (Büyükşehir),Yüksek,3 Aylık,3.2,0.85,11.8,,8.49,1,15,36.83,0.13,1,3.04,0,3.9,4556.08,0,1.2,166,11
2026-OGR-0685,2025-09-27,11. Sınıf,Sözel,Tier 1 (Büyükşehir),Orta,Aylık,9.6,0.51,9.9,6.4,10.05,3,10,58.66,4.24,0,2.78,1,4.1,4906.88,0,0.8,547,7
2026-OGR-0686,2025-07-23,12. Sınıf,Sözel,Tier 2,Orta,3 Aylık,3.8,0.61,12.3,6.2,57.92,4,6,,-3.32,0,0.94,0,4.4,1739.82,1,0.3,119,12
2026-OGR-0687,2025-02-11,12. Sınıf,Eşit Ağırlık,Tier 2,Yüksek,3 Aylık,0.6,0.52,12.4,8.3,18.86,2,12,67.31,-1.05,1,5.48,2,3.9,17935.17,1,1.1,38,10
2026-OGR-0688,2025-01-13,12. Sınıf,Sayısal,Tier 1 (Büyükşehir),Düşük,Yıllık,2.8,0.36,25.7,8.9,13.35,1,12,44.95,-2.63,0,4.82,2,4.5,5184.25,1,1.8,597,5
2026-OGR-0689,2026-02-09,12. Sınıf,Sayısal,Tier 1 (Büyükşehir),Yüksek,Aylık,7.7,0.13,15.4,2.4,3.12,0,8,52.66,-2.0,0,12.29,1,2.7,1476.56,1,7.1,296,8
2026-OGR-0690,2026-04-07,Mezun,Eşit Ağırlık,Tier 1 (Büyükşehir),,Aylık,1.1,0.62,20.5,18.7,18.98,4,9,35.13,8.68,2,6.3,0,4.6,5128.02,0,7.0,306,10
2026-OGR-0691,2026-04-29,11. Sınıf,Eşit Ağırlık,Tier 1 (Büyükşehir),Düşük,Aylık,4.2,0.53,15.3,9.6,9.53,2,10,49.66,-2.24,2,7.5,1,,4941.9,1,1.4,675,6
2026-OGR-0692,2025-08-28,12. Sınıf,Sayısal,Tier 2,Düşük,3 Aylık,9.5,0.68,15.5,6.5,10.86,0,12,42.92,1.88,4,5.63,0,3.4,1625.43,0,0.7,62,9
2026-OGR-0693,2026-06-04,12. Sınıf,Sayısal,Tier 1 (Büyükşehir),Yüksek,Yıllık,4.0,0.78,19.6,19.5,3.8,4,10,67.57,-1.84,2,1.39,0,3.1,4667.72,0,2.6,25,6
2026-OGR-0694,2025-12-11,Mezun,Sayısal,Tier 1 (Büyükşehir),Düşük,3 Aylık,9.5,0.95,16.9,14.4,5.88,2,6,52.26,-0.85,1,8.48,1,,2036.69,0,5.4,378,9
2026-OGR-0695,2025-04-19,Mezun,Sayısal,Tier 1 (Büyükşehir),Düşük,Aylık,8.6,0.22,12.8,2.7,3.21,3,15,49.26,-5.11,3,5.56,1,3.0,1440.73,1,2.3,343,9
2026-OGR-0696,2025-01-08,11. Sınıf,Eşit Ağırlık,Tier 2,Yüksek,Aylık,8.9,0.8,20.9,20.3,4.19,3,9,64.47,2.36,1,4.48,0,3.1,3485.04,0,2.1,34,13
2026-OGR-0697,2025-06-29,11. Sınıf,Sayısal,Tier 2,Orta,Aylık,5.9,0.84,15.6,11.5,21.02,2,16,43.85,-0.43,1,7.43,1,2.6,4940.95,0,6.1,323,11
2026-OGR-0698,2026-05-18,12. Sınıf,Sayısal,Tier 1 (Büyükşehir),Düşük,Aylık,5.6,0.89,15.8,14.0,14.58,2,13,69.78,-0.93,1,7.5,0,,4799.31,0,0.7,322,14
2026-OGR-0699,2025-04-10,11. Sınıf,Eşit Ağırlık,Tier 1 (Büyükşehir),Orta,3 Aylık,3.0,0.81,19.7,14.1,21.76,2,9,49.04,3.22,2,1.63,0,3.9,1609.44,0,3.1,252,12
2026-OGR-0700,2026-04-10,Mezun,Sayısal,Tier 2,Yüksek,Aylık,6.7,0.64,5.0,3.4,4.41,1,9,62.4,0.61,3,6.95,4,2.5,1675.6,1,1.6,517,8
2026-OGR-0701,2025-04-29,12. Sınıf,Eşit Ağırlık,Tier 2,Orta,Aylık,5.1,0.73,14.4,7.7,30.39,2,4,59.5,-5.06,1,0.37,3,2.8,1913.02,0,0.7,461,10
2026-OGR-0702,2026-06-07,11. Sınıf,Eşit Ağırlık,Tier 2,Orta,Yıllık,13.9,0.84,5.7,4.9,14.35,3,12,61.54,-10.99,0,2.25,0,4.5,3686.66,0,3.3,151,10
2026-OGR-0703,2026-03-18,12. Sınıf,Sözel,Tier 3,Yüksek,Aylık,3.5,0.59,14.7,9.1,1.78,1,9,49.75,1.5,4,13.22,2,4.6,4190.07,0,1.6,179,10
2026-OGR-0704,2026-06-03,11. Sınıf,Sayısal,Tier 1 (Büyükşehir),Orta,Aylık,5.5,0.52,10.4,5.9,34.05,0,19,34.33,-1.67,0,5.29,0,3.6,1848.02,0,3.0,34,11
2026-OGR-0705,2026-02-01,Mezun,Sayısal,Tier 3,Yüksek,Aylık,1.7,0.72,8.5,7.4,8.98,1,5,28.86,4.7,2,1.37,0,2.8,4544.74,0,3.2,302,6
2026-OGR-0706,2025-02-09,12. Sınıf,Eşit Ağırlık,Tier 1 (Büyükşehir),Orta,3 Aylık,7.6,0.35,8.1,4.2,15.45,2,12,60.87,7.74,3,3.46,2,,1628.68,0,1.1,513,8
2026-OGR-0707,2025-08-24,12. Sınıf,Sayısal,Tier 1 (Büyükşehir),Orta,Aylık,2.5,0.78,13.0,,14.23,2,7,58.1,0.99,3,3.13,0,,15290.09,1,2.5,48,8
2026-OGR-0708,2025-10-10,11. Sınıf,Eşit Ağırlık,Tier 2,Orta,3 Aylık,7.3,0.81,12.4,9.5,21.93,2,9,54.25,2.33,1,0.44,2,3.5,1762.9,0,2.1,664,3
2026-OGR-0709,2025-01-14,11. Sınıf,Sayısal,Tier 1 (Büyükşehir),,3 Aylık,4.2,0.81,9.5,7.8,14.8,2,11,27.48,-5.62,2,0.35,0,4.0,5102.99,0,1.4,15,8
2026-OGR-0710,2025-04-25,12. Sınıf,Eşit Ağırlık,Tier 1 (Büyükşehir),Orta,Aylık,7.7,0.85,8.9,8.4,12.4,1,9,63.61,2.74,1,6.47,1,3.5,4521.13,0,2.6,38,12
2026-OGR-0711,2026-01-13,12. Sınıf,Sözel,Tier 1 (Büyükşehir),Orta,3 Aylık,5.8,0.87,21.3,22.1,5.29,3,12,68.64,-3.53,2,1.47,1,4.3,1663.0,0,0.5,68,11
2026-OGR-0712,2025-10-13,12. Sınıf,Sayısal,Tier 2,Düşük,Yıllık,3.9,0.5,19.4,12.1,23.24,2,13,84.74,-0.81,0,2.93,2,3.7,1970.25,0,7.0,63,21
2026-OGR-0713,2026-03-29,11. Sınıf,Sayısal,Tier 3,Yüksek,Aylık,2.9,0.69,13.3,8.0,9.98,2,9,68.29,-2.46,0,2.64,2,3.3,1838.71,1,3.4,352,7
2026-OGR-0714,2026-05-08,12. Sınıf,Eşit Ağırlık,Tier 1 (Büyükşehir),Orta,3 Aylık,2.6,0.48,18.5,7.5,15.28,2,10,77.0,-3.52,0,12.72,2,,4658.29,1,3.8,157,8
2026-OGR-0715,2025-01-05,11. Sınıf,Eşit Ağırlık,Tier 1 (Büyükşehir),Yüksek,Yıllık,2.9,0.68,19.0,,20.13,2,11,53.66,0.37,0,0.56,1,,1780.0,0,4.8,202,12
2026-OGR-0716,2025-06-11,Mezun,Sayısal,Tier 1 (Büyükşehir),Yüksek,Aylık,9.1,0.7,12.8,12.2,8.51,0,12,62.91,1.12,2,1.27,1,3.5,5339.99,0,5.4,473,7
2026-OGR-0717,2025-11-29,12. Sınıf,Eşit Ağırlık,Tier 3,Yüksek,Yıllık,9.8,0.81,11.9,8.2,8.93,4,6,43.08,-1.74,1,3.53,2,,14261.37,0,1.1,176,10
2026-OGR-0718,2026-04-15,12. Sınıf,Sayısal,Tier 2,Düşük,Aylık,2.3,0.58,10.8,6.2,9.43,1,11,68.26,0.44,4,1.07,1,2.2,1722.86,1,2.8,416,7
2026-OGR-0719,2025-10-14,Mezun,Eşit Ağırlık,Tier 1 (Büyükşehir),Orta,3 Aylık,5.0,0.78,19.3,15.4,14.76,6,12,63.83,-2.6,0,1.33,0,3.7,1668.71,0,3.4,545,8
2026-OGR-0720,2025-10-28,12. Sınıf,Sayısal,Tier 3,Orta,Aylık,1.1,0.59,18.9,,23.75,3,13,47.79,8.05,3,11.49,0,3.0,17084.32,1,1.8,472,9
2026-OGR-0721,2025-10-01,12. Sınıf,Eşit Ağırlık,Tier 1 (Büyükşehir),Orta,Aylık,4.4,0.48,8.7,3.7,4.22,2,10,37.24,1.0,2,1.62,1,2.9,1897.78,0,3.6,406,9
2026-OGR-0722,2025-03-11,Mezun,Sayısal,Tier 2,Orta,3 Aylık,3.1,0.71,14.2,12.2,16.32,5,12,64.94,3.61,3,1.06,1,3.8,4703.33,0,1.7,237,7
2026-OGR-0723,2025-09-10,Mezun,Sözel,Tier 1 (Büyükşehir),Yüksek,3 Aylık,10.1,0.76,13.6,10.7,25.62,4,12,48.27,-0.44,1,4.26,1,2.7,2092.22,1,3.1,64,6
2026-OGR-0724,2025-12-01,12. Sınıf,Sayısal,Tier 1 (Büyükşehir),Yüksek,3 Aylık,0.9,0.91,9.6,,16.49,1,8,33.85,3.62,1,1.64,2,3.5,5274.44,0,3.7,62,12
2026-OGR-0725,2026-06-02,Mezun,Eşit Ağırlık,Tier 2,Orta,3 Aylık,6.8,0.95,20.3,19.3,14.66,2,13,50.22,-3.33,4,11.76,0,2.2,1764.47,0,3.9,395,11
2026-OGR-0726,2025-10-17,12. Sınıf,Eşit Ağırlık,Tier 1 (Büyükşehir),Düşük,Aylık,4.6,0.6,17.5,,27.7,4,6,60.03,-3.5,7,4.55,1,,5337.95,1,2.0,568,8
2026-OGR-0727,2025-11-03,Mezun,Sayısal,Tier 3,Yüksek,Yıllık,6.3,0.9,6.8,5.1,28.8,1,12,58.24,-0.75,1,4.82,3,3.1,16551.7,0,1.7,150,7
2026-OGR-0728,2026-01-13,Mezun,Sayısal,Tier 2,Orta,Aylık,4.2,0.61,13.4,8.3,13.97,2,5,61.13,0.29,1,0.87,1,3.4,4743.51,1,1.3,543,8
2026-OGR-0729,2026-01-16,Mezun,Sözel,Tier 1 (Büyükşehir),Yüksek,Yıllık,3.7,0.43,16.1,6.0,34.38,4,10,47.49,-1.73,2,1.02,2,2.4,4755.51,1,0.5,671,13
2026-OGR-0730,2026-06-02,11. Sınıf,Sözel,Tier 3,Orta,3 Aylık,3.7,0.79,17.2,,6.31,2,9,36.28,4.05,1,1.29,2,,1980.46,0,1.3,344,13
2026-OGR-0731,2026-03-16,12. Sınıf,Sayısal,Tier 3,Düşük,3 Aylık,12.3,0.59,6.5,,27.45,0,9,35.35,-3.01,2,6.72,1,,5524.9,1,2.7,604,13
2026-OGR-0732,2025-07-09,12. Sınıf,Dil,Tier 2,Düşük,Yıllık,2.5,0.79,20.0,,11.78,2,16,53.87,3.9,1,3.33,1,,16912.13,0,3.1,698,7
2026-OGR-0733,2026-02-13,12. Sınıf,Sayısal,Tier 1 (Büyükşehir),Düşük,3 Aylık,16.4,0.74,19.2,22.4,20.85,2,7,79.54,-3.48,0,4.77,1,4.0,4896.75,0,2.7,28,11
2026-OGR-0734,2025-03-14,Mezun,Sözel,Tier 3,Orta,Aylık,2.4,0.92,11.8,10.0,6.55,3,4,51.98,2.89,1,5.44,1,3.8,5736.64,0,2.0,692,14
2026-OGR-0735,2025-03-16,12. Sınıf,Sayısal,Tier 1 (Büyükşehir),Orta,3 Aylık,5.8,0.74,16.4,11.2,9.23,2,13,56.56,-0.3,1,0.55,0,3.7,1886.41,0,3.7,527,11
2026-OGR-0736,2025-08-27,12. Sınıf,Eşit Ağırlık,Tier 2,Orta,Yıllık,1.5,0.69,14.1,11.9,36.24,0,13,53.27,1.42,0,2.62,2,4.1,4366.37,1,2.1,150,8
2026-OGR-0737,2025-07-17,12. Sınıf,Eşit Ağırlık,Tier 2,Yüksek,3 Aylık,5.7,0.76,11.8,8.7,19.49,0,6,,6.7,0,7.1,0,,16371.91,0,1.1,136,9
2026-OGR-0738,2026-05-10,Mezun,Sayısal,Tier 1 (Büyükşehir),Orta,Yıllık,1.9,0.51,18.2,7.5,5.58,0,5,34.55,5.78,0,4.57,2,3.0,4923.43,1,5.0,546,10
2026-OGR-0739,2025-04-25,12. Sınıf,Eşit Ağırlık,Tier 1 (Büyükşehir),Yüksek,3 Aylık,4.5,0.62,13.1,6.7,22.86,0,10,40.71,-6.57,3,1.57,2,3.3,1628.75,0,4.8,39,10
2026-OGR-0740,2026-06-19,12. Sınıf,Eşit Ağırlık,Tier 2,Orta,3 Aylık,1.6,0.4,9.9,3.6,7.11,5,9,57.46,0.1,0,0.21,1,3.8,18589.87,0,2.7,238,4
2026-OGR-0741,2025-12-23,12. Sınıf,Sayısal,Tier 1 (Büyükşehir),Düşük,Aylık,7.0,0.54,13.5,7.9,19.82,2,16,41.87,-4.55,0,4.38,1,4.0,4904.47,0,2.6,89,10
2026-OGR-0742,2025-11-19,12. Sınıf,Eşit Ağırlık,Tier 1 (Büyükşehir),Orta,3 Aylık,3.6,0.72,14.9,9.0,12.9,1,13,37.66,1.44,1,1.12,2,,1722.56,1,2.3,111,7
2026-OGR-0743,2026-06-08,Mezun,Eşit Ağırlık,Tier 3,Orta,Yıllık,1.6,0.74,12.5,12.5,3.63,1,9,19.03,-1.74,1,1.86,1,3.7,1738.92,0,1.7,62,9
2026-OGR-0744,2025-11-30,12. Sınıf,Sözel,Tier 3,Yüksek,3 Aylık,4.6,0.68,12.9,9.2,7.49,3,8,42.9,-0.48,1,0.71,1,3.9,15070.95,0,3.0,169,11
2026-OGR-0745,2026-06-26,12. Sınıf,Sayısal,Tier 1 (Büyükşehir),Düşük,3 Aylık,4.5,0.97,17.1,15.2,6.36,0,8,29.93,-3.9,2,1.08,0,3.7,1624.97,0,1.6,621,8
2026-OGR-0746,2025-09-09,Mezun,Sayısal,Tier 1 (Büyükşehir),Orta,3 Aylık,2.4,0.76,18.0,12.1,22.67,1,8,44.89,1.8,0,2.65,0,4.3,17645.39,0,5.8,312,10
2026-OGR-0747,2025-07-09,11. Sınıf,Sayısal,Tier 3,Yüksek,Yıllık,5.5,0.64,4.0,2.2,14.24,1,11,30.56,-3.83,2,3.0,1,4.6,4357.85,0,2.2,619,6
2026-OGR-0748,2025-11-30,11. Sınıf,Sayısal,Tier 2,Yüksek,3 Aylık,4.7,0.85,18.1,17.4,10.66,2,12,71.94,2.62,1,0.86,1,3.5,5292.9,0,1.8,620,8
2026-OGR-0749,2026-01-21,Mezun,Dil,Tier 1 (Büyükşehir),Orta,Aylık,7.8,0.78,15.7,14.0,4.81,4,12,43.37,0.66,3,0.43,1,4.2,5483.17,0,4.5,690,9
2026-OGR-0750,2026-05-12,11. Sınıf,Sayısal,Tier 1 (Büyükşehir),Düşük,Yıllık,9.5,0.95,14.6,12.2,3.49,2,9,45.76,-5.29,1,2.39,2,3.4,1984.21,0,3.6,568,6
2026-OGR-0751,2025-12-31,Mezun,Eşit Ağırlık,Tier 2,Düşük,Aylık,2.3,0.78,16.4,,7.11,0,6,39.83,4.86,1,0.24,0,4.2,4168.22,0,1.5,110,12
2026-OGR-0752,2025-10-03,12. Sınıf,Sayısal,Tier 1 (Büyükşehir),Orta,3 Aylık,2.6,0.73,16.3,14.6,13.88,5,12,47.46,-5.25,0,4.17,1,5.0,1788.37,0,1.3,508,11
2026-OGR-0753,2025-06-08,Mezun,Sayısal,Tier 2,Düşük,3 Aylık,2.7,0.5,16.0,,4.26,1,9,46.31,6.99,2,10.29,0,4.2,4556.97,1,2.9,413,9
2026-OGR-0754,2025-04-06,12. Sınıf,Sayısal,Tier 2,Yüksek,3 Aylık,3.7,0.7,12.8,7.6,2.04,3,15,74.86,-0.57,2,1.02,0,3.8,14803.79,0,2.2,516,14
2026-OGR-0755,2025-05-13,12. Sınıf,Dil,Tier 3,,3 Aylık,13.4,0.45,8.0,3.6,6.1,2,8,35.65,0.84,3,9.9,1,5.0,4502.04,0,1.1,512,8
2026-OGR-0756,2026-06-25,12. Sınıf,Sözel,Tier 3,Orta,3 Aylık,3.2,0.91,19.0,19.0,9.12,1,4,65.58,1.72,1,0.42,0,2.5,4712.56,0,3.6,549,8
2026-OGR-0757,2026-04-21,Mezun,Sayısal,Tier 1 (Büyükşehir),Yüksek,3 Aylık,12.1,0.8,12.2,11.6,10.51,4,8,47.71,-2.45,2,10.05,1,4.3,1919.54,1,1.9,391,8
2026-OGR-0758,2025-10-03,12. Sınıf,Sözel,Tier 1 (Büyükşehir),Orta,Yıllık,3.0,0.6,15.2,10.4,0.68,1,12,45.52,3.02,2,2.16,3,3.4,2011.72,0,3.4,146,8
2026-OGR-0759,2025-01-19,11. Sınıf,Sayısal,Tier 3,Orta,3 Aylık,3.1,0.55,10.5,6.1,15.93,2,3,61.27,-0.29,2,1.81,0,4.9,1846.45,0,3.2,505,5
2026-OGR-0760,2026-02-19,11. Sınıf,Sayısal,Tier 2,Düşük,Aylık,5.9,0.75,8.0,5.9,10.92,3,9,46.28,-7.92,2,5.1,2,,4561.62,0,2.6,322,9
2026-OGR-0761,2026-01-24,11. Sınıf,Eşit Ağırlık,Tier 3,Orta,3 Aylık,9.1,0.88,13.5,14.1,10.49,1,10,46.52,0.83,0,3.27,0,4.5,1789.61,0,2.4,332,8
2026-OGR-0762,2025-03-06,11. Sınıf,Eşit Ağırlık,Tier 2,Yüksek,Aylık,10.8,0.68,15.8,17.3,10.6,3,12,59.46,2.47,2,1.12,1,3.5,17291.87,0,1.9,306,7
2026-OGR-0763,2025-07-28,12. Sınıf,Sayısal,Tier 2,Orta,Aylık,4.2,0.77,15.0,12.3,10.69,3,17,22.37,-1.15,0,0.16,0,2.0,4556.03,0,6.2,279,11
2026-OGR-0764,2026-05-10,12. Sınıf,Sözel,Tier 2,Yüksek,Aylık,3.7,0.83,14.9,14.1,5.65,9,11,48.72,-2.19,0,3.15,1,4.0,5469.23,0,5.5,600,8
2026-OGR-0765,2025-09-14,Mezun,Eşit Ağırlık,Tier 2,Orta,Aylık,5.4,0.5,15.4,7.1,25.16,5,13,90.17,-0.6,2,0.86,1,3.8,5305.68,1,1.7,21,5
2026-OGR-0766,2025-01-29,Mezun,Sözel,Tier 2,Yüksek,Yıllık,9.1,0.51,20.5,10.4,24.15,2,13,57.34,-2.74,1,2.89,0,5.0,1695.72,0,2.3,360,10
2026-OGR-0767,2026-03-21,Mezun,Sayısal,Tier 1 (Büyükşehir),,3 Aylık,6.6,0.77,10.6,7.1,7.6,3,9,46.51,2.85,0,8.11,2,4.1,16128.55,0,2.2,314,17
2026-OGR-0768,2025-06-07,11. Sınıf,Sayısal,Tier 1 (Büyükşehir),Orta,3 Aylık,3.6,0.59,12.2,4.9,10.8,1,13,65.62,3.84,5,2.96,1,3.4,1560.91,0,3.3,168,9
2026-OGR-0769,2025-12-17,12. Sınıf,Sözel,Tier 3,Yüksek,3 Aylık,1.8,0.88,12.1,11.3,3.24,3,10,66.46,0.04,1,0.45,1,4.4,5271.31,0,1.8,584,3
2026-OGR-0770,2026-04-12,12. Sınıf,Sayısal,Tier 1 (Büyükşehir),Orta,Aylık,9.1,0.65,15.8,,28.3,2,10,77.5,-0.81,2,8.05,1,3.7,5094.34,1,3.1,74,13
2026-OGR-0771,2025-01-07,11. Sınıf,Eşit Ağırlık,Tier 3,Orta,Yıllık,9.8,0.42,19.6,8.2,9.1,3,14,65.02,-3.11,1,3.58,2,2.9,2126.08,1,2.3,417,8
2026-OGR-0772,2026-04-14,11. Sınıf,Sayısal,Tier 2,Düşük,Aylık,4.3,0.92,9.0,9.8,20.47,0,12,50.68,-0.58,0,4.2,2,3.9,1620.8,0,3.7,307,12
2026-OGR-0773,2026-04-29,12. Sınıf,Sözel,Tier 3,Düşük,3 Aylık,2.0,0.69,16.3,10.2,13.25,2,9,55.34,-0.31,2,1.43,1,2.5,5424.68,0,5.4,154,11
2026-OGR-0774,2025-07-29,12. Sınıf,Sayısal,Tier 1 (Büyükşehir),Yüksek,Yıllık,16.4,0.95,16.7,16.7,3.63,1,11,61.18,-1.37,0,1.36,0,3.6,1784.85,0,2.1,419,8
2026-OGR-0775,2025-10-07,11. Sınıf,Sözel,Tier 2,Yüksek,3 Aylık,7.7,0.55,13.6,6.1,9.37,2,6,52.1,-3.75,2,1.6,1,4.0,3808.62,1,3.9,652,12
2026-OGR-0776,2025-07-06,11. Sınıf,Eşit Ağırlık,Tier 2,Orta,Aylık,3.2,0.84,10.3,7.2,12.31,3,14,45.89,-3.59,0,3.02,1,5.0,1589.01,0,2.9,558,11
2026-OGR-0777,2025-05-30,12. Sınıf,Sayısal,Tier 3,Yüksek,3 Aylık,5.8,0.6,17.7,9.3,27.32,2,16,48.59,3.02,1,1.54,1,4.7,1888.12,0,1.8,499,19
2026-OGR-0778,2025-06-15,11. Sınıf,Sözel,Tier 1 (Büyükşehir),Orta,Yıllık,4.1,0.59,14.2,8.1,14.2,2,6,69.5,1.99,2,0.77,2,4.7,4935.46,0,3.2,643,8
2026-OGR-0779,2025-09-18,12. Sınıf,Eşit Ağırlık,Tier 1 (Büyükşehir),Orta,3 Aylık,3.9,0.51,7.7,3.8,12.81,3,9,64.04,5.04,1,22.47,2,4.2,5538.17,0,5.3,54,7
2026-OGR-0780,2025-12-01,12. Sınıf,Eşit Ağırlık,Tier 2,Orta,Aylık,7.1,0.34,10.9,3.4,17.38,4,15,49.95,3.34,5,5.8,1,5.0,1469.42,1,3.2,589,7
2026-OGR-0781,2025-05-28,12. Sınıf,Sayısal,Tier 2,Orta,Aylık,3.2,0.53,18.0,13.3,7.77,2,8,56.12,2.26,0,14.83,2,3.9,5027.41,0,2.9,191,7
2026-OGR-0782,2025-03-04,12. Sınıf,Eşit Ağırlık,Tier 1 (Büyükşehir),Düşük,Aylık,0.3,0.52,16.5,11.2,38.69,4,13,57.79,-0.74,0,3.08,2,2.0,4553.28,1,1.6,361,7
2026-OGR-0783,2026-02-10,Mezun,Sayısal,Tier 2,Orta,Aylık,2.4,0.8,7.1,6.2,6.86,3,7,60.72,1.94,3,6.09,0,4.2,4734.41,0,1.0,265,8
2026-OGR-0784,2025-06-12,12. Sınıf,Dil,Tier 1 (Büyükşehir),Yüksek,Aylık,1.2,0.58,6.1,4.0,23.8,2,12,48.49,-1.79,2,7.01,1,3.0,1874.83,1,3.3,165,9
2026-OGR-0785,2025-04-07,11. Sınıf,Dil,Tier 2,Orta,3 Aylık,5.9,0.74,15.0,7.6,7.17,4,7,46.1,0.86,1,5.07,1,4.1,1800.56,1,2.3,582,9
2026-OGR-0786,2025-03-05,12. Sınıf,Eşit Ağırlık,Tier 1 (Büyükşehir),Orta,Yıllık,4.6,0.88,18.3,17.4,9.62,0,5,43.53,-0.46,0,8.68,0,4.4,1918.17,0,1.7,494,10
2026-OGR-0787,2025-11-06,11. Sınıf,Eşit Ağırlık,Tier 3,Orta,Aylık,3.1,0.59,11.5,7.0,33.54,3,7,51.72,-5.35,1,4.54,2,4.2,4750.2,1,2.1,172,9
2026-OGR-0788,2025-02-08,12. Sınıf,Sayısal,Tier 1 (Büyükşehir),Orta,3 Aylık,2.9,0.8,10.4,8.8,17.48,2,8,33.43,0.51,0,3.31,0,3.5,1936.39,0,1.6,281,9
2026-OGR-0789,2026-01-30,12. Sınıf,Eşit Ağırlık,Tier 3,Orta,Aylık,1.7,0.9,16.9,14.9,6.56,2,18,80.76,-4.92,2,2.94,3,3.4,1548.74,0,2.4,699,10
2026-OGR-0790,2025-11-07,Mezun,Eşit Ağırlık,Tier 1 (Büyükşehir),Orta,3 Aylık,2.4,0.63,14.2,8.5,25.16,1,8,86.66,-0.4,0,3.31,0,,17299.81,1,2.8,505,8
2026-OGR-0791,2026-05-09,Mezun,Sayısal,Tier 1 (Büyükşehir),Orta,Aylık,7.0,0.89,16.6,19.6,8.85,4,5,32.74,2.39,3,3.39,0,,4731.21,0,1.8,245,7
2026-OGR-0792,2025-03-12,Mezun,Sözel,Tier 3,Orta,Aylık,3.4,0.67,9.3,6.3,10.5,1,16,50.8,1.42,4,0.68,2,3.3,14396.94,0,0.8,218,11
2026-OGR-0793,2026-02-22,Mezun,Dil,Tier 3,Yüksek,Aylık,11.0,0.82,12.6,11.3,25.13,4,13,57.77,-2.56,1,11.15,1,3.7,4838.43,1,2.7,277,6
2026-OGR-0794,2025-03-19,Mezun,Eşit Ağırlık,Tier 1 (Büyükşehir),Yüksek,Aylık,3.9,0.86,17.8,16.6,31.53,4,15,36.13,-1.38,3,8.48,0,4.2,15265.97,1,5.4,593,9
2026-OGR-0795,2026-02-02,Mezun,Sayısal,Tier 3,Düşük,3 Aylık,4.5,0.45,15.6,7.3,15.34,5,16,72.49,-3.55,0,5.15,0,,4756.63,1,3.0,355,8
2026-OGR-0796,2026-02-16,12. Sınıf,Sayısal,Tier 2,Orta,Aylık,6.6,0.77,17.9,15.1,12.17,0,14,64.48,4.4,3,3.69,3,4.0,1904.78,0,3.0,359,8
2026-OGR-0797,2026-01-27,Mezun,Sayısal,Tier 2,Yüksek,3 Aylık,2.8,0.89,8.5,9.6,5.01,1,9,42.01,-1.85,6,1.54,0,3.1,1998.28,0,2.5,589,11
2026-OGR-0798,2025-01-18,11. Sınıf,Sayısal,Tier 3,Orta,Aylık,7.4,0.77,7.8,7.0,6.29,4,10,34.18,5.33,1,1.9,0,4.9,1991.89,0,0.7,125,12
2026-OGR-0799,2025-04-26,11. Sınıf,Dil,Tier 3,Yüksek,Aylık,6.1,0.7,11.4,9.9,17.06,1,14,50.34,2.84,0,5.25,1,4.1,18075.37,0,4.2,485,6
2026-OGR-0800,2025-07-28,Mezun,Sayısal,Tier 2,Düşük,Aylık,1.4,0.35,17.1,,8.75,1,11,51.2,-1.97,1,2.42,0,3.9,1960.09,1,1.2,452,6
2026-OGR-0801,2026-01-01,12. Sınıf,Eşit Ağırlık,Tier 1 (Büyükşehir),Yüksek,Aylık,4.7,0.76,13.1,10.8,16.66,3,13,39.84,0.31,3,5.59,1,3.0,4313.62,0,3.8,641,5
2026-OGR-0802,2025-03-16,12. Sınıf,Sözel,Tier 1 (Büyükşehir),Orta,Aylık,8.5,0.77,15.2,11.2,15.11,1,9,63.04,-0.81,1,5.3,1,2.9,1685.76,0,0.8,592,11
2026-OGR-0803,2026-05-14,12. Sınıf,Eşit Ağırlık,Tier 1 (Büyükşehir),,Yıllık,10.8,0.8,9.6,8.9,14.98,1,7,33.29,-1.3,0,12.78,2,3.9,2044.06,1,5.4,235,12
2026-OGR-0804,2025-06-08,12. Sınıf,Eşit Ağırlık,Tier 2,Orta,Aylık,4.7,0.95,17.6,17.5,17.12,4,14,55.9,-2.28,1,2.44,2,4.3,18665.48,0,5.2,33,8
2026-OGR-0805,2026-06-20,11. Sınıf,Eşit Ağırlık,Tier 1 (Büyükşehir),Orta,Aylık,5.5,0.59,14.3,8.9,12.28,1,12,62.82,2.02,2,1.45,1,3.6,1634.54,1,3.0,561,10
2026-OGR-0806,2025-02-16,11. Sınıf,Sayısal,Tier 2,Orta,Aylık,2.7,0.51,11.3,6.6,15.36,5,10,49.25,-3.37,1,6.26,2,4.7,1828.18,0,3.5,77,17
2026-OGR-0807,2026-04-17,12. Sınıf,Eşit Ağırlık,Tier 1 (Büyükşehir),Yüksek,Aylık,1.1,0.64,14.8,8.5,29.93,0,10,44.61,-2.43,2,2.02,0,4.5,4452.7,0,2.2,141,9
2026-OGR-0808,2026-04-24,11. Sınıf,Sayısal,Tier 2,Düşük,3 Aylık,4.6,0.66,9.6,5.0,25.21,2,13,70.54,2.05,2,1.18,0,2.8,1782.1,0,3.3,179,10
2026-OGR-0809,2026-06-15,Mezun,Sayısal,Tier 2,Orta,3 Aylık,3.2,0.64,8.2,6.3,2.2,1,9,61.45,-1.7,0,12.31,1,4.9,1976.35,0,2.0,340,6
2026-OGR-0810,2025-02-26,12. Sınıf,Sözel,Tier 3,Yüksek,Yıllık,4.1,0.69,15.3,11.4,3.87,2,8,70.51,0.54,2,8.97,3,4.1,4677.13,0,3.8,276,8
2026-OGR-0811,2025-01-12,11. Sınıf,Eşit Ağırlık,Tier 1 (Büyükşehir),Yüksek,3 Aylık,5.4,0.74,11.9,9.1,15.24,2,19,37.32,3.58,2,3.37,0,,1621.64,1,2.8,622,9
2026-OGR-0812,2025-05-08,12. Sınıf,Sözel,Tier 1 (Büyükşehir),Orta,Yıllık,4.1,0.44,14.5,6.7,8.11,4,8,62.14,-0.1,2,10.28,1,2.0,2154.18,1,4.3,229,7
2026-OGR-0813,2025-11-26,12. Sınıf,Eşit Ağırlık,Tier 1 (Büyükşehir),Düşük,Aylık,3.5,0.55,14.7,6.4,8.86,0,10,56.67,2.0,0,6.85,1,3.6,1770.76,0,2.5,69,6
2026-OGR-0814,2025-07-25,11. Sınıf,Eşit Ağırlık,Tier 1 (Büyükşehir),Orta,3 Aylık,9.4,0.9,18.9,18.7,15.69,2,13,43.23,-6.12,1,5.26,1,,16965.33,0,1.5,429,9
2026-OGR-0815,2025-08-22,12. Sınıf,Eşit Ağırlık,Tier 1 (Büyükşehir),Orta,3 Aylık,5.9,0.87,18.1,15.6,9.13,1,14,49.27,0.79,4,3.06,0,2.6,1894.14,0,1.7,41,16
2026-OGR-0816,2025-10-20,11. Sınıf,Sayısal,Tier 1 (Büyükşehir),Orta,Aylık,2.3,0.83,11.5,7.4,22.54,3,13,33.14,3.6,1,4.67,1,4.3,2023.18,0,2.2,195,12
2026-OGR-0817,2025-08-01,11. Sınıf,Dil,Tier 2,Yüksek,Aylık,1.5,0.81,20.0,13.2,1.51,1,9,68.09,0.46,1,1.22,1,3.3,1907.18,0,3.5,334,6
2026-OGR-0818,2025-08-09,11. Sınıf,Sayısal,Tier 1 (Büyükşehir),Orta,Aylık,2.5,0.87,18.1,13.8,7.98,1,14,64.89,-3.0,1,6.71,2,3.7,4563.35,0,2.2,158,8
2026-OGR-0819,2025-12-01,12. Sınıf,Eşit Ağırlık,Tier 2,Orta,Aylık,1.1,0.88,13.9,14.5,27.78,4,9,54.28,1.89,2,5.47,0,2.8,15949.81,1,1.1,256,7
2026-OGR-0820,2025-03-28,Mezun,Eşit Ağırlık,Tier 2,Yüksek,3 Aylık,0.7,0.68,14.7,11.5,14.86,3,5,43.03,-1.71,2,5.2,1,5.0,1944.08,0,2.0,371,7
2026-OGR-0821,2025-04-28,11. Sınıf,Sayısal,Tier 1 (Büyükşehir),Yüksek,3 Aylık,9.4,0.51,14.9,7.5,6.6,0,14,41.07,1.97,0,2.88,1,3.9,1924.59,0,1.9,237,13
2026-OGR-0822,2025-08-06,12. Sınıf,Sayısal,Tier 1 (Büyükşehir),Orta,Aylık,2.7,0.67,13.8,9.8,18.02,2,13,67.89,2.71,4,7.4,1,5.0,17628.52,1,1.5,174,8
2026-OGR-0823,2025-08-28,12. Sınıf,Sayısal,Tier 2,Orta,Yıllık,9.5,0.84,14.6,12.2,11.56,2,11,,3.58,2,1.51,1,3.7,2067.38,0,5.1,166,4
2026-OGR-0824,2025-09-07,12. Sınıf,Sayısal,Tier 3,Yüksek,Aylık,3.3,0.68,6.6,6.0,2.04,3,10,52.68,-4.29,1,0.08,0,4.8,14509.83,0,1.0,125,9
2026-OGR-0825,2025-09-16,12. Sınıf,Sözel,Tier 1 (Büyükşehir),Orta,3 Aylık,1.9,0.6,9.6,7.2,24.16,0,11,33.26,-2.21,0,1.11,0,4.2,15833.97,0,3.3,231,12
2026-OGR-0826,2025-07-17,11. Sınıf,Sayısal,Tier 1 (Büyükşehir),Orta,Yıllık,6.7,0.91,13.4,13.6,1.47,3,8,41.97,-3.44,2,2.85,1,3.4,4850.42,0,4.6,635,10
2026-OGR-0827,2025-12-04,Mezun,Eşit Ağırlık,Tier 1 (Büyükşehir),Düşük,Aylık,12.0,0.54,13.7,8.7,1.69,5,6,50.88,-4.37,2,0.49,2,3.3,1683.13,0,1.4,26,7
2026-OGR-0828,2025-01-09,Mezun,Sözel,Tier 3,Orta,3 Aylık,1.1,0.62,11.7,6.5,16.87,2,10,42.53,4.29,2,27.34,0,5.0,1516.28,0,1.6,213,8
2026-OGR-0829,2025-08-10,Mezun,Sayısal,Tier 1 (Büyükşehir),,Aylık,0.9,0.84,10.3,8.1,3.44,3,10,35.88,2.02,2,1.49,1,2.5,4795.91,0,1.5,89,8
2026-OGR-0830,2025-08-24,11. Sınıf,Sayısal,Tier 1 (Büyükşehir),Düşük,Yıllık,0.7,0.79,9.5,9.4,3.13,7,6,52.21,-0.96,1,5.91,0,3.6,1669.61,0,5.3,227,12
2026-OGR-0831,2025-11-02,Mezun,Sayısal,Tier 1 (Büyükşehir),Yüksek,Yıllık,1.5,0.69,16.3,10.6,19.24,2,11,47.53,3.48,0,0.25,0,5.0,4988.54,0,2.7,157,5
2026-OGR-0832,2026-03-12,Mezun,Dil,Tier 1 (Büyükşehir),Orta,Aylık,15.3,0.46,13.7,6.6,4.39,2,11,43.29,3.8,2,3.87,1,3.6,6301.32,1,2.6,520,6
2026-OGR-0833,2026-03-03,12. Sınıf,Sayısal,Tier 2,Orta,3 Aylık,5.6,0.92,17.8,16.8,5.65,1,10,85.4,-1.55,1,7.79,1,4.0,4641.8,0,1.5,577,11
2026-OGR-0834,2025-02-27,12. Sınıf,Eşit Ağırlık,Tier 2,Orta,Aylık,4.1,0.71,16.5,14.9,13.85,3,15,38.91,-2.05,0,2.2,1,3.4,1503.61,0,3.6,383,10
2026-OGR-0835,2025-06-10,Mezun,Sözel,Tier 3,Orta,3 Aylık,10.7,0.82,15.5,7.9,18.67,1,13,67.31,-0.27,0,4.67,0,3.9,14128.07,1,2.5,34,9
2026-OGR-0836,2025-12-01,12. Sınıf,Sayısal,Tier 3,Yüksek,3 Aylık,3.3,0.34,16.0,7.1,5.17,4,5,64.9,-3.17,0,4.49,0,4.4,1829.02,1,3.5,416,7
2026-OGR-0837,2025-05-02,12. Sınıf,Eşit Ağırlık,Tier 2,Orta,Aylık,6.4,0.78,21.8,15.3,10.99,4,9,81.04,-2.15,1,3.29,3,5.0,4610.01,0,1.5,291,13
2026-OGR-0838,2025-06-15,Mezun,Sayısal,Tier 1 (Büyükşehir),Orta,3 Aylık,3.6,0.94,14.4,11.6,6.15,1,17,39.47,2.63,2,3.32,1,3.6,5143.71,0,0.6,443,11
2026-OGR-0839,2025-02-06,12. Sınıf,Eşit Ağırlık,Tier 1 (Büyükşehir),Yüksek,Aylık,7.5,0.72,11.5,6.9,13.25,4,13,43.77,-5.48,1,14.76,2,4.0,4568.03,0,2.7,358,11
2026-OGR-0840,2025-12-28,Mezun,Sayısal,Tier 1 (Büyükşehir),Orta,3 Aylık,10.1,0.74,17.6,12.0,5.35,5,10,,-1.02,2,5.13,1,3.9,5324.38,0,2.5,106,7
2026-OGR-0841,2025-01-08,11. Sınıf,Sayısal,Tier 1 (Büyükşehir),Orta,Aylık,2.1,0.49,8.9,4.3,5.21,2,7,56.45,6.21,1,5.26,1,4.8,17192.17,1,3.4,336,10
2026-OGR-0842,2025-12-20,12. Sınıf,Sözel,Tier 2,Orta,3 Aylık,5.4,0.91,11.1,12.7,3.97,3,13,40.55,0.22,1,3.04,2,3.5,2072.62,0,2.5,274,12
2026-OGR-0843,2025-11-09,12. Sınıf,Sayısal,Tier 1 (Büyükşehir),Orta,Aylık,16.3,0.87,10.1,9.7,2.14,0,11,76.2,4.05,0,0.56,0,3.8,17243.59,0,3.1,506,5
2026-OGR-0844,2025-01-22,Mezun,Sayısal,Tier 2,Orta,Aylık,13.5,0.65,12.1,8.0,7.14,0,9,46.02,1.48,2,2.73,1,4.6,1748.98,0,1.4,647,6
2026-OGR-0845,2026-04-24,Mezun,Eşit Ağırlık,Tier 2,Yüksek,Yıllık,2.1,0.8,16.5,13.5,6.52,1,10,64.57,2.13,2,7.63,0,4.2,4685.72,0,6.3,529,7
2026-OGR-0846,2025-01-16,12. Sınıf,Sözel,Tier 1 (Büyükşehir),Yüksek,3 Aylık,5.4,0.9,14.5,11.1,6.19,1,7,54.97,-2.79,0,7.15,2,3.4,1859.7,0,2.9,193,5
2026-OGR-0847,2025-01-28,12. Sınıf,Sayısal,Tier 1 (Büyükşehir),,Aylık,1.8,0.78,16.6,14.5,19.33,2,5,51.54,0.18,1,2.38,3,4.3,1866.36,0,2.4,265,8
2026-OGR-0848,2026-04-02,12. Sınıf,Sayısal,Tier 2,Orta,Yıllık,1.4,0.8,12.4,,27.18,3,11,84.28,-3.66,2,5.76,1,4.4,5312.05,1,3.4,166,11
2026-OGR-0849,2025-12-05,Mezun,Sözel,Tier 1 (Büyükşehir),Orta,Yıllık,2.2,0.73,8.3,,9.69,1,12,77.09,4.14,0,10.0,0,3.1,4061.38,1,1.6,139,7
2026-OGR-0850,2025-02-01,11. Sınıf,Sayısal,Tier 2,Orta,Aylık,3.5,0.62,18.6,13.1,7.33,3,17,62.62,-2.21,0,1.11,1,4.4,1487.2,0,5.2,582,7
2026-OGR-0851,2025-08-26,11. Sınıf,Eşit Ağırlık,Tier 1 (Büyükşehir),Yüksek,3 Aylık,2.4,0.77,8.5,5.0,7.69,0,12,45.37,4.53,1,5.28,1,,2035.5,0,2.7,404,11
2026-OGR-0852,2026-05-15,12. Sınıf,Dil,Tier 2,Orta,Aylık,1.2,0.65,18.6,15.5,45.98,2,16,58.43,-0.43,0,8.49,1,4.7,18138.67,1,4.3,218,9
2026-OGR-0853,2026-05-25,11. Sınıf,Sözel,Tier 1 (Büyükşehir),Orta,Aylık,11.3,0.65,11.6,8.0,4.25,1,10,60.95,-3.64,1,3.2,1,3.6,5308.56,0,1.2,641,5
2026-OGR-0854,2026-06-20,12. Sınıf,Sözel,Tier 1 (Büyükşehir),Yüksek,Aylık,4.0,0.64,11.2,5.6,34.96,2,8,32.95,-1.52,3,3.44,2,,1741.55,1,3.7,196,12
2026-OGR-0855,2026-01-16,12. Sınıf,Eşit Ağırlık,Tier 2,Orta,3 Aylık,6.6,0.68,19.3,10.7,6.0,1,9,52.35,2.13,3,1.98,1,3.4,5769.44,1,2.6,346,11
2026-OGR-0856,2026-02-01,11. Sınıf,Sözel,Tier 2,Orta,Aylık,0.8,0.71,14.2,8.3,13.55,4,13,54.64,5.14,1,0.46,2,,1537.17,0,1.8,614,11
2026-OGR-0857,2026-05-04,12. Sınıf,Eşit Ağırlık,Tier 3,Orta,Yıllık,8.6,0.3,12.6,4.0,39.42,3,8,56.28,0.4,0,3.69,3,4.4,4686.9,1,0.9,166,9
2026-OGR-0858,2025-06-27,Mezun,Sözel,Tier 2,Orta,Yıllık,4.8,0.81,11.6,11.5,7.38,3,17,60.03,1.69,2,1.96,2,,1573.25,0,6.8,299,7
2026-OGR-0859,2025-11-01,12. Sınıf,Sayısal,Tier 2,Orta,Aylık,5.2,0.72,14.0,7.0,40.21,0,10,45.07,-3.5,2,12.14,0,4.2,1942.71,1,2.4,522,12
2026-OGR-0860,2026-02-25,11. Sınıf,Sözel,Tier 1 (Büyükşehir),Orta,3 Aylık,2.3,0.44,11.1,3.1,9.1,3,13,40.2,6.55,0,2.88,0,4.3,14705.64,0,1.7,570,9
2026-OGR-0861,2025-02-23,12. Sınıf,Sözel,Tier 2,Yüksek,Aylık,4.5,0.37,9.0,,16.42,4,7,65.77,1.88,3,0.79,2,2.5,2056.69,1,3.6,614,8
2026-OGR-0862,2026-03-24,12. Sınıf,Eşit Ağırlık,Tier 2,Yüksek,Aylık,1.6,0.73,15.6,15.9,13.1,3,11,64.79,3.57,0,1.61,1,4.0,2117.0,0,2.9,610,7
2026-OGR-0863,2026-06-02,Mezun,Eşit Ağırlık,Tier 1 (Büyükşehir),Orta,3 Aylık,3.7,0.54,17.4,8.0,29.66,0,7,44.23,-1.65,0,6.16,2,,1891.43,1,0.5,101,4
2026-OGR-0864,2025-09-08,12. Sınıf,Eşit Ağırlık,Tier 2,Düşük,Aylık,2.5,0.92,14.0,11.2,6.22,2,11,80.53,2.85,1,5.97,0,4.3,1887.19,0,5.0,270,10
2026-OGR-0865,2025-11-29,Mezun,Sayısal,Tier 2,Düşük,3 Aylık,1.9,0.71,16.4,12.2,6.5,5,18,55.01,0.64,2,6.38,2,3.6,4131.16,0,4.3,59,10
2026-OGR-0866,2025-02-26,Mezun,Eşit Ağırlık,Tier 2,Orta,Aylık,3.5,0.52,12.6,5.6,18.05,0,18,38.21,1.75,0,2.99,1,4.0,18756.12,1,4.0,320,13
2026-OGR-0867,2026-05-13,11. Sınıf,Sözel,Tier 2,Orta,3 Aylık,4.7,0.62,14.2,5.6,4.28,1,10,54.06,-2.16,2,6.08,1,3.2,1689.34,0,3.8,86,10
2026-OGR-0868,2026-02-25,12. Sınıf,Eşit Ağırlık,Tier 2,,Aylık,6.2,0.58,14.3,8.3,14.66,0,13,30.34,1.26,1,0.82,1,4.1,1593.41,0,5.0,48,5
2026-OGR-0869,2025-04-14,11. Sınıf,Sayısal,Tier 3,Düşük,Aylık,2.8,0.63,7.0,5.1,22.15,1,14,51.78,1.59,3,1.24,1,2.8,4616.22,1,3.1,17,8
2026-OGR-0870,2025-09-10,Mezun,Eşit Ağırlık,Tier 2,Düşük,3 Aylık,10.6,0.64,11.5,7.9,7.46,2,5,55.44,1.55,3,2.91,2,3.9,5666.68,0,2.3,625,7
2026-OGR-0871,2025-07-26,12. Sınıf,Sayısal,Tier 1 (Büyükşehir),Düşük,3 Aylık,1.7,0.79,14.0,8.8,20.14,1,12,44.52,-1.12,2,1.72,1,3.2,2079.25,1,2.4,15,12
2026-OGR-0872,2026-02-03,12. Sınıf,Sayısal,Tier 1 (Büyükşehir),Yüksek,Aylık,2.2,0.95,10.0,11.0,28.01,2,6,35.38,3.34,0,2.25,2,3.1,5167.59,0,1.9,102,9
2026-OGR-0873,2025-09-10,12. Sınıf,Sayısal,Tier 2,Yüksek,Yıllık,2.2,0.84,17.7,18.2,11.65,1,14,70.32,-0.12,1,4.09,0,4.2,5381.75,0,2.7,443,7
2026-OGR-0874,2025-08-31,12. Sınıf,Eşit Ağırlık,Tier 3,Yüksek,3 Aylık,1.0,0.59,11.2,5.7,14.55,1,9,45.7,-2.12,2,0.21,1,4.8,3997.08,0,1.0,131,7
2026-OGR-0875,2026-03-15,11. Sınıf,Eşit Ağırlık,Tier 1 (Büyükşehir),Orta,Yıllık,10.4,0.8,8.9,5.9,5.63,3,16,55.64,0.08,1,10.52,2,1.9,15897.92,0,3.5,309,5
2026-OGR-0876,2025-10-22,12. Sınıf,Sayısal,Tier 1 (Büyükşehir),Orta,3 Aylık,6.2,0.9,13.0,11.3,17.0,3,13,43.8,-0.75,1,1.16,3,,1848.6,0,5.0,336,6
2026-OGR-0877,2025-12-08,12. Sınıf,Sayısal,Tier 1 (Büyükşehir),Düşük,Aylık,2.9,0.58,21.2,9.8,5.15,3,13,53.37,4.15,3,3.35,1,5.0,15469.7,0,3.7,210,5
2026-OGR-0878,2026-01-16,12. Sınıf,Sayısal,Tier 3,Düşük,3 Aylık,6.2,0.64,15.5,10.0,3.57,2,8,52.52,1.59,1,2.44,1,,1720.72,0,1.8,353,9
2026-OGR-0879,2025-03-27,12. Sınıf,Sayısal,Tier 1 (Büyükşehir),Orta,Aylık,1.7,0.82,14.8,12.3,2.86,4,8,53.02,-0.96,2,3.15,0,2.9,1725.94,0,4.4,296,8
2026-OGR-0880,2025-10-01,12. Sınıf,Eşit Ağırlık,Tier 1 (Büyükşehir),Orta,3 Aylık,6.3,0.75,15.2,,22.17,4,20,,0.95,3,0.55,2,,1195.93,0,1.8,513,11
2026-OGR-0881,2026-03-19,Mezun,Sayısal,Tier 3,Orta,3 Aylık,1.1,0.39,9.8,4.5,6.08,3,15,73.88,0.88,2,23.57,2,4.2,17178.95,1,4.8,464,10
2026-OGR-0882,2025-10-25,12. Sınıf,Sayısal,Tier 1 (Büyükşehir),,Aylık,10.0,0.68,12.1,7.6,40.06,4,11,68.94,-4.52,1,0.24,0,2.8,1568.08,1,2.4,22,7
2026-OGR-0883,2025-01-25,11. Sınıf,Sayısal,Tier 1 (Büyükşehir),Yüksek,3 Aylık,7.0,0.9,14.7,,10.94,2,13,62.53,-3.56,0,0.24,1,3.9,5061.82,0,1.6,47,10
2026-OGR-0884,2025-06-27,11. Sınıf,Sayısal,Tier 1 (Büyükşehir),Düşük,Aylık,4.2,0.51,15.2,8.6,9.53,0,8,48.09,-2.43,0,4.79,1,,1581.53,1,0.7,373,8
2026-OGR-0885,2025-10-12,12. Sınıf,Sayısal,Tier 2,Yüksek,Aylık,2.4,0.54,12.0,7.5,16.92,3,16,45.57,-1.06,2,20.08,1,3.0,1768.59,1,2.8,603,7
2026-OGR-0886,2026-06-17,12. Sınıf,Sayısal,Tier 1 (Büyükşehir),Düşük,Yıllık,4.0,0.94,23.9,26.9,11.02,1,13,17.87,-0.86,0,3.57,2,2.4,4824.92,0,1.4,64,8
2026-OGR-0887,2025-11-12,12. Sınıf,Sözel,Tier 1 (Büyükşehir),Yüksek,3 Aylık,0.7,0.51,12.2,,1.56,2,8,,-0.5,3,2.74,1,3.9,1633.52,0,4.6,394,11
2026-OGR-0888,2025-12-04,11. Sınıf,Eşit Ağırlık,Tier 1 (Büyükşehir),Yüksek,Aylık,3.7,0.77,11.3,7.6,16.46,2,13,50.01,-0.22,0,5.89,2,4.6,2034.99,0,1.5,492,8
2026-OGR-0889,2026-04-30,11. Sınıf,Sayısal,Tier 2,Orta,3 Aylık,14.2,0.75,14.8,11.5,4.68,2,15,43.76,3.66,1,0.89,2,5.0,3995.97,0,3.4,255,9
2026-OGR-0890,2026-03-18,12. Sınıf,Dil,Tier 2,Düşük,Yıllık,3.2,0.67,17.9,10.7,14.98,3,11,79.55,4.46,2,4.66,0,2.7,4307.34,0,1.5,382,8
2026-OGR-0891,2025-03-02,12. Sınıf,Dil,Tier 2,Orta,Aylık,6.8,0.54,15.9,8.2,17.82,1,17,41.0,-5.36,1,0.2,0,4.1,5133.27,0,1.6,79,6
2026-OGR-0892,2026-06-09,12. Sınıf,Eşit Ağırlık,Tier 2,Yüksek,3 Aylık,10.2,0.83,16.3,14.8,2.71,0,21,35.2,6.34,1,0.73,0,,16296.33,0,2.8,355,13
2026-OGR-0893,2025-02-12,11. Sınıf,Eşit Ağırlık,Tier 2,,Yıllık,3.2,0.73,15.7,10.0,3.13,3,13,35.41,1.89,1,1.29,3,3.8,1993.73,0,1.2,688,9
2026-OGR-0894,2025-04-23,12. Sınıf,Sözel,Tier 1 (Büyükşehir),Orta,3 Aylık,4.0,0.51,13.5,7.9,5.82,2,11,59.26,-5.15,2,2.5,1,,5500.0,0,1.1,532,9
2026-OGR-0895,2026-05-08,12. Sınıf,Sözel,Tier 3,Düşük,Aylık,7.1,0.74,10.5,12.4,12.71,3,9,58.42,-0.14,1,2.21,2,3.6,4773.13,0,0.4,480,5
2026-OGR-0896,2025-04-12,12. Sınıf,Eşit Ağırlık,Tier 3,Orta,Yıllık,2.6,0.79,10.0,7.6,3.3,1,16,66.99,0.95,1,1.14,1,,1863.55,0,2.5,611,9
2026-OGR-0897,2025-07-23,12. Sınıf,Sözel,Tier 2,Yüksek,Yıllık,5.4,0.61,16.8,10.7,14.91,1,15,39.77,0.53,1,5.11,0,4.4,1762.22,0,2.7,106,7
2026-OGR-0898,2026-04-05,12. Sınıf,Eşit Ağırlık,Tier 1 (Büyükşehir),Yüksek,Aylık,4.5,0.35,18.5,7.4,14.67,4,7,85.41,-0.99,2,8.35,2,3.2,5034.19,1,2.0,236,9
2026-OGR-0899,2025-09-21,Mezun,Eşit Ağırlık,Tier 1 (Büyükşehir),Orta,Aylık,2.0,0.95,19.4,,14.22,1,17,63.3,-2.6,1,9.32,2,3.5,2035.72,0,0.9,532,8
2026-OGR-0900,2025-05-22,12. Sınıf,Eşit Ağırlık,Tier 1 (Büyükşehir),Yüksek,3 Aylık,2.4,0.53,8.7,3.8,26.57,2,16,49.55,1.82,1,0.46,2,3.3,1640.39,0,1.5,135,14
2026-OGR-0901,2026-03-04,Mezun,Eşit Ağırlık,Tier 2,Orta,Yıllık,7.1,0.5,15.2,6.3,4.48,0,13,69.35,2.23,1,3.65,1,5.0,5518.23,0,1.4,573,13
2026-OGR-0902,2025-09-18,Mezun,Sayısal,Tier 1 (Büyükşehir),Düşük,3 Aylık,5.9,0.63,19.7,14.1,20.67,4,9,41.28,2.99,0,0.52,2,4.8,18326.62,1,2.3,251,9
2026-OGR-0903,2026-05-30,11. Sınıf,Sayısal,Tier 2,Düşük,3 Aylık,7.2,0.77,17.2,10.6,22.01,2,13,47.3,-4.44,2,6.29,0,4.8,1924.1,1,1.0,494,4
2026-OGR-0904,2026-06-17,11. Sınıf,Sözel,Tier 2,Düşük,3 Aylık,5.7,0.78,19.4,,4.61,0,12,45.77,-1.82,0,3.23,1,2.9,5336.11,0,4.9,214,15
2026-OGR-0905,2025-02-03,Mezun,Sayısal,Tier 2,Orta,Aylık,3.3,0.77,7.4,4.8,14.84,0,18,33.14,2.44,1,6.21,1,3.1,1712.86,0,2.7,429,8
2026-OGR-0906,2026-02-19,11. Sınıf,Eşit Ağırlık,Tier 3,Yüksek,Yıllık,5.1,0.85,12.5,9.8,22.27,3,11,54.01,-0.32,0,0.62,1,3.9,17137.76,0,2.8,345,6
2026-OGR-0907,2025-07-17,Mezun,Sayısal,Tier 2,Orta,3 Aylık,2.4,0.87,11.6,11.1,34.83,0,10,72.46,2.71,1,1.73,2,4.5,1762.11,1,2.2,511,7
2026-OGR-0908,2025-01-26,12. Sınıf,Eşit Ağırlık,Tier 1 (Büyükşehir),Yüksek,Yıllık,4.3,0.62,17.5,9.8,9.48,2,15,52.6,4.05,1,8.62,0,4.0,2002.21,1,4.1,85,8
2026-OGR-0909,2025-11-07,Mezun,Sayısal,Tier 2,,Aylık,2.6,0.61,12.7,9.5,10.37,4,16,45.01,-0.92,0,3.54,3,2.6,15951.13,1,6.1,461,16
2026-OGR-0910,2026-02-23,12. Sınıf,Sayısal,Tier 1 (Büyükşehir),Yüksek,Yıllık,9.0,0.63,13.3,11.7,10.9,3,8,62.56,0.18,3,19.19,2,,5400.81,0,1.9,72,5
2026-OGR-0911,2025-05-03,12. Sınıf,Sözel,Tier 2,Orta,Aylık,1.5,0.9,22.3,24.1,5.9,4,8,61.5,-0.32,1,0.55,2,,1759.08,0,1.3,26,9
2026-OGR-0912,2025-11-10,Mezun,Sayısal,Tier 3,Düşük,3 Aylık,5.8,0.52,21.9,12.3,10.82,5,6,21.62,-3.17,1,3.02,4,4.4,1774.55,1,2.1,623,9
2026-OGR-0913,2025-06-11,12. Sınıf,Sayısal,Tier 3,Düşük,3 Aylık,1.3,0.67,15.0,14.3,16.85,1,13,58.19,2.19,1,6.82,0,3.4,2371.37,1,2.3,697,7
2026-OGR-0914,2025-11-28,12. Sınıf,Sayısal,Tier 3,Yüksek,3 Aylık,6.7,0.8,12.5,,7.17,2,5,45.77,1.47,1,2.03,0,,15220.7,0,3.6,556,10
2026-OGR-0915,2026-04-10,11. Sınıf,Sözel,Tier 2,Yüksek,3 Aylık,1.6,0.38,19.7,7.8,12.64,1,10,28.24,1.37,1,2.79,2,,4486.04,1,2.7,213,7
2026-OGR-0916,2026-01-15,12. Sınıf,Sözel,Tier 1 (Büyükşehir),Düşük,Yıllık,2.7,0.67,18.9,13.1,29.36,1,5,24.66,4.76,5,1.07,0,,1727.48,1,3.4,135,8
2026-OGR-0917,2026-04-16,12. Sınıf,Sözel,Tier 3,Orta,Aylık,3.9,0.49,16.4,8.2,23.8,1,19,61.12,-1.69,1,1.43,0,3.4,5925.47,0,1.8,526,10
2026-OGR-0918,2026-04-12,12. Sınıf,Sayısal,Tier 1 (Büyükşehir),Orta,3 Aylık,5.8,0.71,11.8,4.9,12.1,1,7,35.68,0.49,0,1.64,1,,20351.64,0,0.9,695,7
2026-OGR-0919,2025-04-27,12. Sınıf,Eşit Ağırlık,Tier 3,Düşük,3 Aylık,3.2,0.8,14.4,11.9,10.75,3,6,27.29,-1.58,0,4.79,3,4.4,1900.71,0,4.3,595,8
2026-OGR-0920,2025-10-26,Mezun,Eşit Ağırlık,Tier 1 (Büyükşehir),Düşük,Aylık,6.4,0.83,22.2,20.5,1.98,1,5,41.1,-8.52,1,6.26,1,5.0,5325.8,0,4.8,318,7
2026-OGR-0921,2025-09-14,Mezun,Sayısal,Tier 2,Orta,Aylık,11.3,0.87,12.9,12.6,21.34,2,11,51.74,2.31,2,14.77,2,,4890.35,1,1.5,521,12
2026-OGR-0922,2025-07-11,12. Sınıf,Sayısal,Tier 3,Orta,Aylık,16.6,0.61,18.2,11.1,9.44,0,16,38.93,-5.47,0,4.27,1,4.7,3902.47,0,3.0,564,9
2026-OGR-0923,2026-03-11,Mezun,Eşit Ağırlık,Tier 3,,3 Aylık,5.4,0.86,15.8,10.9,11.69,1,16,48.25,-1.58,3,0.43,3,4.1,18022.47,0,3.1,510,8
2026-OGR-0924,2025-03-03,11. Sınıf,Eşit Ağırlık,Tier 1 (Büyükşehir),Yüksek,Aylık,3.4,0.71,8.1,5.6,16.16,5,17,66.14,2.79,0,0.66,0,4.2,4408.28,1,3.1,180,13
2026-OGR-0925,2026-02-13,11. Sınıf,Sayısal,Tier 1 (Büyükşehir),Düşük,Yıllık,3.8,0.6,10.9,6.6,13.49,1,10,,-1.96,1,0.67,1,3.6,1768.29,1,1.7,185,10
2026-OGR-0926,2025-01-29,12. Sınıf,Sayısal,Tier 1 (Büyükşehir),Orta,Aylık,3.5,0.9,16.5,16.1,5.69,0,9,47.75,-1.64,2,7.56,1,3.5,1844.05,0,1.2,396,15
2026-OGR-0927,2026-05-26,12. Sınıf,Sayısal,Tier 3,Düşük,3 Aylık,5.6,0.89,10.8,6.8,19.97,0,14,37.22,2.3,1,4.29,2,3.5,14094.22,0,5.1,40,15
2026-OGR-0928,2026-04-17,Mezun,Dil,Tier 1 (Büyükşehir),Düşük,Aylık,6.6,0.92,17.6,15.5,10.78,2,6,58.74,-4.09,0,6.1,0,,1925.32,1,2.7,155,11
2026-OGR-0929,2025-01-23,11. Sınıf,Sayısal,Tier 2,Yüksek,Aylık,5.3,0.86,8.4,5.6,0.97,1,16,99.56,0.43,2,6.74,1,3.2,4539.53,0,1.7,249,13
2026-OGR-0930,2025-02-18,12. Sınıf,Sözel,Tier 2,Yüksek,3 Aylık,3.7,0.48,17.5,8.8,12.96,4,14,48.78,0.09,2,0.73,0,2.9,1944.55,1,1.5,504,8
2026-OGR-0931,2025-10-11,Mezun,Sayısal,Tier 1 (Büyükşehir),Düşük,Aylık,6.8,0.57,16.4,10.9,17.77,2,18,63.98,7.93,0,9.54,0,4.8,1795.76,0,0.6,612,8
2026-OGR-0932,2025-08-14,11. Sınıf,Sözel,Tier 1 (Büyükşehir),Yüksek,Aylık,5.7,0.61,16.7,10.3,12.39,1,9,72.43,-0.44,3,3.26,3,2.1,1683.91,1,4.5,429,7
2026-OGR-0933,2025-01-07,12. Sınıf,Eşit Ağırlık,Tier 1 (Büyükşehir),Yüksek,Yıllık,6.2,0.4,15.3,7.2,4.89,3,9,61.75,1.33,1,0.89,2,3.7,16121.35,0,4.2,218,6
2026-OGR-0934,2026-04-01,12. Sınıf,Sözel,Tier 2,Orta,Yıllık,5.9,0.81,9.4,6.2,15.81,4,8,63.37,-2.3,1,1.41,0,2.7,15890.93,0,4.8,443,12
2026-OGR-0935,2025-02-06,Mezun,Sayısal,Tier 1 (Büyükşehir),Orta,Aylık,6.3,0.58,12.5,8.5,33.95,1,11,78.91,-1.02,2,6.1,2,2.9,1816.23,1,1.9,59,7
2026-OGR-0936,2025-08-07,12. Sınıf,Sayısal,Tier 2,Orta,Aylık,5.4,0.75,13.7,11.2,5.25,6,11,68.91,0.66,1,0.45,1,3.8,1561.59,0,6.1,121,6
2026-OGR-0937,2025-08-24,12. Sınıf,Sayısal,Tier 1 (Büyükşehir),Orta,3 Aylık,4.5,0.81,18.6,13.2,10.77,0,16,70.92,-5.82,1,2.69,0,4.7,16368.63,0,0.6,471,8
2026-OGR-0938,2026-03-27,12. Sınıf,Sayısal,Tier 1 (Büyükşehir),Düşük,Aylık,0.5,0.43,9.6,3.0,19.52,2,13,59.48,4.29,1,1.98,0,3.8,4561.57,1,5.4,548,7
2026-OGR-0939,2025-03-09,11. Sınıf,Eşit Ağırlık,Tier 2,Orta,3 Aylık,2.6,0.61,11.2,,29.66,4,12,78.37,0.11,1,1.86,1,,4795.67,0,6.9,311,14
2026-OGR-0940,2026-05-23,12. Sınıf,Eşit Ağırlık,Tier 1 (Büyükşehir),Yüksek,Aylık,4.0,0.91,18.2,17.5,6.53,5,11,70.62,-0.83,3,2.27,2,,5411.38,0,2.2,440,5
2026-OGR-0941,2025-08-11,11. Sınıf,Sayısal,Tier 1 (Büyükşehir),Yüksek,3 Aylık,13.8,0.9,19.5,19.0,16.84,2,8,49.62,-3.84,0,2.67,2,3.0,2102.7,1,4.0,183,8
2026-OGR-0942,2026-06-02,11. Sınıf,Dil,Tier 2,Orta,3 Aylık,8.2,0.46,11.8,7.1,8.58,3,9,62.82,0.85,1,1.6,1,4.9,5604.7,1,2.1,514,7
2026-OGR-0943,2026-03-06,11. Sınıf,Dil,Tier 2,Orta,Yıllık,6.0,0.46,5.2,2.8,5.64,2,10,71.34,-1.29,1,1.43,3,,1678.65,0,3.1,447,8
2026-OGR-0944,2025-11-27,12. Sınıf,Sözel,Tier 3,Orta,Yıllık,4.0,0.53,16.5,8.4,6.64,1,10,50.81,-0.14,0,8.06,5,3.9,1920.29,0,1.3,46,14
2026-OGR-0945,2025-07-10,11. Sınıf,Sözel,Tier 1 (Büyükşehir),Orta,Yıllık,4.9,0.52,13.8,6.0,53.38,0,11,52.84,3.53,1,0.62,0,4.0,1569.47,1,1.7,421,9
2026-OGR-0946,2026-04-18,11. Sınıf,Eşit Ağırlık,Tier 1 (Büyükşehir),Orta,Yıllık,8.2,0.35,12.6,5.5,3.23,2,17,55.73,1.26,4,0.8,0,3.0,1613.97,1,1.8,261,7
2026-OGR-0947,2025-12-02,12. Sınıf,Eşit Ağırlık,Tier 2,Orta,Yıllık,1.5,0.61,12.8,8.2,7.49,3,9,32.72,0.75,2,1.26,0,2.3,1830.41,1,1.7,529,11
2026-OGR-0948,2026-05-25,Mezun,Sayısal,Tier 1 (Büyükşehir),Düşük,Yıllık,7.1,0.66,10.6,7.4,11.98,0,10,60.67,1.84,1,8.7,1,3.7,16660.16,0,2.6,251,11
2026-OGR-0949,2025-11-07,12. Sınıf,Sayısal,Tier 1 (Büyükşehir),Orta,Aylık,8.3,0.95,14.2,16.4,12.83,2,10,79.59,-0.87,3,1.75,1,3.0,5050.37,0,1.9,506,9
2026-OGR-0950,2026-03-17,12. Sınıf,Sayısal,Tier 1 (Büyükşehir),Düşük,3 Aylık,10.6,0.67,13.8,6.8,16.84,1,12,33.49,3.66,1,0.64,0,4.0,2053.64,0,6.5,143,7
2026-OGR-0951,2025-12-03,11. Sınıf,Sayısal,Tier 2,Yüksek,Aylık,7.4,0.83,11.8,7.9,30.41,1,12,62.4,1.87,1,0.78,0,3.4,2068.23,0,0.7,579,8
2026-OGR-0952,2025-07-27,Mezun,Sözel,Tier 1 (Büyükşehir),Yüksek,3 Aylık,2.2,0.53,10.1,6.0,14.6,4,11,56.76,0.73,2,2.97,2,4.0,1854.47,1,4.1,147,11
2026-OGR-0953,2026-02-08,Mezun,Sayısal,Tier 2,Orta,Aylık,2.9,0.86,13.2,13.5,52.82,3,7,47.04,-3.89,1,8.84,2,,4354.41,1,3.9,124,7
2026-OGR-0954,2026-04-27,11. Sınıf,Eşit Ağırlık,Tier 3,Düşük,Yıllık,1.8,0.76,8.9,7.0,13.04,4,11,64.19,2.72,1,3.38,3,2.7,15146.95,1,2.2,448,9
2026-OGR-0955,2026-02-15,11. Sınıf,Sözel,Tier 1 (Büyükşehir),Orta,Aylık,5.1,0.78,9.8,7.0,12.66,2,12,60.89,0.97,1,0.82,2,3.7,5384.39,0,1.5,235,8
2026-OGR-0956,2025-12-30,11. Sınıf,Sayısal,Tier 1 (Büyükşehir),Orta,3 Aylık,10.4,0.78,14.4,10.9,16.63,1,14,42.46,6.88,1,6.03,1,,1612.26,0,1.8,443,11
2026-OGR-0957,2025-08-24,12. Sınıf,Sözel,Tier 1 (Büyükşehir),Yüksek,3 Aylık,11.2,0.72,8.9,5.5,8.72,1,9,60.18,0.79,0,4.67,1,3.3,4706.91,0,1.5,505,8
2026-OGR-0958,2026-06-10,12. Sınıf,Sayısal,Tier 3,Düşük,Aylık,2.8,0.72,20.1,,18.45,3,15,64.21,2.05,1,2.19,0,2.2,16411.02,0,1.8,195,9
2026-OGR-0959,2025-11-20,11. Sınıf,Eşit Ağırlık,Tier 2,Düşük,3 Aylık,7.0,0.55,16.0,7.9,35.73,2,12,47.89,-2.9,0,1.01,3,2.9,18072.18,1,1.0,590,8
2026-OGR-0960,2026-06-02,12. Sınıf,Sayısal,Tier 2,,Aylık,3.8,0.76,12.9,11.7,2.77,2,12,49.08,-1.68,0,4.1,2,4.4,2304.67,0,3.7,197,9
2026-OGR-0961,2025-11-03,Mezun,Sayısal,Tier 1 (Büyükşehir),Orta,Aylık,3.9,0.91,12.9,10.9,16.55,5,18,43.44,3.04,1,6.26,0,3.8,1903.98,0,3.4,251,6
2026-OGR-0962,2025-09-09,11. Sınıf,Eşit Ağırlık,Tier 1 (Büyükşehir),Düşük,3 Aylık,4.8,0.78,20.8,16.9,17.38,5,10,25.44,-0.9,0,0.14,0,3.6,1549.21,0,5.6,521,12
2026-OGR-0963,2025-07-23,12. Sınıf,Dil,Tier 1 (Büyükşehir),Yüksek,Aylık,1.7,0.81,19.0,17.5,18.3,0,9,45.15,6.4,0,4.65,1,3.8,15659.81,0,3.7,252,11
2026-OGR-0964,2025-02-23,11. Sınıf,Sayısal,Tier 2,Orta,3 Aylık,4.5,0.55,21.0,14.6,24.31,4,6,51.77,-5.23,1,1.95,1,3.9,20171.07,1,0.3,581,9
2026-OGR-0965,2026-01-29,11. Sınıf,Eşit Ağırlık,Tier 1 (Büyükşehir),Yüksek,Yıllık,0.6,0.69,18.3,13.5,7.6,4,11,41.6,3.72,3,10.9,1,4.7,13746.7,1,2.2,12,9
2026-OGR-0966,2025-01-11,11. Sınıf,Sözel,Tier 1 (Büyükşehir),Orta,3 Aylık,5.5,0.51,11.7,,26.54,1,17,51.38,-0.04,3,2.23,0,2.3,14972.89,1,1.6,339,12
2026-OGR-0967,2026-02-12,Mezun,Sözel,Tier 1 (Büyükşehir),Orta,Aylık,5.9,0.5,15.4,9.2,6.32,4,17,44.4,-3.27,1,11.12,2,4.0,1574.02,0,2.1,10,9
2026-OGR-0968,2025-06-24,11. Sınıf,Sayısal,Tier 1 (Büyükşehir),Düşük,3 Aylık,2.3,0.61,15.3,,21.09,2,14,62.16,-7.12,3,4.78,4,,1715.54,1,2.6,250,9
2026-OGR-0969,2025-06-25,11. Sınıf,Sayısal,Tier 1 (Büyükşehir),Düşük,Yıllık,7.4,0.67,6.1,3.7,3.46,0,6,76.12,-6.17,1,7.76,1,2.1,1900.12,0,2.4,587,6
2026-OGR-0970,2025-02-04,11. Sınıf,Sayısal,Tier 2,Yüksek,Aylık,7.9,0.56,11.9,,8.42,4,9,53.44,2.01,2,9.04,0,3.0,4598.55,1,6.0,573,6
2026-OGR-0971,2026-05-24,Mezun,Sayısal,Tier 3,Yüksek,Aylık,2.4,0.89,14.1,12.9,14.71,1,19,21.2,-5.63,5,3.65,4,,5036.35,0,6.0,102,6
2026-OGR-0972,2026-05-07,11. Sınıf,Eşit Ağırlık,Tier 2,Orta,Aylık,2.9,0.54,13.8,7.8,30.59,2,17,61.13,-3.88,1,0.91,0,3.3,4759.54,0,2.4,41,7
2026-OGR-0973,2025-01-26,11. Sınıf,Eşit Ağırlık,Tier 2,Orta,Yıllık,11.5,0.95,19.0,15.2,4.22,2,17,68.32,-2.8,0,1.47,0,3.9,1799.7,0,1.2,157,6
2026-OGR-0974,2026-05-29,12. Sınıf,Sözel,Tier 2,Yüksek,Aylık,18.6,0.91,12.0,9.6,5.87,3,13,55.34,-1.84,0,8.74,1,3.2,2244.79,0,1.7,246,13
2026-OGR-0975,2025-05-12,11. Sınıf,Sayısal,Tier 1 (Büyükşehir),Orta,Yıllık,7.9,0.6,14.1,7.1,9.3,1,10,18.61,3.44,2,5.49,0,4.6,5280.06,0,2.6,461,4
2026-OGR-0976,2026-03-14,12. Sınıf,Eşit Ağırlık,Tier 3,Orta,Aylık,2.8,0.42,14.0,7.2,31.07,1,7,55.27,2.71,1,1.92,1,3.4,1966.56,1,2.5,160,13
2026-OGR-0977,2026-01-17,12. Sınıf,Eşit Ağırlık,Tier 3,Yüksek,Aylık,11.7,0.89,14.4,13.3,5.26,2,17,62.06,-1.97,4,3.94,1,3.3,1824.3,0,2.1,416,10
2026-OGR-0978,2025-11-26,12. Sınıf,Sayısal,Tier 1 (Büyükşehir),Yüksek,3 Aylık,9.5,0.87,10.2,8.6,8.18,2,11,47.67,-3.09,0,5.61,2,,2024.15,0,0.8,613,10
2026-OGR-0979,2026-06-20,12. Sınıf,Sözel,Tier 1 (Büyükşehir),Düşük,Yıllık,15.0,0.46,16.4,7.6,22.03,4,9,50.74,-0.66,1,7.77,1,4.6,1772.81,1,2.2,143,10
2026-OGR-0980,2025-12-22,12. Sınıf,Sözel,Tier 1 (Büyükşehir),Orta,3 Aylık,3.1,0.73,17.7,15.5,10.47,2,5,63.4,-0.84,4,2.33,0,4.8,15386.49,1,1.8,313,7
2026-OGR-0981,2025-08-12,12. Sınıf,Sayısal,Tier 3,Yüksek,Aylık,7.0,0.83,10.0,8.4,6.06,4,14,48.19,-2.87,2,21.36,1,2.3,1588.63,1,2.1,588,13
2026-OGR-0982,2025-06-27,12. Sınıf,Sayısal,Tier 3,Orta,3 Aylık,2.9,0.7,8.7,6.3,1.77,0,8,64.05,-0.93,4,6.75,1,3.9,1768.13,1,2.7,604,11
2026-OGR-0983,2026-04-26,12. Sınıf,Eşit Ağırlık,Tier 1 (Büyükşehir),Orta,Yıllık,6.7,0.43,14.6,5.3,18.03,2,11,67.13,2.05,1,3.55,1,3.9,4897.66,1,3.0,669,6
2026-OGR-0984,2025-06-10,12. Sınıf,Sayısal,Tier 2,,Aylık,5.1,0.75,9.2,6.5,27.01,3,9,61.38,-2.05,4,15.44,1,5.0,4680.72,1,1.3,132,8
2026-OGR-0985,2026-04-26,Mezun,Sayısal,Tier 1 (Büyükşehir),Orta,Aylık,2.4,0.76,13.4,14.3,11.4,5,15,40.59,-0.57,2,3.58,0,4.3,5706.24,1,3.9,24,8
2026-OGR-0986,2025-12-30,11. Sınıf,Eşit Ağırlık,Tier 1 (Büyükşehir),Düşük,Yıllık,1.5,0.75,13.8,11.1,12.43,0,10,45.27,-2.05,1,1.91,1,4.3,14463.7,0,2.3,306,15
2026-OGR-0987,2025-07-27,12. Sınıf,Sayısal,Tier 1 (Büyükşehir),Orta,Aylık,8.4,0.98,14.4,14.7,14.33,2,10,28.73,-3.34,0,3.77,2,4.0,2223.6,0,2.0,216,5
2026-OGR-0988,2025-12-31,Mezun,Sözel,Tier 1 (Büyükşehir),Orta,Aylık,3.8,0.47,13.8,7.4,2.53,2,10,66.55,4.05,0,2.49,1,5.0,1589.97,0,1.0,322,9
2026-OGR-0989,2026-03-07,12. Sınıf,Dil,Tier 1 (Büyükşehir),Yüksek,3 Aylık,3.4,0.93,9.9,,2.78,1,13,,1.5,2,5.9,1,4.0,4774.7,0,5.2,12,8
2026-OGR-0990,2025-05-14,Mezun,Sayısal,Tier 1 (Büyükşehir),Orta,3 Aylık,2.4,0.71,17.8,13.5,11.88,1,14,41.21,3.51,2,9.29,1,4.3,16052.12,0,0.8,377,9
2026-OGR-0991,2025-09-22,Mezun,Sayısal,Tier 1 (Büyükşehir),Orta,Yıllık,1.8,0.72,18.8,,19.15,3,14,58.12,-1.74,0,6.66,2,3.2,5026.1,1,4.6,444,7
2026-OGR-0992,2025-09-30,11. Sınıf,Sayısal,Tier 2,Orta,Aylık,2.3,0.69,14.7,13.0,4.17,0,4,48.07,3.88,1,8.25,3,4.5,1602.76,0,8.9,287,11
2026-OGR-0993,2025-03-08,Mezun,Eşit Ağırlık,Tier 1 (Büyükşehir),Orta,Yıllık,3.4,0.28,14.1,2.8,9.29,3,12,29.54,-4.5,0,0.47,3,3.6,5243.37,0,2.6,27,11
2026-OGR-0994,2025-12-30,Mezun,Sözel,Tier 3,Orta,3 Aylık,6.7,0.71,15.6,10.3,11.6,1,12,74.68,5.1,0,4.37,1,4.6,1927.26,0,1.9,252,8
2026-OGR-0995,2026-03-03,12. Sınıf,Sayısal,Tier 3,Yüksek,3 Aylık,8.5,0.68,11.9,11.4,33.72,4,11,61.41,7.0,2,0.88,3,3.0,4858.24,0,2.5,459,7
2026-OGR-0996,2025-12-13,12. Sınıf,Sayısal,Tier 3,Orta,3 Aylık,4.1,0.69,21.5,14.6,16.06,0,11,39.32,0.0,1,2.34,1,3.6,6447.46,1,4.4,208,13
2026-OGR-0997,2025-07-31,11. Sınıf,Eşit Ağırlık,Tier 1 (Büyükşehir),Orta,3 Aylık,7.3,0.67,10.5,5.9,8.0,3,7,19.82,-0.31,0,0.42,0,3.2,1753.85,0,1.5,186,10
2026-OGR-0998,2025-11-08,12. Sınıf,Sözel,Tier 1 (Büyükşehir),Orta,3 Aylık,8.0,0.66,11.5,9.3,3.98,2,18,40.23,1.01,3,0.1,1,4.3,1721.4,0,3.8,394,14
2026-OGR-0999,2025-02-11,12. Sınıf,Sayısal,Tier 1 (Büyükşehir),Düşük,3 Aylık,3.7,0.72,21.4,14.3,13.72,1,10,62.75,-0.25,1,0.06,2,3.2,17702.28,0,2.7,122,10
2026-OGR-1000,2026-04-13,11. Sınıf,Sözel,Tier 2,Orta,Yıllık,10.4,0.83,17.1,16.2,9.44,1,8,39.54,3.32,0,1.53,0,3.0,1560.26,0,2.7,589,9
2026-OGR-1001,2025-09-17,12. Sınıf,Dil,Tier 1 (Büyükşehir),Orta,Yıllık,8.1,0.7,15.1,9.0,13.0,4,13,48.03,4.19,1,9.13,2,4.0,2135.5,0,3.5,219,13
2026-OGR-1002,2025-10-08,Mezun,Sözel,Tier 1 (Büyükşehir),Yüksek,Yıllık,3.4,0.62,16.3,12.6,8.59,1,12,56.45,-2.6,1,2.39,0,4.9,3989.61,1,1.3,490,8
2026-OGR-1003,2025-05-04,11. Sınıf,Sözel,Tier 3,Düşük,3 Aylık,4.2,0.3,14.9,5.0,8.57,3,6,39.15,1.86,3,1.45,0,4.7,15180.07,0,2.0,271,11
2026-OGR-1004,2025-06-05,Mezun,Sayısal,Tier 2,Orta,Yıllık,7.8,0.72,9.3,4.9,4.79,3,8,80.41,-4.3,0,0.81,0,2.5,1682.65,0,1.9,240,7
2026-OGR-1005,2025-01-13,11. Sınıf,Eşit Ağırlık,Tier 2,Orta,Aylık,7.6,0.63,10.1,6.1,5.07,3,13,35.02,-2.57,1,1.11,1,3.8,1632.53,0,3.9,289,12
2026-OGR-1006,2025-07-25,12. Sınıf,Sayısal,Tier 1 (Büyükşehir),Yüksek,Aylık,14.6,0.66,15.3,7.4,7.35,2,15,52.82,4.9,3,4.9,2,4.8,1703.74,0,3.3,373,8
2026-OGR-1007,2025-03-16,12. Sınıf,Sayısal,Tier 1 (Büyükşehir),Orta,3 Aylık,5.8,0.48,15.0,6.9,22.17,5,9,50.24,-8.35,1,4.28,2,3.7,1668.97,1,2.0,307,2
2026-OGR-1008,2026-04-30,12. Sınıf,Sayısal,Tier 2,Yüksek,Aylık,8.4,0.32,16.5,5.8,24.76,3,8,56.72,-1.65,1,0.36,1,3.6,17581.54,0,2.8,347,8
2026-OGR-1009,2025-06-24,11. Sınıf,Eşit Ağırlık,Tier 1 (Büyükşehir),Yüksek,3 Aylık,7.6,0.32,17.4,4.8,17.02,0,6,32.99,-0.08,3,7.66,0,3.7,5101.09,1,2.1,496,7
2026-OGR-1010,2026-05-05,Mezun,Sayısal,Tier 1 (Büyükşehir),Yüksek,3 Aylık,1.4,0.6,11.8,10.8,10.38,4,7,26.15,0.11,2,11.21,2,2.9,4809.65,1,5.3,296,9
2026-OGR-1011,2025-09-26,12. Sınıf,Sayısal,Tier 3,Orta,Aylık,1.9,0.71,13.0,10.5,37.99,2,8,67.04,3.44,1,1.86,0,4.0,1560.23,1,5.2,578,12
2026-OGR-1012,2026-01-09,12. Sınıf,Eşit Ağırlık,Tier 3,Orta,Aylık,3.2,0.37,9.8,5.3,5.48,1,9,27.21,1.59,4,3.22,2,2.5,1692.69,1,1.6,143,7
2026-OGR-1013,2026-02-21,12. Sınıf,Sözel,Tier 2,Orta,Yıllık,10.5,0.83,9.1,6.1,3.73,1,11,52.01,1.95,3,1.64,0,4.5,1964.23,0,3.3,509,8
2026-OGR-1014,2026-02-09,11. Sınıf,Sayısal,Tier 1 (Büyükşehir),Yüksek,Aylık,1.9,0.55,17.7,11.9,8.71,0,13,38.48,-3.06,2,4.23,1,2.8,5500.08,0,1.5,583,9
2026-OGR-1015,2026-06-25,12. Sınıf,Sözel,Tier 2,Yüksek,Aylık,3.9,0.49,12.2,,19.35,0,14,60.56,1.11,2,4.34,0,3.6,1834.53,0,1.3,12,13
2026-OGR-1016,2026-03-26,12. Sınıf,Eşit Ağırlık,Tier 1 (Büyükşehir),Orta,Aylık,4.2,0.32,10.7,3.5,13.16,2,12,66.51,-0.47,1,1.15,1,4.7,1804.96,1,1.2,212,3
2026-OGR-1017,2025-06-21,Mezun,Dil,Tier 1 (Büyükşehir),Düşük,Aylık,6.4,0.63,13.2,8.1,3.86,3,10,51.84,-3.06,2,1.71,3,3.4,1839.78,1,1.8,75,8
2026-OGR-1018,2026-02-09,12. Sınıf,Dil,Tier 1 (Büyükşehir),Yüksek,Aylık,3.7,0.43,19.4,,15.08,3,11,54.74,0.06,2,0.11,2,4.0,3851.07,0,6.8,515,4
2026-OGR-1019,2025-08-30,Mezun,Eşit Ağırlık,Tier 3,Orta,3 Aylık,3.0,0.34,11.9,3.5,14.67,1,6,49.56,0.55,0,2.49,0,3.2,4443.39,0,1.4,648,9
2026-OGR-1020,2026-04-01,11. Sınıf,Dil,Tier 1 (Büyükşehir),Yüksek,Yıllık,2.1,0.78,16.4,10.5,5.02,1,12,54.71,-0.77,1,0.39,0,,2041.62,0,3.1,204,5
2026-OGR-1021,2025-09-24,11. Sınıf,Eşit Ağırlık,Tier 3,Orta,Aylık,16.0,0.66,18.6,,9.04,7,5,,-0.31,0,2.12,1,4.3,1758.3,0,2.0,610,7
2026-OGR-1022,2025-05-28,11. Sınıf,Sayısal,Tier 2,Düşük,3 Aylık,3.4,0.81,17.3,11.6,42.61,1,12,43.01,3.69,0,5.08,1,4.1,2105.26,0,2.2,49,9
2026-OGR-1023,2025-01-23,Mezun,Sayısal,Tier 3,Yüksek,Aylık,10.2,0.67,17.9,,21.36,2,17,68.12,-1.24,2,0.4,1,3.6,1687.48,0,4.0,165,15
2026-OGR-1024,2025-08-08,12. Sınıf,Sayısal,Tier 2,Orta,Aylık,15.6,0.71,18.0,13.9,14.93,1,12,74.97,-1.71,1,2.72,2,2.6,1607.42,0,3.5,623,14
2026-OGR-1025,2026-06-07,12. Sınıf,Sözel,Tier 1 (Büyükşehir),Düşük,Aylık,3.0,0.83,11.9,9.6,9.88,0,8,30.67,6.13,3,1.3,0,3.9,4693.34,0,5.2,229,11
2026-OGR-1026,2026-05-27,12. Sınıf,Eşit Ağırlık,Tier 3,Orta,3 Aylık,0.7,0.93,20.9,19.9,7.17,4,6,54.74,4.14,0,8.57,2,3.5,17014.34,0,3.9,5,5
2026-OGR-1027,2026-04-29,12. Sınıf,Eşit Ağırlık,Tier 2,Orta,3 Aylık,6.0,0.81,12.3,8.6,31.64,4,9,46.44,-1.07,0,0.28,1,2.8,4460.13,0,1.3,202,9
2026-OGR-1028,2025-12-29,12. Sınıf,Sözel,Tier 1 (Büyükşehir),Yüksek,Aylık,4.5,0.59,9.0,5.1,3.33,3,12,60.42,-2.89,3,5.73,0,2.2,3885.18,1,3.3,265,6
2026-OGR-1029,2026-05-30,Mezun,Sayısal,Tier 1 (Büyükşehir),Düşük,3 Aylık,3.3,0.52,11.9,5.2,23.84,5,11,57.6,1.68,1,1.27,1,3.7,5014.25,1,2.5,401,9
2026-OGR-1030,2025-11-25,11. Sınıf,Dil,Tier 1 (Büyükşehir),Yüksek,3 Aylık,1.0,0.96,19.2,,30.06,2,9,75.86,2.02,2,7.87,0,3.2,4738.41,1,1.3,629,13
2026-OGR-1031,2025-06-03,Mezun,Sayısal,Tier 2,Düşük,Aylık,1.9,0.57,15.5,8.3,12.64,4,9,62.77,-0.32,3,14.89,1,3.5,1997.27,1,5.3,145,8
2026-OGR-1032,2026-01-08,Mezun,Sayısal,Tier 2,Düşük,Yıllık,3.0,0.53,8.8,3.4,8.97,1,14,39.37,-0.34,1,13.16,1,2.6,4460.86,0,5.1,441,9
2026-OGR-1033,2025-02-12,12. Sınıf,Sayısal,Tier 2,Yüksek,Yıllık,2.7,0.6,17.9,6.3,5.66,2,10,39.23,1.62,0,1.09,1,,5570.87,0,2.3,391,11
2026-OGR-1034,2025-05-19,Mezun,Sayısal,Tier 2,Düşük,Yıllık,15.1,0.53,19.5,9.8,2.57,3,12,63.21,0.79,1,1.79,1,3.8,16885.4,0,2.9,250,8
2026-OGR-1035,2026-03-18,12. Sınıf,Eşit Ağırlık,Tier 3,Yüksek,Aylık,6.5,0.63,13.6,7.9,4.52,1,10,42.41,-3.24,2,1.41,1,,1508.36,0,2.9,307,9
2026-OGR-1036,2026-01-07,Mezun,Eşit Ağırlık,Tier 3,Yüksek,Aylık,2.7,0.76,16.1,14.6,7.7,1,9,64.96,-1.79,0,8.32,0,4.0,4028.63,1,1.6,197,12
2026-OGR-1037,2025-09-15,11. Sınıf,Eşit Ağırlık,Tier 2,Orta,3 Aylık,6.1,0.64,14.7,6.9,6.78,3,11,62.01,-0.82,0,1.85,2,3.3,4706.38,0,2.7,641,16
2026-OGR-1038,2025-04-24,11. Sınıf,Sayısal,Tier 1 (Büyükşehir),Orta,3 Aylık,8.7,0.87,18.6,14.8,28.91,5,4,59.15,-1.19,1,4.34,0,,16412.4,0,2.1,41,10
2026-OGR-1039,2025-12-29,Mezun,Eşit Ağırlık,Tier 1 (Büyükşehir),Orta,3 Aylık,7.6,0.91,16.1,16.8,22.96,3,11,49.64,1.53,1,2.42,0,3.1,5231.6,1,1.2,654,7
2026-OGR-1040,2025-11-26,12. Sınıf,Sözel,Tier 2,Orta,Aylık,3.2,0.73,19.9,16.8,0.9,1,9,55.63,-0.31,1,1.2,0,4.5,1987.05,0,2.8,321,6
2026-OGR-1041,2026-02-22,Mezun,Eşit Ağırlık,Tier 2,Yüksek,3 Aylık,9.6,0.84,12.1,9.5,3.11,7,8,,-1.95,2,8.76,0,3.6,1904.57,0,2.4,358,12
2026-OGR-1042,2025-09-22,Mezun,Sayısal,Tier 3,Düşük,Aylık,7.4,0.92,5.3,6.1,14.51,1,7,67.07,-2.27,2,3.39,0,3.9,1584.29,0,2.1,490,12
2026-OGR-1043,2025-11-30,11. Sınıf,Eşit Ağırlık,Tier 1 (Büyükşehir),Orta,3 Aylık,2.2,0.49,6.7,4.3,20.16,2,11,56.32,-0.45,2,4.94,1,3.7,1918.51,1,0.7,225,6
2026-OGR-1044,2025-08-27,12. Sınıf,Sayısal,Tier 1 (Büyükşehir),Düşük,Aylık,4.3,0.81,6.8,6.0,10.43,3,13,43.62,-0.14,3,3.23,0,3.2,5094.83,0,2.1,147,13
2026-OGR-1045,2025-08-22,11. Sınıf,Eşit Ağırlık,Tier 2,,Aylık,5.0,0.73,17.3,13.8,6.03,0,9,42.0,-3.73,2,10.44,1,4.1,1471.05,0,0.4,575,9
2026-OGR-1046,2025-09-15,12. Sınıf,Eşit Ağırlık,Tier 2,Orta,Aylık,1.7,0.63,13.8,6.5,4.6,0,16,64.11,1.66,3,3.11,0,4.7,1551.09,1,1.9,362,6
2026-OGR-1047,2026-04-25,11. Sınıf,Sayısal,Tier 1 (Büyükşehir),Düşük,Aylık,4.4,0.93,11.5,14.4,16.04,3,11,71.99,-5.9,0,8.33,1,4.3,1752.69,0,0.9,392,9
2026-OGR-1048,2025-06-03,12. Sınıf,Sayısal,Tier 1 (Büyükşehir),Orta,Aylık,1.4,0.67,14.9,9.5,9.04,2,14,30.66,0.09,0,0.73,1,3.8,2027.06,0,4.7,444,11
2026-OGR-1049,2025-09-23,11. Sınıf,Sözel,Tier 1 (Büyükşehir),Orta,Aylık,5.9,0.9,15.3,12.3,10.83,0,10,58.61,4.99,1,17.53,2,3.5,4599.39,0,0.8,428,4
2026-OGR-1050,2025-04-29,Mezun,Sayısal,Tier 2,Orta,Aylık,0.4,0.84,17.3,13.5,0.71,1,11,51.04,-0.42,2,0.87,0,5.0,1969.95,0,3.3,398,4
2026-OGR-1051,2025-05-07,12. Sınıf,Sayısal,Tier 1 (Büyükşehir),Düşük,Aylık,0.5,0.75,16.5,13.5,25.1,2,12,40.32,-0.57,3,13.18,0,3.5,2093.22,1,2.1,107,7
2026-OGR-1052,2025-03-24,12. Sınıf,Eşit Ağırlık,Tier 1 (Büyükşehir),Orta,Aylık,2.7,0.84,14.4,9.8,15.17,1,20,52.3,2.87,0,10.25,0,,1975.6,0,1.3,583,13
2026-OGR-1053,2025-06-05,11. Sınıf,Sayısal,Tier 1 (Büyükşehir),Orta,3 Aylık,4.8,0.55,12.9,9.2,13.77,1,15,55.64,2.66,1,1.17,2,4.2,5142.68,0,1.0,646,9
2026-OGR-1054,2025-08-09,Mezun,Sözel,Tier 3,Düşük,3 Aylık,5.3,0.98,12.5,13.7,13.58,2,9,44.54,-0.41,3,2.39,1,,1725.68,0,6.3,255,9
2026-OGR-1055,2025-02-22,12. Sınıf,Eşit Ağırlık,Tier 1 (Büyükşehir),Yüksek,Yıllık,6.9,0.74,16.9,15.4,3.17,4,9,58.89,-0.23,0,3.09,1,4.1,5480.19,0,1.7,580,13
2026-OGR-1056,2025-08-31,12. Sınıf,Sözel,Tier 2,Orta,Yıllık,2.9,0.83,9.5,9.0,9.18,2,10,59.62,-2.32,1,4.15,4,4.1,1711.38,0,1.2,125,12
2026-OGR-1057,2025-01-29,12. Sınıf,Sayısal,Tier 2,,Aylık,1.9,0.88,12.3,13.0,26.05,3,9,59.85,-3.22,2,3.86,1,4.4,16380.42,1,6.3,209,13
2026-OGR-1058,2025-03-01,Mezun,Sözel,Tier 1 (Büyükşehir),Orta,Yıllık,1.1,0.44,13.0,6.2,22.46,1,8,44.27,0.04,1,2.34,0,4.5,1550.85,1,0.5,360,11
2026-OGR-1059,2025-04-24,11. Sınıf,Sayısal,Tier 3,Orta,3 Aylık,2.0,0.73,12.6,9.5,21.54,2,8,57.92,0.33,1,0.32,1,2.8,4511.18,0,1.6,439,9
2026-OGR-1060,2026-04-20,Mezun,Eşit Ağırlık,Tier 2,Düşük,Aylık,6.3,0.76,13.7,10.9,17.59,4,14,56.26,-1.22,1,3.04,2,,1711.95,0,5.5,278,2
2026-OGR-1061,2025-11-09,Mezun,Eşit Ağırlık,Tier 3,Yüksek,Yıllık,4.1,0.55,15.0,9.2,32.54,4,13,,3.93,2,11.65,1,2.8,4093.16,0,1.3,45,8
2026-OGR-1062,2025-02-20,12. Sınıf,Eşit Ağırlık,Tier 1 (Büyükşehir),Düşük,3 Aylık,4.3,0.77,12.8,9.3,11.41,0,10,25.6,-4.63,3,2.49,0,3.2,1667.24,1,1.7,267,9
2026-OGR-1063,2025-03-03,12. Sınıf,Sayısal,Tier 1 (Büyükşehir),Yüksek,Aylık,3.5,0.65,11.7,7.2,8.41,5,10,45.62,-0.64,2,0.18,1,4.6,5064.62,0,2.2,135,9
2026-OGR-1064,2025-08-17,Mezun,Sayısal,Tier 2,Yüksek,3 Aylık,13.1,0.63,10.6,5.0,5.99,1,11,77.83,1.27,1,4.18,1,4.2,4951.58,0,1.1,438,10
2026-OGR-1065,2026-01-21,12. Sınıf,Sayısal,Tier 3,Orta,Aylık,2.7,0.78,10.9,6.7,20.9,2,10,37.05,-2.0,2,2.4,2,2.7,16079.18,0,1.5,379,15
2026-OGR-1066,2025-02-05,Mezun,Sayısal,Tier 1 (Büyükşehir),Orta,3 Aylık,1.2,0.49,13.7,5.7,14.44,1,13,55.9,-3.27,3,5.62,1,3.1,4693.58,1,0.5,98,7
2026-OGR-1067,2025-06-23,12. Sınıf,Sayısal,Tier 1 (Büyükşehir),Orta,Aylık,3.1,0.72,20.4,11.2,11.22,2,10,40.96,-0.91,1,1.83,1,3.5,5140.41,0,4.7,466,10
2026-OGR-1068,2025-08-09,12. Sınıf,Eşit Ağırlık,Tier 1 (Büyükşehir),Orta,Aylık,9.4,0.72,10.4,9.6,14.86,4,13,68.75,-3.85,2,19.18,3,,1891.73,1,2.7,281,8
2026-OGR-1069,2025-03-07,12. Sınıf,Sayısal,Tier 1 (Büyükşehir),Orta,3 Aylık,6.5,0.72,14.6,10.9,13.96,2,11,53.4,2.75,1,6.66,1,3.2,1559.17,0,2.7,619,9
2026-OGR-1070,2026-05-08,12. Sınıf,Sözel,Tier 1 (Büyükşehir),Orta,Yıllık,10.7,0.76,11.9,10.4,22.2,4,12,40.72,2.19,0,2.93,2,4.6,1905.67,0,2.2,32,6
2026-OGR-1071,2025-06-03,12. Sınıf,Sayısal,Tier 2,Orta,Aylık,3.6,0.81,12.4,10.2,6.5,1,10,,2.58,3,1.02,0,2.4,14263.79,0,6.6,189,7
2026-OGR-1072,2026-05-27,12. Sınıf,Dil,Tier 2,,3 Aylık,5.6,0.6,13.7,6.0,27.52,4,15,,7.61,0,4.43,1,2.5,5693.36,1,2.8,698,10
2026-OGR-1073,2025-12-16,11. Sınıf,Sayısal,Tier 1 (Büyükşehir),Yüksek,Aylık,2.8,0.83,14.0,11.6,10.37,2,14,38.22,-0.12,1,9.62,0,2.8,1777.51,0,0.8,127,15
2026-OGR-1074,2025-05-17,11. Sınıf,Eşit Ağırlık,Tier 1 (Büyükşehir),Orta,3 Aylık,3.3,0.64,20.3,11.5,5.58,2,8,61.47,-8.68,2,3.02,2,4.4,18290.23,0,3.2,677,11
2026-OGR-1075,2025-08-12,11. Sınıf,Eşit Ağırlık,Tier 2,,3 Aylık,4.6,0.74,15.2,14.0,12.17,1,9,46.55,-2.91,2,0.44,1,3.9,1751.16,0,1.1,168,5
2026-OGR-1076,2026-03-05,12. Sınıf,Sözel,Tier 1 (Büyükşehir),Orta,3 Aylık,9.8,0.54,13.3,6.6,10.89,1,16,43.85,-1.19,1,2.31,0,2.8,15798.58,1,1.7,251,8
2026-OGR-1077,2025-08-19,12. Sınıf,Sayısal,Tier 3,Orta,Aylık,0.8,0.7,14.9,12.3,20.53,3,8,39.66,-2.57,1,0.14,1,4.8,1695.36,0,3.5,238,11
2026-OGR-1078,2025-05-15,11. Sınıf,Sayısal,Tier 1 (Büyükşehir),Orta,Aylık,10.3,0.78,12.1,10.1,19.79,0,10,83.59,0.21,2,1.75,1,2.7,17392.04,0,2.2,127,10
2026-OGR-1079,2026-05-14,Mezun,Sayısal,Tier 3,Yüksek,Yıllık,10.5,0.75,15.9,12.1,14.87,1,12,62.73,-3.48,1,17.09,0,4.7,4704.88,0,1.1,93,7
2026-OGR-1080,2025-09-09,12. Sınıf,Sayısal,Tier 3,Orta,Aylık,13.2,0.79,15.6,7.7,16.15,4,11,61.13,-6.79,2,8.75,1,,1828.45,1,4.3,233,12
2026-OGR-1081,2025-07-12,12. Sınıf,Eşit Ağırlık,Tier 1 (Büyükşehir),Yüksek,Yıllık,2.1,0.85,9.4,6.5,31.65,1,8,61.57,2.91,1,4.44,0,3.7,15788.18,0,3.6,351,11
2026-OGR-1082,2026-01-07,Mezun,Sayısal,Tier 2,Yüksek,Aylık,0.5,0.3,9.9,3.8,3.7,1,16,45.14,2.94,0,1.0,2,3.1,1905.41,0,2.8,553,3
2026-OGR-1083,2025-05-30,12. Sınıf,Dil,Tier 1 (Büyükşehir),Yüksek,Yıllık,2.9,0.79,21.2,11.3,30.58,3,9,50.93,-2.13,0,1.48,1,4.1,1748.03,0,2.4,173,9
2026-OGR-1084,2026-02-20,Mezun,Eşit Ağırlık,Tier 1 (Büyükşehir),Orta,Aylık,1.7,0.88,11.9,,11.31,1,10,67.75,-4.85,4,2.25,1,4.6,1788.64,0,1.0,18,6
2026-OGR-1085,2025-11-22,Mezun,Eşit Ağırlık,Tier 1 (Büyükşehir),Orta,3 Aylık,1.6,0.61,13.1,7.8,24.24,1,10,44.61,0.87,0,7.87,2,3.2,5230.6,0,1.5,474,10
2026-OGR-1086,2025-10-21,Mezun,Sayısal,Tier 2,Yüksek,3 Aylık,6.1,0.71,13.0,9.0,34.38,2,17,36.26,1.75,2,9.53,0,,1849.87,1,4.1,160,10
2026-OGR-1087,2026-02-18,Mezun,Eşit Ağırlık,Tier 1 (Büyükşehir),Düşük,3 Aylık,2.3,0.57,13.0,7.3,3.28,1,13,41.6,1.88,0,6.63,2,2.7,4868.73,0,4.2,641,11
2026-OGR-1088,2025-02-28,12. Sınıf,Eşit Ağırlık,Tier 2,Orta,Aylık,1.7,0.57,16.2,8.1,13.08,1,16,61.29,0.85,0,7.84,2,5.0,1960.61,0,6.0,535,6
2026-OGR-1089,2025-02-02,Mezun,Eşit Ağırlık,Tier 1 (Büyükşehir),Yüksek,Aylık,2.9,0.82,7.6,5.4,34.66,6,16,53.0,-3.11,0,1.3,0,5.0,1675.48,0,4.5,224,10
2026-OGR-1090,2025-11-14,11. Sınıf,Sayısal,Tier 3,Orta,Yıllık,5.6,0.69,19.2,15.4,11.16,0,16,36.85,3.36,2,11.59,4,,1686.62,0,2.4,186,12
2026-OGR-1091,2025-12-18,12. Sınıf,Eşit Ağırlık,Tier 1 (Büyükşehir),Orta,Aylık,3.6,0.78,16.2,7.9,4.8,5,7,41.48,3.05,1,2.69,1,4.1,5260.96,0,0.7,520,9
2026-OGR-1092,2025-08-09,12. Sınıf,Sayısal,Tier 1 (Büyükşehir),Orta,Yıllık,0.4,0.74,16.1,12.4,21.28,5,10,46.05,3.81,0,1.77,0,3.2,4495.32,0,6.6,640,4
2026-OGR-1093,2026-05-16,Mezun,Sayısal,Tier 3,Düşük,Yıllık,5.5,0.68,12.4,9.3,6.05,4,16,64.56,-3.06,0,4.34,1,,1551.6,0,2.0,292,3
2026-OGR-1094,2025-10-08,Mezun,Sayısal,Tier 3,Yüksek,3 Aylık,7.5,0.79,19.1,16.6,26.14,4,13,48.82,-2.26,1,0.23,1,4.2,1864.38,1,0.5,364,7
2026-OGR-1095,2026-01-02,12. Sınıf,Eşit Ağırlık,Tier 1 (Büyükşehir),Orta,Aylık,7.9,0.73,15.5,12.9,10.66,2,7,49.46,-4.27,0,13.59,2,,4007.48,0,0.9,173,10
2026-OGR-1096,2025-11-04,12. Sınıf,Eşit Ağırlık,Tier 2,Yüksek,Aylık,2.7,0.79,18.3,14.9,24.01,4,8,49.72,-5.48,0,0.99,0,,1983.31,1,1.3,130,12
2026-OGR-1097,2025-02-19,12. Sınıf,Sayısal,Tier 1 (Büyükşehir),Yüksek,Aylık,5.2,0.68,17.6,8.8,6.3,3,10,45.0,-1.96,1,2.66,1,4.6,1771.78,0,8.5,235,9
2026-OGR-1098,2026-02-25,12. Sınıf,Sözel,Tier 2,Orta,3 Aylık,2.0,0.78,13.1,9.9,9.3,1,14,29.49,1.96,2,1.78,2,5.0,14986.13,0,2.0,157,5
2026-OGR-1099,2026-05-11,12. Sınıf,Sözel,Tier 1 (Büyükşehir),Orta,Yıllık,2.1,0.76,8.8,7.1,1.85,2,5,53.37,0.42,2,4.07,0,3.6,1708.57,0,1.6,409,8
2026-OGR-1100,2025-03-24,12. Sınıf,Sayısal,Tier 2,Orta,Yıllık,1.4,0.72,11.1,8.5,11.37,1,8,,0.5,1,10.81,1,,1773.09,0,1.3,567,11
2026-OGR-1101,2025-06-15,11. Sınıf,Eşit Ağırlık,Tier 1 (Büyükşehir),Yüksek,Aylık,11.1,0.42,13.8,6.2,5.36,4,4,42.76,0.39,0,6.1,0,2.8,17300.57,0,3.4,54,8
2026-OGR-1102,2025-06-02,12. Sınıf,Eşit Ağırlık,Tier 3,Düşük,3 Aylık,4.1,0.36,12.9,3.8,21.48,3,10,57.94,-5.32,2,0.31,0,4.0,1724.13,0,1.6,510,12
2026-OGR-1103,2025-08-28,12. Sınıf,Sayısal,Tier 2,Düşük,Aylık,3.6,0.46,11.7,,13.62,2,15,43.88,6.7,2,3.08,4,2.9,16628.59,1,4.0,186,6
2026-OGR-1104,2026-06-22,12. Sınıf,Dil,Tier 1 (Büyükşehir),Yüksek,Aylık,2.6,0.77,19.9,16.6,1.41,5,7,54.42,-1.26,0,0.81,1,4.6,15893.23,1,3.5,663,4
2026-OGR-1105,2026-02-07,12. Sınıf,Sayısal,Tier 2,Düşük,Aylık,2.4,0.76,8.7,6.9,37.09,5,14,61.0,-0.4,1,0.91,1,3.6,1925.78,0,0.5,487,2
2026-OGR-1106,2026-03-16,12. Sınıf,Sözel,Tier 2,Orta,Aylık,2.4,0.69,11.0,5.9,5.46,2,11,53.02,2.11,1,3.09,1,4.3,1722.56,0,1.2,310,6
2026-OGR-1107,2025-05-03,11. Sınıf,Sözel,Tier 1 (Büyükşehir),Düşük,Yıllık,1.2,0.69,16.1,9.9,35.46,3,10,25.02,-2.4,0,18.51,0,,4920.47,1,4.3,558,9
2026-OGR-1108,2025-02-10,12. Sınıf,Sayısal,Tier 1 (Büyükşehir),Orta,Aylık,14.7,0.81,18.9,14.1,4.09,3,10,21.97,5.35,1,7.42,1,1.9,5496.09,0,3.1,206,8
2026-OGR-1109,2025-01-13,12. Sınıf,Dil,Tier 1 (Büyükşehir),Orta,Aylık,2.1,0.78,12.5,8.4,26.84,4,12,37.34,5.57,1,1.14,1,,4827.05,0,1.7,639,10
2026-OGR-1110,2026-06-11,11. Sınıf,Sayısal,Tier 3,Düşük,Aylık,7.1,0.59,13.0,8.0,14.15,4,9,32.54,-0.25,1,1.78,2,,1855.17,0,1.3,206,9
2026-OGR-1111,2025-01-22,11. Sınıf,Eşit Ağırlık,Tier 3,Düşük,3 Aylık,3.6,0.71,13.4,6.5,14.94,2,9,57.24,-2.32,1,0.83,2,2.8,3960.07,0,2.5,65,9
2026-OGR-1112,2025-02-10,12. Sınıf,Sayısal,Tier 2,Orta,Aylık,9.6,0.8,15.4,12.3,17.82,3,13,54.08,4.5,0,0.58,1,3.6,1673.23,0,1.4,376,8
2026-OGR-1113,2026-02-13,12. Sınıf,Sözel,Tier 1 (Büyükşehir),Orta,Yıllık,8.8,0.65,13.8,7.2,1.56,3,11,34.55,-6.79,0,3.04,3,2.8,5252.21,0,1.9,320,9
2026-OGR-1114,2025-08-20,Mezun,Sayısal,Tier 3,Orta,3 Aylık,8.5,0.46,16.4,6.8,25.59,4,11,65.16,-4.07,0,3.85,0,3.1,1766.55,0,2.2,249,4
2026-OGR-1115,2025-03-11,11. Sınıf,Eşit Ağırlık,Tier 3,Yüksek,3 Aylık,4.2,0.58,15.3,10.2,9.57,1,11,64.84,0.2,0,5.46,2,4.0,4553.24,0,1.3,641,7
2026-OGR-1116,2026-06-17,11. Sınıf,Sayısal,Tier 2,Yüksek,Yıllık,5.4,0.89,6.7,3.0,7.11,2,13,69.31,-4.12,0,3.89,0,3.4,2061.9,1,2.9,619,12
2026-OGR-1117,2026-02-19,Mezun,Sayısal,Tier 1 (Büyükşehir),Düşük,Yıllık,1.6,0.43,14.9,8.2,5.58,1,15,62.58,3.38,1,1.45,1,,1632.47,0,9.8,261,10
2026-OGR-1118,2025-03-16,12. Sınıf,Eşit Ağırlık,Tier 1 (Büyükşehir),Orta,3 Aylık,12.4,0.93,15.9,15.5,26.62,2,9,37.39,-0.01,2,6.81,0,4.7,1585.59,0,3.8,173,6
2026-OGR-1119,2026-02-15,12. Sınıf,Sayısal,Tier 1 (Büyükşehir),Yüksek,3 Aylık,4.3,0.58,11.3,7.5,16.64,0,10,76.78,0.43,2,0.67,1,3.5,5468.69,0,2.3,263,19
2026-OGR-1120,2025-06-26,12. Sınıf,Eşit Ağırlık,Tier 1 (Büyükşehir),Orta,Yıllık,10.3,0.93,16.8,14.0,6.2,2,10,75.22,7.22,3,17.03,1,2.3,1561.94,1,4.3,633,11
2026-OGR-1121,2025-12-07,12. Sınıf,Sayısal,Tier 1 (Büyükşehir),Orta,3 Aylık,1.1,0.51,15.3,8.1,33.81,1,13,68.51,5.38,1,0.71,0,3.8,18502.62,0,3.9,294,2
2026-OGR-1122,2025-03-05,11. Sınıf,Eşit Ağırlık,Tier 3,Orta,3 Aylık,1.2,0.79,16.3,8.2,7.24,3,10,43.6,-0.52,2,5.9,1,4.2,5564.18,0,0.6,71,12
2026-OGR-1123,2026-06-12,11. Sınıf,Sayısal,Tier 1 (Büyükşehir),Düşük,3 Aylık,0.7,0.53,13.7,5.6,15.64,1,11,76.35,-0.42,1,8.12,0,3.9,4708.36,0,1.2,277,5
2026-OGR-1124,2025-12-20,12. Sınıf,Eşit Ağırlık,Tier 1 (Büyükşehir),Düşük,Yıllık,1.2,0.64,16.0,9.9,33.79,0,11,42.58,0.01,2,13.77,2,3.3,5685.81,1,4.1,58,11
2026-OGR-1125,2026-06-18,Mezun,Sayısal,Tier 2,Orta,Yıllık,4.8,0.59,16.5,10.0,2.24,1,5,63.1,0.45,1,1.18,0,4.0,1857.57,0,2.9,318,9
2026-OGR-1126,2026-01-27,Mezun,Sayısal,Tier 1 (Büyükşehir),Düşük,Yıllık,5.9,0.73,21.5,,16.05,0,9,60.01,-0.32,0,3.88,0,3.5,4935.67,1,1.6,546,5
2026-OGR-1127,2025-04-23,11. Sınıf,Sözel,Tier 1 (Büyükşehir),Orta,Aylık,12.7,0.34,13.7,3.9,37.94,1,5,51.13,0.41,0,3.13,3,,1843.33,1,3.7,386,9
2026-OGR-1128,2026-03-27,Mezun,Eşit Ağırlık,Tier 3,Düşük,3 Aylık,8.6,0.42,15.8,5.1,23.07,2,13,46.47,-0.31,2,5.91,0,5.0,5431.99,1,1.0,348,6
2026-OGR-1129,2025-04-20,11. Sınıf,Sözel,Tier 1 (Büyükşehir),Yüksek,Aylık,7.0,0.85,14.4,10.6,6.5,2,13,36.63,-3.27,2,6.08,0,3.7,4272.9,0,1.6,272,12
2026-OGR-1130,2025-01-11,Mezun,Eşit Ağırlık,Tier 2,Düşük,Aylık,4.2,0.78,17.9,18.7,12.55,2,15,53.54,-2.73,2,0.11,0,,5624.16,0,1.1,647,3
2026-OGR-1131,2025-07-14,11. Sınıf,Sözel,Tier 1 (Büyükşehir),Yüksek,Aylık,3.1,0.74,10.7,9.3,21.63,2,9,48.12,1.65,1,4.36,2,2.9,5400.86,1,2.4,171,14
2026-OGR-1132,2025-11-26,11. Sınıf,Dil,Tier 1 (Büyükşehir),Düşük,Aylık,3.1,0.57,9.2,6.2,8.8,0,13,46.23,-3.18,1,0.47,0,2.9,4189.23,0,5.0,142,8
2026-OGR-1133,2025-11-14,11. Sınıf,Eşit Ağırlık,Tier 2,Orta,3 Aylık,13.7,0.88,15.5,14.5,6.27,2,9,52.66,0.29,3,14.16,3,4.2,1811.31,0,1.7,244,14
2026-OGR-1134,2025-12-11,12. Sınıf,Eşit Ağırlık,Tier 1 (Büyükşehir),Orta,Aylık,5.0,0.67,12.3,10.9,4.17,3,13,67.28,-0.6,0,0.33,2,3.6,1695.18,0,3.1,152,4
2026-OGR-1135,2025-12-15,Mezun,Sayısal,Tier 3,Düşük,Yıllık,6.3,0.7,8.7,5.6,14.55,1,14,61.03,2.41,1,2.78,2,4.7,4257.19,1,3.8,368,6
2026-OGR-1136,2026-01-09,11. Sınıf,Sayısal,Tier 1 (Büyükşehir),Orta,3 Aylık,1.2,0.77,9.3,7.9,18.82,1,11,73.58,2.26,3,0.38,2,4.0,5091.85,0,5.1,503,10
2026-OGR-1137,2026-03-01,11. Sınıf,Eşit Ağırlık,Tier 1 (Büyükşehir),Düşük,3 Aylık,4.4,0.73,21.3,14.5,3.84,3,14,43.92,-8.15,0,13.78,3,3.5,4920.65,0,4.8,218,8
2026-OGR-1138,2026-05-04,12. Sınıf,Sayısal,Tier 1 (Büyükşehir),Orta,Aylık,1.4,0.8,13.2,10.8,4.29,1,9,,0.13,0,6.42,2,4.1,16597.35,0,2.9,128,7
2026-OGR-1139,2025-10-08,12. Sınıf,Sözel,Tier 1 (Büyükşehir),Orta,3 Aylık,3.4,0.59,9.8,5.9,18.08,2,11,49.22,2.22,2,1.26,0,4.1,1656.3,0,2.5,45,10
2026-OGR-1140,2026-03-24,12. Sınıf,Eşit Ağırlık,Tier 2,Orta,3 Aylık,16.0,0.41,13.9,5.6,4.12,1,20,72.47,0.86,0,0.83,2,3.7,16830.13,0,3.0,239,5
2026-OGR-1141,2025-11-08,Mezun,Eşit Ağırlık,Tier 2,Orta,3 Aylık,4.8,0.55,12.7,8.1,9.09,2,9,53.63,0.03,1,6.72,0,5.0,4313.2,0,5.2,521,5
2026-OGR-1142,2025-10-10,12. Sınıf,Sayısal,Tier 2,Düşük,3 Aylık,5.9,0.35,12.0,3.9,16.35,1,15,21.67,-0.21,0,2.76,0,3.2,18363.9,0,1.7,118,12
2026-OGR-1143,2025-10-12,12. Sınıf,Sözel,Tier 2,Düşük,Aylık,4.9,0.81,15.5,,48.92,2,5,54.85,-7.55,2,0.75,1,,1350.96,1,4.0,216,11
2026-OGR-1144,2026-02-17,12. Sınıf,Sayısal,Tier 1 (Büyükşehir),Düşük,Aylık,7.3,0.37,8.1,3.0,11.83,2,17,39.09,0.97,0,3.7,0,4.3,2041.83,1,3.0,168,7
2026-OGR-1145,2026-06-23,11. Sınıf,Eşit Ağırlık,Tier 2,Orta,Yıllık,3.1,0.79,6.3,,2.81,2,8,48.77,0.54,0,0.45,3,,1928.77,0,2.0,234,9
2026-OGR-1146,2026-05-26,Mezun,Sayısal,Tier 1 (Büyükşehir),Yüksek,Aylık,2.3,0.83,14.5,12.0,41.33,1,10,48.36,0.85,0,1.58,1,3.7,1935.36,0,2.1,464,9
2026-OGR-1147,2026-04-21,12. Sınıf,Eşit Ağırlık,Tier 1 (Büyükşehir),Yüksek,Yıllık,13.4,0.86,15.2,10.5,8.61,1,11,61.3,-1.35,2,1.78,1,3.5,6378.28,0,3.6,510,8
2026-OGR-1148,2026-04-07,Mezun,Sözel,Tier 1 (Büyükşehir),Yüksek,3 Aylık,2.9,0.94,16.0,15.1,21.16,2,12,54.29,-0.0,4,1.98,0,5.0,1913.75,0,1.3,357,12
2026-OGR-1149,2026-04-10,11. Sınıf,Sayısal,Tier 2,Yüksek,Yıllık,5.9,0.77,10.4,5.9,26.11,3,14,55.62,-6.84,2,1.35,1,4.0,14902.08,1,0.9,10,8
2026-OGR-1150,2025-05-13,12. Sınıf,Sayısal,Tier 2,Orta,Yıllık,1.5,0.5,14.4,6.2,19.6,1,16,66.79,3.01,0,6.7,0,4.3,1808.17,0,1.3,624,14
2026-OGR-1151,2026-03-16,12. Sınıf,Sayısal,Tier 1 (Büyükşehir),Düşük,Yıllık,0.5,0.88,15.8,,2.24,1,9,57.33,3.51,0,8.06,2,4.1,4264.54,0,1.2,367,11
2026-OGR-1152,2026-03-01,12. Sınıf,Sayısal,Tier 1 (Büyükşehir),Yüksek,Aylık,1.7,0.85,12.0,11.6,25.28,1,6,55.89,0.83,3,1.22,1,4.4,4713.0,0,5.1,139,5
2026-OGR-1153,2026-05-06,12. Sınıf,Eşit Ağırlık,Tier 1 (Büyükşehir),,3 Aylık,3.7,0.94,6.9,5.2,15.39,0,10,78.5,6.2,3,1.59,2,,4934.08,0,2.0,503,11
2026-OGR-1154,2025-09-26,Mezun,Sayısal,Tier 1 (Büyükşehir),Yüksek,Aylık,2.2,0.78,15.8,11.0,22.51,4,9,47.13,4.02,1,3.22,0,4.7,4891.93,0,2.7,591,7
2026-OGR-1155,2025-10-20,12. Sınıf,Sayısal,Tier 1 (Büyükşehir),Orta,Aylık,4.0,0.78,16.2,,7.85,5,11,38.65,-0.61,0,1.12,1,2.1,17372.43,0,3.4,208,6
2026-OGR-1156,2025-11-29,12. Sınıf,Sayısal,Tier 1 (Büyükşehir),Yüksek,3 Aylık,6.7,0.57,13.4,10.2,12.03,5,9,40.85,0.22,1,11.41,0,4.0,2022.57,0,3.8,596,7
2026-OGR-1157,2025-01-31,12. Sınıf,Eşit Ağırlık,Tier 2,Orta,Aylık,2.4,0.9,16.1,12.2,25.07,1,9,36.89,-2.29,2,2.01,1,3.5,4731.29,0,1.1,468,9
2026-OGR-1158,2025-12-31,11. Sınıf,Eşit Ağırlık,Tier 1 (Büyükşehir),Düşük,Yıllık,3.5,0.64,13.9,9.9,3.7,0,9,63.93,2.68,1,1.82,0,4.6,1997.77,0,3.3,348,7
2026-OGR-1159,2026-02-28,12. Sınıf,Eşit Ağırlık,Tier 3,Orta,Aylık,1.9,0.79,17.0,13.4,2.2,4,13,62.38,-3.06,1,4.78,2,3.9,5386.44,0,4.3,355,8
2026-OGR-1160,2026-03-05,11. Sınıf,Eşit Ağırlık,Tier 1 (Büyükşehir),Yüksek,3 Aylık,2.8,0.5,14.8,9.4,21.88,5,10,56.9,-4.49,1,6.3,2,,1688.79,1,1.5,474,9
2026-OGR-1161,2025-12-20,11. Sınıf,Eşit Ağırlık,Tier 2,Orta,Yıllık,3.2,0.85,18.6,15.0,8.69,1,5,51.11,-1.87,2,3.24,0,3.4,1813.29,0,4.4,429,7
2026-OGR-1162,2025-08-28,12. Sınıf,Sayısal,Tier 2,Yüksek,Yıllık,2.3,0.71,12.1,8.1,10.01,2,8,64.26,-1.54,3,1.87,0,3.4,18891.25,1,2.0,311,8
2026-OGR-1163,2025-01-10,11. Sınıf,Sayısal,Tier 2,Yüksek,Yıllık,4.8,0.62,13.5,7.4,11.22,3,12,60.93,-1.86,1,2.3,1,4.4,1982.36,1,2.1,621,13
2026-OGR-1164,2025-07-27,12. Sınıf,Sayısal,Tier 2,Orta,Yıllık,6.7,0.71,13.5,10.4,5.51,2,13,45.52,-1.57,0,8.23,2,,4633.72,0,2.6,445,7
2026-OGR-1165,2025-07-15,12. Sınıf,Eşit Ağırlık,Tier 1 (Büyükşehir),,3 Aylık,0.8,0.83,18.8,18.2,4.59,0,11,49.4,1.48,2,5.17,0,3.7,4360.35,0,5.7,444,5
2026-OGR-1166,2025-11-05,Mezun,Sayısal,Tier 1 (Büyükşehir),Düşük,3 Aylık,14.8,0.77,7.7,6.5,21.68,1,11,59.52,-2.68,1,0.84,0,3.9,15587.68,0,2.6,271,6
2026-OGR-1167,2025-11-17,Mezun,Dil,Tier 2,Orta,3 Aylık,1.7,0.59,14.1,8.8,2.46,2,8,59.19,4.84,2,6.33,2,4.3,4847.29,1,7.6,96,12
2026-OGR-1168,2025-12-11,Mezun,Eşit Ağırlık,Tier 3,Düşük,Aylık,8.3,0.77,16.6,12.5,22.3,1,13,48.74,1.87,0,1.89,2,3.4,1665.52,0,1.7,328,14
2026-OGR-1169,2025-03-19,Mezun,Eşit Ağırlık,Tier 2,Yüksek,3 Aylık,8.3,0.89,15.5,15.2,13.28,2,8,33.82,-0.46,0,8.25,1,4.4,4878.17,0,1.7,82,11
2026-OGR-1170,2026-02-13,Mezun,Eşit Ağırlık,Tier 1 (Büyükşehir),Düşük,3 Aylık,1.9,0.83,9.8,9.9,16.86,0,13,32.29,-5.81,1,2.94,3,3.3,15153.54,1,3.9,231,15
2026-OGR-1171,2025-09-14,12. Sınıf,Sayısal,Tier 3,,Yıllık,4.2,0.6,10.5,6.2,10.54,2,13,64.73,-1.19,1,1.21,1,3.4,16504.86,0,2.5,178,12
2026-OGR-1172,2026-02-16,Mezun,Sayısal,Tier 2,Yüksek,3 Aylık,10.5,0.86,12.5,10.5,12.53,4,7,34.37,2.26,2,2.72,1,3.9,1660.48,0,0.4,652,10
2026-OGR-1173,2025-02-13,12. Sınıf,Eşit Ağırlık,Tier 2,Yüksek,Yıllık,5.5,0.8,16.5,14.6,28.9,2,10,45.45,-1.09,4,2.13,1,4.2,5726.17,0,0.7,369,9
2026-OGR-1174,2025-10-02,12. Sınıf,Eşit Ağırlık,Tier 2,Düşük,Aylık,3.6,0.94,16.9,,15.6,3,14,57.65,-0.62,1,1.93,3,3.7,4233.0,0,1.3,398,11
2026-OGR-1175,2025-10-14,11. Sınıf,Sayısal,Tier 1 (Büyükşehir),Yüksek,Aylık,0.6,0.58,16.9,10.1,8.46,2,6,64.77,1.9,1,2.56,2,4.0,3915.34,1,1.7,311,11
2026-OGR-1176,2026-04-15,Mezun,Sayısal,Tier 1 (Büyükşehir),Yüksek,Aylık,1.4,0.45,13.9,4.5,4.27,0,14,63.96,3.48,1,1.67,1,3.2,16379.12,0,0.4,561,14
2026-OGR-1177,2025-07-26,12. Sınıf,Sayısal,Tier 1 (Büyükşehir),Orta,Aylık,1.8,0.8,15.9,9.8,9.42,2,9,58.82,-5.16,2,10.43,1,,1860.93,0,5.0,617,7
2026-OGR-1178,2025-07-07,Mezun,Sözel,Tier 2,Orta,Aylık,2.1,0.65,14.6,9.5,3.88,1,6,62.51,-0.01,1,1.52,0,3.2,5188.38,0,6.1,34,6
2026-OGR-1179,2026-02-06,Mezun,Sayısal,Tier 1 (Büyükşehir),Düşük,3 Aylık,6.3,0.71,20.1,16.8,9.81,3,11,104.37,-0.52,2,0.73,1,3.5,1646.06,0,5.3,143,11
2026-OGR-1180,2025-04-05,12. Sınıf,Eşit Ağırlık,Tier 2,Yüksek,Yıllık,5.5,0.58,16.1,7.7,5.72,1,9,39.24,-6.19,2,1.49,4,3.4,4600.03,0,4.0,11,10
2026-OGR-1181,2025-09-15,Mezun,Sözel,Tier 3,,Aylık,18.4,0.86,17.0,9.3,3.85,5,13,,-0.96,2,1.72,2,3.9,4827.38,0,0.3,455,10
2026-OGR-1182,2025-09-21,11. Sınıf,Eşit Ağırlık,Tier 3,Düşük,3 Aylık,2.2,0.98,16.4,15.5,6.31,2,19,64.21,3.54,1,3.58,1,,1728.99,0,5.2,614,5
2026-OGR-1183,2025-01-27,12. Sınıf,Eşit Ağırlık,Tier 2,Yüksek,Yıllık,3.4,0.64,15.0,11.4,13.47,4,10,27.95,-2.27,1,2.92,2,2.4,1504.58,1,3.5,677,2
2026-OGR-1184,2025-06-10,Mezun,Sayısal,Tier 1 (Büyükşehir),Yüksek,3 Aylık,1.0,0.93,14.9,13.6,22.67,4,13,53.31,-0.92,0,4.47,2,2.5,1595.24,1,1.6,384,10
2026-OGR-1185,2026-02-20,12. Sınıf,Sayısal,Tier 2,Düşük,3 Aylık,5.9,0.81,14.0,6.4,19.06,3,10,45.85,-5.1,1,11.97,1,5.0,5806.24,0,1.4,427,3
2026-OGR-1186,2025-02-19,Mezun,Eşit Ağırlık,Tier 1 (Büyükşehir),Yüksek,Yıllık,0.6,0.57,11.0,7.1,6.15,2,13,49.52,2.15,2,1.56,4,4.8,1866.12,0,0.7,354,10
2026-OGR-1187,2025-02-12,12. Sınıf,Sayısal,Tier 1 (Büyükşehir),Düşük,Aylık,4.1,0.58,13.6,9.7,8.14,1,22,34.71,7.97,2,3.16,1,4.2,1740.12,0,2.3,596,8
2026-OGR-1188,2025-02-18,11. Sınıf,Eşit Ağırlık,Tier 3,,3 Aylık,2.5,0.68,12.6,9.0,6.19,1,12,42.62,-0.42,0,6.46,1,4.2,1977.88,0,1.1,112,8
2026-OGR-1189,2025-11-16,Mezun,Eşit Ağırlık,Tier 2,Düşük,Yıllık,0.4,0.66,15.4,10.2,14.61,3,8,29.29,1.09,2,7.85,0,4.1,5158.8,1,4.2,6,4
2026-OGR-1190,2025-11-01,12. Sınıf,Dil,Tier 1 (Büyükşehir),Orta,Aylık,12.0,0.89,15.6,11.5,13.91,4,11,58.59,-3.27,3,8.35,0,4.2,1819.7,0,3.7,375,17
2026-OGR-1191,2025-05-05,12. Sınıf,Sayısal,Tier 2,Yüksek,3 Aylık,4.6,0.85,11.0,5.7,9.13,5,11,31.67,-0.1,2,4.34,0,2.8,1746.99,1,2.4,480,8
2026-OGR-1192,2025-10-16,12. Sınıf,Sözel,Tier 1 (Büyükşehir),Orta,Aylık,5.8,0.91,8.8,8.2,16.4,2,15,63.83,4.99,1,2.56,2,2.4,2167.5,0,0.4,315,11
2026-OGR-1193,2026-03-31,12. Sınıf,Eşit Ağırlık,Tier 1 (Büyükşehir),Orta,Aylık,4.5,0.78,13.7,12.8,19.99,2,12,37.47,0.4,1,8.89,1,3.0,1825.86,1,3.8,451,3
2026-OGR-1194,2025-08-19,12. Sınıf,Sözel,Tier 1 (Büyükşehir),Orta,Aylık,3.9,0.86,11.3,9.9,15.95,1,5,43.31,-1.96,2,12.4,0,,1777.08,0,1.4,402,10
2026-OGR-1195,2025-10-29,Mezun,Sayısal,Tier 1 (Büyükşehir),Orta,3 Aylık,2.1,0.66,11.6,6.4,12.95,0,11,,4.3,2,1.16,0,,5525.33,1,2.4,325,11
2026-OGR-1196,2026-05-02,Mezun,Eşit Ağırlık,Tier 2,Orta,Yıllık,1.8,0.73,15.1,10.2,14.03,1,13,84.94,2.58,5,8.7,1,3.3,5378.36,1,3.8,586,15
2026-OGR-1197,2026-05-30,11. Sınıf,Eşit Ağırlık,Tier 2,Orta,Yıllık,0.5,0.86,12.3,10.3,24.39,4,10,66.72,-5.41,1,2.35,1,4.1,1746.42,1,1.4,499,13
2026-OGR-1198,2026-04-24,11. Sınıf,Sözel,Tier 3,Orta,3 Aylık,4.9,0.77,5.2,4.7,3.5,4,13,46.85,-1.09,0,5.54,2,4.1,1653.8,0,2.8,154,3
2026-OGR-1199,2025-08-30,Mezun,Sözel,Tier 1 (Büyükşehir),Orta,3 Aylık,3.9,0.69,11.9,7.8,4.57,0,9,70.88,2.0,0,0.62,1,2.9,1571.84,0,4.0,68,12
2026-OGR-1200,2025-11-16,12. Sınıf,Sözel,Tier 2,Orta,Yıllık,3.5,0.56,12.5,7.7,19.29,4,13,56.24,-10.19,0,3.37,2,4.0,2045.67,1,2.4,245,9
2026-OGR-1201,2025-10-25,11. Sınıf,Dil,Tier 1 (Büyükşehir),Düşük,Aylık,1.7,0.55,14.3,9.3,3.86,6,9,59.26,4.35,1,5.98,4,4.3,2028.54,1,1.8,55,14
2026-OGR-1202,2025-11-13,Mezun,Sözel,Tier 1 (Büyükşehir),Düşük,3 Aylık,14.7,0.93,13.6,12.9,5.34,2,7,56.92,3.27,0,0.25,2,2.4,15200.67,0,0.9,327,6
2026-OGR-1203,2025-07-25,12. Sınıf,Sayısal,Tier 1 (Büyükşehir),Orta,3 Aylık,1.6,0.38,16.4,5.8,22.69,4,8,39.84,-4.47,1,5.69,3,3.4,5264.54,1,3.4,343,9
2026-OGR-1204,2025-07-16,12. Sınıf,Eşit Ağırlık,Tier 2,Orta,3 Aylık,3.8,0.95,14.2,12.8,10.35,3,8,60.96,1.92,2,1.34,0,3.2,1823.65,0,4.5,371,9
2026-OGR-1205,2026-01-03,Mezun,Sözel,Tier 3,Yüksek,Aylık,1.8,0.25,13.0,3.8,30.64,4,11,42.72,5.19,1,20.19,0,,1635.27,1,2.2,474,10
2026-OGR-1206,2025-02-15,11. Sınıf,Sözel,Tier 1 (Büyükşehir),Orta,3 Aylık,6.4,0.71,16.0,10.2,30.83,1,7,53.44,6.33,1,0.34,0,2.9,1569.37,0,5.2,155,7
2026-OGR-1207,2025-12-01,12. Sınıf,Sayısal,Tier 3,Orta,3 Aylık,4.7,0.78,12.4,7.9,17.27,2,10,44.38,-1.69,2,2.48,0,5.0,1718.61,0,4.2,575,8
2026-OGR-1208,2025-12-23,Mezun,Sayısal,Tier 2,Yüksek,Aylık,1.4,0.84,9.4,,13.77,3,11,36.54,-5.62,3,1.6,1,3.6,1745.24,0,3.4,582,10
2026-OGR-1209,2026-06-22,12. Sınıf,Sözel,Tier 2,Yüksek,3 Aylık,2.6,0.42,11.9,4.9,14.96,3,9,58.47,2.2,2,6.53,1,3.5,1956.51,1,1.2,207,12
2026-OGR-1210,2026-01-30,12. Sınıf,Sayısal,Tier 1 (Büyükşehir),Orta,Aylık,1.4,0.7,10.5,6.8,21.94,4,11,,2.47,1,2.17,1,2.3,5104.07,1,3.3,423,7
2026-OGR-1211,2025-02-05,11. Sınıf,Sayısal,Tier 2,Yüksek,Aylık,6.5,0.87,17.4,20.3,16.61,1,11,50.92,-3.38,1,1.0,0,4.0,5115.03,0,2.9,124,8
2026-OGR-1212,2025-02-14,Mezun,Sözel,Tier 1 (Büyükşehir),Düşük,Aylık,4.6,0.75,11.3,9.6,20.48,3,12,53.75,-2.21,0,3.46,2,3.0,4701.41,1,2.4,548,7
2026-OGR-1213,2025-02-17,12. Sınıf,Sözel,Tier 2,Düşük,Aylık,1.9,0.47,16.0,8.5,2.65,3,12,54.99,-2.54,2,2.7,1,4.7,1926.27,0,2.2,198,10
2026-OGR-1214,2025-02-17,11. Sınıf,Sözel,Tier 1 (Büyükşehir),Yüksek,3 Aylık,12.0,0.88,16.2,9.6,18.0,1,10,38.61,-0.22,2,0.02,1,3.2,1773.63,0,4.8,233,7
2026-OGR-1215,2026-03-17,12. Sınıf,Dil,Tier 3,Düşük,Yıllık,3.1,0.54,11.6,6.6,23.67,2,11,26.56,-5.03,2,3.44,0,3.6,4123.4,1,2.2,366,8
2026-OGR-1216,2026-06-01,12. Sınıf,Sayısal,Tier 1 (Büyükşehir),Orta,3 Aylık,9.4,0.74,12.2,8.7,6.27,4,8,55.62,-5.24,2,5.19,0,4.8,2054.85,1,3.2,158,7
2026-OGR-1217,2025-04-18,Mezun,Sayısal,Tier 2,Orta,Aylık,3.3,0.87,15.3,,10.65,4,11,51.66,5.08,4,6.87,0,5.0,4913.15,0,2.2,235,6
2026-OGR-1218,2025-11-04,12. Sınıf,Sayısal,Tier 3,Orta,Yıllık,2.1,0.6,9.9,5.3,14.19,2,8,27.71,-4.41,0,13.83,1,2.9,1693.65,1,0.7,323,9
2026-OGR-1219,2025-04-22,12. Sınıf,Sayısal,Tier 1 (Büyükşehir),Yüksek,Aylık,2.0,0.46,13.9,7.2,5.67,3,17,47.51,-3.84,1,6.97,1,,1968.54,1,0.9,83,8
2026-OGR-1220,2025-12-30,12. Sınıf,Eşit Ağırlık,Tier 2,Orta,Yıllık,9.5,0.39,12.2,5.8,2.1,1,15,58.19,3.37,1,8.2,1,4.0,1910.67,1,2.6,458,10
2026-OGR-1221,2026-05-30,12. Sınıf,Eşit Ağırlık,Tier 1 (Büyükşehir),Orta,Yıllık,4.4,0.26,14.2,3.2,6.27,1,20,54.01,-0.83,2,3.42,0,,1610.58,1,4.0,555,14
2026-OGR-1222,2026-03-24,Mezun,Eşit Ağırlık,Tier 1 (Büyükşehir),Orta,Aylık,11.8,0.45,10.8,4.6,35.64,3,15,46.37,-0.82,1,7.1,1,,20245.71,1,1.2,235,15
2026-OGR-1223,2026-01-25,11. Sınıf,Sayısal,Tier 1 (Büyükşehir),,3 Aylık,6.5,0.81,15.8,12.9,30.4,2,11,38.32,1.84,2,4.0,2,3.0,17452.72,1,0.5,365,7
2026-OGR-1224,2025-10-13,11. Sınıf,Eşit Ağırlık,Tier 2,Orta,Aylık,5.4,0.66,7.9,5.0,14.68,0,12,55.87,-2.94,2,2.16,1,3.4,4592.21,1,8.4,675,10
2026-OGR-1225,2025-09-01,Mezun,Sözel,Tier 2,Düşük,3 Aylık,15.5,0.55,14.7,6.5,15.16,2,6,39.93,-2.21,1,4.23,1,3.4,1738.31,1,3.0,441,9
2026-OGR-1226,2026-01-24,Mezun,Sayısal,Tier 2,Yüksek,Aylık,6.0,0.65,20.6,9.7,10.52,2,9,42.77,0.46,1,2.27,1,4.2,4431.03,0,1.6,281,5
2026-OGR-1227,2025-08-04,12. Sınıf,Sayısal,Tier 3,Yüksek,Yıllık,1.6,0.84,17.9,17.0,3.43,4,12,70.64,-3.61,0,3.56,1,4.0,1694.63,0,2.5,644,7
2026-OGR-1228,2025-11-02,11. Sınıf,Eşit Ağırlık,Tier 1 (Büyükşehir),,Yıllık,7.3,0.42,13.8,5.4,2.25,3,11,69.6,1.35,0,2.74,2,2.9,4673.23,0,1.8,415,8
2026-OGR-1229,2025-03-19,11. Sınıf,Sözel,Tier 1 (Büyükşehir),Orta,3 Aylık,4.7,0.81,15.7,17.6,20.29,4,15,71.36,2.46,0,0.91,3,,1709.76,0,1.7,28,6
2026-OGR-1230,2026-02-05,12. Sınıf,Sayısal,Tier 3,Düşük,3 Aylık,4.0,0.77,16.5,12.4,32.31,1,12,33.17,-2.1,0,3.45,2,4.0,15552.26,1,0.8,186,9
2026-OGR-1231,2025-07-20,12. Sınıf,Sayısal,Tier 3,Yüksek,3 Aylık,2.4,0.83,13.8,13.0,17.51,2,15,35.64,-0.45,0,7.83,1,3.7,16722.48,1,2.2,355,10
2026-OGR-1232,2026-05-10,12. Sınıf,Sözel,Tier 3,Orta,3 Aylık,6.5,0.55,18.4,,4.18,3,16,59.91,-3.26,0,0.8,1,,1974.83,0,1.6,600,9
2026-OGR-1233,2026-02-01,12. Sınıf,Sözel,Tier 2,Orta,Aylık,7.2,0.57,16.0,8.1,30.09,0,19,65.2,3.53,1,1.28,0,2.6,2223.61,0,6.6,576,8
2026-OGR-1234,2026-03-13,12. Sınıf,Sayısal,Tier 3,Orta,3 Aylık,13.1,0.71,13.4,,5.11,5,10,51.25,-3.67,0,10.71,3,,4493.99,1,4.6,648,7
2026-OGR-1235,2026-05-30,Mezun,Eşit Ağırlık,Tier 1 (Büyükşehir),Orta,Yıllık,0.7,0.86,12.0,11.3,10.0,0,11,66.29,2.62,0,4.4,0,4.7,16596.52,0,4.4,535,5
2026-OGR-1236,2025-10-10,12. Sınıf,Sayısal,Tier 2,Orta,Aylık,10.1,0.87,12.5,9.5,23.39,2,10,53.84,3.5,0,12.76,1,4.1,5805.97,0,2.7,172,7
2026-OGR-1237,2025-05-16,12. Sınıf,Sayısal,Tier 2,Orta,Aylık,0.5,0.63,18.3,9.1,22.07,3,5,55.26,5.57,1,6.97,2,4.7,2081.02,1,2.1,12,9
2026-OGR-1238,2025-07-26,11. Sınıf,Sözel,Tier 3,Orta,Aylık,3.6,0.91,19.4,18.4,20.04,3,10,67.66,-2.16,0,3.55,0,4.5,1804.6,1,1.5,573,11
2026-OGR-1239,2025-01-10,12. Sınıf,Eşit Ağırlık,Tier 2,Yüksek,Yıllık,2.7,0.68,9.9,5.2,3.19,1,8,49.57,-4.94,2,1.83,0,,5193.66,1,1.2,481,15
2026-OGR-1240,2026-05-13,11. Sınıf,Dil,Tier 1 (Büyükşehir),Düşük,Yıllık,1.0,0.5,13.2,6.4,17.02,1,10,66.16,-3.95,3,8.32,1,4.1,1938.67,1,1.4,344,8
2026-OGR-1241,2026-01-15,12. Sınıf,Eşit Ağırlık,Tier 1 (Büyükşehir),Orta,3 Aylık,15.2,0.94,5.8,5.2,13.33,3,15,19.84,-7.58,4,11.19,1,3.4,1656.58,0,1.5,626,9
2026-OGR-1242,2025-12-01,11. Sınıf,Sayısal,Tier 2,Yüksek,Aylık,3.1,0.94,12.7,11.8,6.81,2,10,55.53,-0.13,0,5.34,1,3.7,2024.83,0,3.2,592,6
2026-OGR-1243,2025-12-29,Mezun,Sözel,Tier 1 (Büyükşehir),Orta,Aylık,10.2,0.75,17.9,,8.14,3,9,61.38,-0.19,0,8.03,1,,5202.08,0,4.1,309,11
2026-OGR-1244,2026-05-22,Mezun,Sayısal,Tier 1 (Büyükşehir),Yüksek,Yıllık,7.6,0.7,17.1,15.0,5.53,2,10,43.48,0.94,0,3.34,0,4.6,5196.67,0,2.6,559,7
2026-OGR-1245,2025-10-03,12. Sınıf,Sözel,Tier 2,Orta,Yıllık,3.2,0.76,18.0,11.7,10.85,6,11,45.03,-0.53,2,0.1,1,3.8,5295.8,0,3.2,643,12
2026-OGR-1246,2025-08-30,12. Sınıf,Eşit Ağırlık,Tier 2,Düşük,3 Aylık,5.1,0.9,11.3,9.1,10.32,3,7,64.42,0.58,1,1.6,2,,5032.21,0,1.8,488,10
2026-OGR-1247,2025-05-19,11. Sınıf,Eşit Ağırlık,Tier 1 (Büyükşehir),Orta,Yıllık,2.1,0.84,13.6,9.7,49.97,2,13,60.2,1.53,3,2.0,1,3.5,1878.67,1,2.9,74,6
2026-OGR-1248,2025-02-21,11. Sınıf,Sözel,Tier 3,Yüksek,Aylık,3.3,0.55,21.3,13.1,1.55,0,10,45.37,9.19,0,6.15,3,3.6,18086.17,0,3.0,168,6
2026-OGR-1249,2026-06-02,Mezun,Sözel,Tier 2,Düşük,3 Aylık,12.6,0.84,14.7,12.7,13.17,3,6,61.7,1.31,1,1.56,0,,1653.21,0,0.8,447,7
2026-OGR-1250,2025-12-27,Mezun,Eşit Ağırlık,Tier 1 (Büyükşehir),Orta,Aylık,10.2,0.89,15.5,,6.19,1,10,58.85,-5.86,1,3.96,0,4.3,3980.34,0,1.8,134,11
2026-OGR-1251,2025-07-30,12. Sınıf,Sözel,Tier 2,Yüksek,Aylık,2.9,0.5,17.2,7.6,4.21,3,10,30.27,-0.23,0,0.47,1,3.3,18064.37,0,2.3,187,9
2026-OGR-1252,2025-09-27,12. Sınıf,Sayısal,Tier 1 (Büyükşehir),Yüksek,Yıllık,8.2,0.77,17.9,13.6,55.4,0,7,56.09,1.0,2,0.24,2,3.2,19353.62,0,2.2,515,8
2026-OGR-1253,2026-04-14,Mezun,Eşit Ağırlık,Tier 1 (Büyükşehir),Düşük,3 Aylık,6.6,0.85,14.1,14.0,22.14,1,17,61.57,7.06,3,0.41,1,4.0,4812.63,0,0.8,176,5
2026-OGR-1254,2026-05-24,11. Sınıf,Sözel,Tier 3,Düşük,Aylık,8.1,0.67,11.7,9.8,5.22,2,11,55.19,1.68,0,0.93,0,4.3,1496.55,0,1.6,175,8
2026-OGR-1255,2025-01-26,12. Sınıf,Sayısal,Tier 2,Orta,3 Aylık,9.9,0.67,10.8,7.7,22.52,3,14,61.28,1.83,1,0.94,2,3.3,5526.19,0,2.0,528,12
2026-OGR-1256,2025-09-28,12. Sınıf,Eşit Ağırlık,Tier 2,Orta,Yıllık,16.7,0.83,16.0,15.1,13.25,3,10,57.49,-2.83,0,11.74,0,3.6,1619.59,0,0.2,639,7
2026-OGR-1257,2026-06-23,11. Sınıf,Eşit Ağırlık,Tier 3,Orta,Yıllık,5.7,0.49,15.0,7.8,3.87,3,12,41.38,-0.85,1,10.94,0,3.8,4867.22,1,3.9,286,8
2026-OGR-1258,2026-03-31,Mezun,Sayısal,Tier 2,Yüksek,3 Aylık,11.4,0.91,22.1,17.2,11.76,5,7,62.18,2.8,2,7.3,0,,1619.64,0,2.5,598,17
2026-OGR-1259,2025-03-08,11. Sınıf,Sayısal,Tier 1 (Büyükşehir),Yüksek,Aylık,4.9,0.89,13.5,17.3,5.79,1,10,53.31,2.8,2,5.9,0,3.9,1746.26,0,2.9,146,5
2026-OGR-1260,2026-06-26,11. Sınıf,Sayısal,Tier 1 (Büyükşehir),Orta,Aylık,9.7,0.72,15.0,13.0,9.7,4,14,33.08,1.19,1,1.42,1,2.8,4951.58,0,5.7,335,9
2026-OGR-1261,2026-02-27,11. Sınıf,Sözel,Tier 3,Düşük,3 Aylık,2.1,0.24,14.7,2.5,31.41,0,15,79.65,2.43,0,2.9,0,,2155.68,1,5.7,71,8
2026-OGR-1262,2026-06-21,Mezun,Eşit Ağırlık,Tier 1 (Büyükşehir),Yüksek,3 Aylık,8.9,0.89,10.1,9.4,9.45,4,6,30.79,-4.12,4,0.92,1,2.9,1981.07,1,2.9,690,8
2026-OGR-1263,2025-10-09,12. Sınıf,Sayısal,Tier 2,Düşük,Aylık,2.1,0.58,17.3,10.8,4.35,2,11,38.88,-1.89,0,1.29,2,3.2,1793.66,0,0.6,562,17
2026-OGR-1264,2026-02-04,12. Sınıf,Sözel,Tier 1 (Büyükşehir),Orta,Aylık,1.2,0.73,15.1,,9.25,2,11,58.63,0.62,1,1.05,2,3.7,5005.49,0,2.7,87,10
2026-OGR-1265,2025-05-12,Mezun,Eşit Ağırlık,Tier 1 (Büyükşehir),Orta,3 Aylık,2.5,0.67,12.0,7.9,13.37,4,12,72.13,-1.17,0,9.62,3,3.9,1920.52,1,4.0,537,7
2026-OGR-1266,2025-02-27,Mezun,Eşit Ağırlık,Tier 2,Yüksek,3 Aylık,3.5,0.71,14.9,6.6,24.63,2,11,46.97,1.39,0,2.93,1,2.7,1850.83,1,4.6,143,11
2026-OGR-1267,2025-10-01,11. Sınıf,Sayısal,Tier 1 (Büyükşehir),Düşük,3 Aylık,4.8,0.56,19.2,11.8,32.12,2,5,49.05,2.03,1,20.79,3,3.6,1794.79,1,2.7,604,7
2026-OGR-1268,2025-01-15,11. Sınıf,Sayısal,Tier 3,Orta,Aylık,7.2,0.93,18.2,17.9,18.45,3,8,77.15,0.96,4,6.59,1,3.5,1795.76,1,1.5,10,14
2026-OGR-1269,2025-03-26,11. Sınıf,Sözel,Tier 1 (Büyükşehir),Yüksek,Aylık,6.1,0.73,17.0,11.6,13.46,1,9,57.62,-2.79,3,5.68,2,4.2,1657.29,0,4.1,243,6
2026-OGR-1270,2025-04-02,11. Sınıf,Eşit Ağırlık,Tier 1 (Büyükşehir),Yüksek,Aylık,5.5,0.71,18.6,,11.92,1,7,53.26,-0.92,3,0.7,3,3.4,13423.67,0,3.0,534,13
2026-OGR-1271,2026-02-07,12. Sınıf,Eşit Ağırlık,Tier 1 (Büyükşehir),,Yıllık,7.3,0.69,13.4,12.4,16.45,4,12,32.95,-7.78,0,1.44,0,3.4,4350.09,0,1.7,77,9
2026-OGR-1272,2025-01-08,11. Sınıf,Eşit Ağırlık,Tier 1 (Büyükşehir),Orta,Yıllık,5.8,0.9,17.0,18.4,8.34,2,9,55.13,3.06,2,0.99,0,2.1,1619.38,0,3.7,21,4
2026-OGR-1273,2026-02-08,11. Sınıf,Eşit Ağırlık,Tier 2,Orta,Aylık,4.8,0.55,14.4,9.8,13.95,3,7,34.83,0.02,2,2.5,0,2.5,4504.98,0,1.5,584,9
2026-OGR-1274,2025-04-09,Mezun,Sayısal,Tier 1 (Büyükşehir),Yüksek,Yıllık,5.0,0.63,15.1,10.3,8.81,1,10,92.87,0.55,0,9.18,2,2.6,5402.01,0,4.4,683,16
2026-OGR-1275,2026-06-19,Mezun,Sayısal,Tier 1 (Büyükşehir),Düşük,Aylık,6.4,0.76,13.0,11.2,2.12,2,14,42.65,0.4,2,0.87,4,4.0,4697.46,0,2.4,513,12
2026-OGR-1276,2026-02-06,Mezun,Eşit Ağırlık,Tier 1 (Büyükşehir),Düşük,Aylık,3.2,0.81,19.4,15.3,33.32,1,15,40.99,-3.93,0,0.52,0,3.8,17176.44,0,3.4,28,19
2026-OGR-1277,2026-03-07,12. Sınıf,Sayısal,Tier 1 (Büyükşehir),Orta,Yıllık,3.9,0.75,17.5,16.5,5.31,0,10,59.86,2.9,0,1.52,1,3.0,4886.49,0,3.2,410,9
2026-OGR-1278,2025-07-22,12. Sınıf,Sayısal,Tier 3,Düşük,3 Aylık,6.4,0.35,11.2,2.8,5.25,2,10,73.06,-0.88,4,12.69,0,,1768.47,1,1.7,655,8
2026-OGR-1279,2026-06-24,12. Sınıf,Eşit Ağırlık,Tier 1 (Büyükşehir),Yüksek,Aylık,2.1,0.95,12.6,13.5,42.41,1,11,,2.04,0,1.56,2,3.3,4889.56,0,2.4,98,10
2026-OGR-1280,2025-03-25,12. Sınıf,Sayısal,Tier 3,Orta,Yıllık,5.0,0.67,12.8,7.1,8.17,1,12,37.67,-0.98,1,6.94,0,2.8,1673.19,0,1.8,418,8
2026-OGR-1281,2026-03-27,Mezun,Eşit Ağırlık,Tier 1 (Büyükşehir),Orta,3 Aylık,2.9,0.72,12.1,10.2,9.17,1,19,61.17,0.16,0,3.24,1,3.6,16285.52,1,3.6,314,7
2026-OGR-1282,2025-09-19,11. Sınıf,Sayısal,Tier 2,Orta,Yıllık,8.7,0.73,15.6,7.9,8.87,3,11,61.37,-2.28,0,2.6,1,2.3,2065.45,0,2.0,693,6
2026-OGR-1283,2026-04-15,12. Sınıf,Sayısal,Tier 1 (Büyükşehir),Orta,3 Aylık,8.5,0.69,15.3,10.8,6.17,3,7,49.0,4.83,0,2.78,3,3.8,1709.8,0,1.3,364,19
2026-OGR-1284,2026-06-17,11. Sınıf,Sayısal,Tier 1 (Büyükşehir),Orta,3 Aylık,4.7,0.86,17.0,16.3,24.66,1,13,74.01,4.37,2,4.17,3,4.2,16109.18,0,1.9,268,7
2026-OGR-1285,2026-05-28,Mezun,Sayısal,Tier 1 (Büyükşehir),Düşük,Yıllık,11.0,0.59,11.8,6.8,20.3,3,18,47.59,1.95,2,0.96,0,4.1,5740.58,1,1.8,329,9
2026-OGR-1286,2025-09-05,Mezun,Sayısal,Tier 3,Orta,Yıllık,5.5,0.71,13.2,8.9,17.97,1,11,78.58,-6.04,2,2.7,1,5.0,4433.82,0,6.1,116,9
2026-OGR-1287,2026-03-07,12. Sınıf,Sayısal,Tier 3,Yüksek,Yıllık,3.0,0.73,13.5,9.0,6.34,3,11,60.5,-0.52,1,6.81,0,,1665.66,0,1.8,306,7
2026-OGR-1288,2026-03-22,12. Sınıf,Dil,Tier 1 (Büyükşehir),Orta,Aylık,10.5,0.7,10.7,6.7,7.9,4,10,21.56,3.2,0,1.77,2,3.1,1900.77,0,4.5,531,4
2026-OGR-1289,2025-12-19,11. Sınıf,Eşit Ağırlık,Tier 3,Orta,Yıllık,3.0,0.48,18.6,9.9,33.7,6,13,63.77,3.22,2,1.44,0,3.3,1826.4,1,2.1,9,9
2026-OGR-1290,2025-01-28,11. Sınıf,Sayısal,Tier 2,Orta,Aylık,1.5,0.67,14.1,12.7,8.59,0,14,46.68,0.33,0,0.81,1,3.6,17820.3,0,3.7,650,9
2026-OGR-1291,2025-05-24,12. Sınıf,Eşit Ağırlık,Tier 1 (Büyükşehir),Orta,3 Aylık,14.7,0.59,14.4,7.6,5.48,2,8,28.31,-1.56,2,18.4,1,,1649.96,0,1.7,280,8
2026-OGR-1292,2026-04-19,Mezun,Sayısal,Tier 2,Yüksek,Aylık,2.2,0.73,16.4,13.1,16.81,1,10,55.08,-3.81,1,2.24,1,4.6,4513.57,0,2.2,8,5
2026-OGR-1293,2025-07-18,12. Sınıf,Dil,Tier 2,Orta,Aylık,3.3,0.7,13.9,8.9,16.25,2,11,90.95,-1.39,0,3.64,1,3.9,4482.69,0,1.1,236,5
2026-OGR-1294,2025-08-15,11. Sınıf,Sayısal,Tier 1 (Büyükşehir),Düşük,Yıllık,2.2,0.57,10.0,4.0,5.78,1,15,44.6,-4.45,2,11.55,1,5.0,1604.98,0,5.6,632,7
2026-OGR-1295,2026-01-21,11. Sınıf,Sayısal,Tier 2,Yüksek,3 Aylık,7.2,0.76,17.9,11.1,5.33,1,7,50.74,-1.12,2,1.74,2,5.0,5277.08,0,2.8,134,10
2026-OGR-1296,2026-01-27,11. Sınıf,Sözel,Tier 3,Orta,Aylık,5.4,0.8,18.0,,8.27,1,8,45.48,2.36,4,4.3,0,2.6,1851.27,0,3.0,251,10
2026-OGR-1297,2025-08-16,11. Sınıf,Sayısal,Tier 3,Orta,3 Aylık,3.1,0.67,12.6,7.7,6.79,0,10,37.94,1.78,1,0.95,1,3.2,4856.73,0,3.0,113,9
2026-OGR-1298,2026-04-07,11. Sınıf,Eşit Ağırlık,Tier 1 (Büyükşehir),Yüksek,Yıllık,2.2,0.51,18.0,10.9,31.91,3,10,63.52,-2.82,0,3.0,2,2.9,18507.42,0,1.9,266,14
2026-OGR-1299,2025-10-18,12. Sınıf,Sayısal,Tier 2,Düşük,Aylık,0.7,0.63,12.9,7.4,12.07,3,9,44.55,-0.85,3,7.0,0,3.0,1787.91,1,0.5,301,10
2026-OGR-1300,2026-03-07,12. Sınıf,Eşit Ağırlık,Tier 1 (Büyükşehir),Düşük,Aylık,11.5,0.79,15.7,12.6,5.86,4,9,64.66,3.53,2,1.19,0,4.6,1837.69,0,1.9,201,5
2026-OGR-1301,2025-02-21,11. Sınıf,Eşit Ağırlık,Tier 1 (Büyükşehir),Düşük,Aylık,3.0,0.62,7.9,4.1,8.34,4,15,67.84,-0.08,0,3.72,1,5.0,15396.07,0,1.9,72,11
2026-OGR-1302,2025-05-11,11. Sınıf,Sözel,Tier 1 (Büyükşehir),Yüksek,3 Aylık,11.2,0.89,15.2,13.4,10.61,5,14,56.83,2.3,2,3.67,3,3.5,17492.07,1,2.0,658,8
2026-OGR-1303,2025-04-16,12. Sınıf,Sözel,Tier 1 (Büyükşehir),Orta,Aylık,3.8,0.53,20.1,13.7,2.76,2,15,57.99,-0.94,0,0.95,0,4.8,5402.5,0,4.3,301,13
2026-OGR-1304,2025-02-05,12. Sınıf,Sayısal,Tier 1 (Büyükşehir),Yüksek,Yıllık,2.0,0.88,19.7,15.6,24.79,1,12,67.68,-0.71,2,3.33,1,2.6,2090.25,1,3.9,417,7
2026-OGR-1305,2025-05-28,Mezun,Eşit Ağırlık,Tier 1 (Büyükşehir),Yüksek,3 Aylık,5.4,0.75,11.6,6.5,10.0,4,14,30.86,-1.46,1,0.58,5,3.4,16869.51,1,3.2,43,7
2026-OGR-1306,2026-05-17,12. Sınıf,Eşit Ağırlık,Tier 1 (Büyükşehir),Düşük,Aylık,3.9,0.75,10.4,7.7,2.69,1,9,51.32,1.78,0,1.79,0,4.0,1680.37,0,3.3,596,11
2026-OGR-1307,2026-04-18,Mezun,Sözel,Tier 1 (Büyükşehir),Orta,Yıllık,8.5,0.86,11.5,6.6,30.39,1,11,50.33,1.67,2,4.45,1,2.3,1484.4,1,0.5,309,9
2026-OGR-1308,2025-10-17,12. Sınıf,Eşit Ağırlık,Tier 2,Orta,3 Aylık,2.8,0.7,14.3,8.7,28.98,2,12,41.16,1.31,1,3.23,1,5.0,4208.5,1,4.4,135,11
2026-OGR-1309,2026-03-15,12. Sınıf,Eşit Ağırlık,Tier 2,Düşük,3 Aylık,2.3,0.93,13.4,12.1,35.02,3,10,33.74,-0.47,1,3.07,1,3.0,5435.1,0,0.5,78,13
2026-OGR-1310,2025-06-19,12. Sınıf,Eşit Ağırlık,Tier 2,Yüksek,3 Aylık,5.8,0.86,13.3,13.5,5.58,2,10,29.76,-3.9,2,14.63,1,4.0,2012.27,0,2.5,135,6
2026-OGR-1311,2025-04-05,12. Sınıf,Eşit Ağırlık,Tier 1 (Büyükşehir),Yüksek,Yıllık,4.3,0.82,8.0,6.0,13.44,2,12,66.66,-6.1,4,4.61,0,4.0,1671.58,0,2.5,295,6
2026-OGR-1312,2026-05-07,12. Sınıf,Sayısal,Tier 1 (Büyükşehir),Düşük,Yıllık,2.6,0.74,11.6,11.9,10.9,1,11,55.39,-4.98,2,1.76,1,3.7,1696.4,0,3.5,265,13
2026-OGR-1313,2025-03-15,12. Sınıf,Eşit Ağırlık,Tier 1 (Büyükşehir),Yüksek,Aylık,13.1,0.84,16.9,16.1,18.0,4,11,,-1.5,2,1.25,4,2.6,1934.55,0,5.6,372,4
2026-OGR-1314,2026-05-13,12. Sınıf,Eşit Ağırlık,Tier 2,Yüksek,Aylık,6.6,0.69,10.9,4.9,37.4,4,7,46.63,0.33,1,0.82,0,,1570.16,1,1.2,240,13
2026-OGR-1315,2026-02-23,12. Sınıf,Sözel,Tier 1 (Büyükşehir),Düşük,Aylık,5.8,0.74,15.4,11.5,18.39,4,7,61.06,3.67,0,6.54,0,3.4,5582.19,0,2.4,273,4
2026-OGR-1316,2026-04-29,Mezun,Dil,Tier 1 (Büyükşehir),Yüksek,3 Aylık,1.2,0.73,15.5,10.6,22.98,3,10,50.95,-3.52,1,1.7,0,4.5,15964.34,0,0.6,578,8
2026-OGR-1317,2025-03-23,Mezun,Sözel,Tier 1 (Büyükşehir),Orta,3 Aylık,0.4,0.76,18.6,,21.62,3,12,60.92,-1.89,2,1.22,0,3.3,16560.5,1,1.8,144,8
2026-OGR-1318,2025-01-18,12. Sınıf,Sözel,Tier 2,Orta,Aylık,2.4,0.62,15.8,8.8,7.14,5,11,57.55,0.37,1,5.6,1,4.1,1620.34,1,1.9,128,6
2026-OGR-1319,2025-01-27,12. Sınıf,Sözel,Tier 2,Orta,Aylık,5.6,0.77,14.7,11.7,29.69,2,7,50.64,-1.73,0,1.15,1,2.7,17094.1,0,0.7,234,8
2026-OGR-1320,2025-12-20,11. Sınıf,Sözel,Tier 1 (Büyükşehir),Orta,Aylık,1.9,0.85,13.6,14.2,39.33,1,17,52.05,5.36,1,8.43,0,3.5,1899.16,0,8.2,659,10
2026-OGR-1321,2026-02-25,12. Sınıf,Sayısal,Tier 2,Orta,Aylık,6.5,0.71,16.5,12.0,2.6,2,8,58.37,-4.88,2,11.82,2,4.5,15123.08,0,1.2,542,14
2026-OGR-1322,2026-01-24,Mezun,Eşit Ağırlık,Tier 3,Orta,3 Aylık,13.6,0.43,9.5,3.8,16.69,1,7,55.75,-2.37,2,13.36,4,,5305.42,1,2.4,653,5
2026-OGR-1323,2025-03-17,11. Sınıf,Sayısal,Tier 2,Orta,Aylık,0.9,0.78,10.9,5.8,10.48,2,11,35.55,-0.9,1,6.85,1,5.0,1909.38,0,1.9,579,11
2026-OGR-1324,2026-01-17,Mezun,Eşit Ağırlık,Tier 1 (Büyükşehir),Yüksek,3 Aylık,10.3,0.3,13.6,5.1,14.62,1,6,54.35,-0.09,1,1.6,1,3.2,16978.51,1,4.3,303,11
2026-OGR-1325,2026-06-25,12. Sınıf,Eşit Ağırlık,Tier 2,Orta,3 Aylık,1.6,0.64,18.1,13.1,65.97,4,17,,1.53,1,3.54,0,3.5,1714.45,1,1.3,412,9
2026-OGR-1326,2025-01-16,Mezun,Eşit Ağırlık,Tier 2,Yüksek,3 Aylık,4.7,0.69,15.2,11.4,32.38,4,6,51.3,4.64,2,0.81,0,5.0,1894.88,1,4.4,481,9
2026-OGR-1327,2026-06-12,11. Sınıf,Sözel,Tier 1 (Büyükşehir),Düşük,Yıllık,8.9,0.82,12.6,10.0,29.86,2,15,59.49,-1.62,1,2.35,0,4.5,17130.11,0,2.2,421,9
2026-OGR-1328,2026-03-30,11. Sınıf,Sözel,Tier 1 (Büyükşehir),Düşük,Aylık,3.9,0.69,13.2,11.6,6.35,1,11,31.98,-4.25,1,0.97,0,4.3,5867.93,0,6.5,497,7
2026-OGR-1329,2025-01-05,12. Sınıf,Eşit Ağırlık,Tier 1 (Büyükşehir),Orta,Aylık,9.2,0.77,13.7,11.3,26.62,4,16,47.04,-1.23,1,0.38,0,,1816.01,0,3.4,278,12
2026-OGR-1330,2025-10-19,11. Sınıf,Eşit Ağırlık,Tier 2,Düşük,Aylık,6.3,0.95,19.9,22.0,7.92,1,10,57.97,5.7,3,6.1,2,2.2,1703.56,1,2.3,636,5
2026-OGR-1331,2026-03-07,12. Sınıf,Eşit Ağırlık,Tier 1 (Büyükşehir),Orta,Yıllık,6.8,0.64,17.3,9.1,23.2,0,10,45.17,0.26,0,6.26,0,,1639.83,0,3.0,11,10
2026-OGR-1332,2025-04-10,11. Sınıf,Eşit Ağırlık,Tier 2,Yüksek,3 Aylık,3.8,0.9,12.9,13.6,16.7,1,9,51.64,-3.15,2,5.7,1,3.6,4797.4,1,1.7,558,9
2026-OGR-1333,2025-07-05,11. Sınıf,Sayısal,Tier 2,Düşük,Aylık,5.0,0.52,10.3,3.9,22.46,2,5,56.62,2.91,2,0.52,1,3.1,1504.8,0,2.0,373,8
2026-OGR-1334,2025-06-10,11. Sınıf,Eşit Ağırlık,Tier 2,Düşük,Aylık,2.9,0.59,12.2,5.9,21.99,1,6,65.92,-1.25,1,1.89,0,3.9,4519.07,0,2.0,360,8
2026-OGR-1335,2026-02-05,12. Sınıf,Sayısal,Tier 3,Orta,Yıllık,11.9,0.81,10.7,8.2,10.91,1,13,67.46,3.82,2,9.47,0,3.6,17156.66,0,2.0,238,5
2026-OGR-1336,2025-07-27,12. Sınıf,Sayısal,Tier 3,Düşük,3 Aylık,5.5,0.88,16.7,,5.5,5,9,39.79,-4.0,0,0.18,0,4.4,1616.35,0,6.4,223,7
2026-OGR-1337,2025-05-10,12. Sınıf,Eşit Ağırlık,Tier 1 (Büyükşehir),Orta,Aylık,4.6,0.93,14.6,16.2,18.77,1,9,39.35,0.35,2,11.36,1,3.7,5034.3,0,3.0,569,8
2026-OGR-1338,2026-05-18,Mezun,Eşit Ağırlık,Tier 1 (Büyükşehir),Düşük,3 Aylık,6.0,0.84,15.7,11.6,21.61,1,10,72.9,-2.32,0,7.8,1,,1514.82,0,0.6,366,10
2026-OGR-1339,2026-03-06,Mezun,Sayısal,Tier 2,Yüksek,Aylık,4.1,0.76,12.5,,7.34,0,12,43.98,-4.93,0,1.4,1,4.8,16473.02,0,4.4,399,7
2026-OGR-1340,2025-02-09,12. Sınıf,Dil,Tier 1 (Büyükşehir),Düşük,Aylık,1.5,0.81,15.4,12.4,0.66,2,8,50.21,-2.12,3,1.67,0,3.7,1595.21,0,4.3,247,9
2026-OGR-1341,2025-06-19,11. Sınıf,Sözel,Tier 3,Düşük,Aylık,4.1,0.64,13.2,10.6,6.83,2,17,51.07,-9.58,2,13.3,0,4.1,2162.09,1,2.1,12,7
2026-OGR-1342,2025-04-22,12. Sınıf,Eşit Ağırlık,Tier 2,Düşük,3 Aylık,1.2,0.44,18.0,10.1,3.07,2,10,66.49,-2.01,0,7.62,0,3.3,16654.51,1,2.8,52,12
2026-OGR-1343,2025-03-08,11. Sınıf,Sayısal,Tier 1 (Büyükşehir),Orta,Yıllık,1.2,0.5,12.0,4.9,2.63,0,15,51.35,1.06,2,0.17,1,3.9,1694.19,0,2.0,536,7
2026-OGR-1344,2025-11-21,12. Sınıf,Eşit Ağırlık,Tier 3,Yüksek,Aylık,0.6,0.79,14.3,10.4,2.57,1,10,65.76,-3.74,0,4.7,1,3.4,4490.77,1,7.5,502,10
2026-OGR-1345,2025-01-12,12. Sınıf,Sayısal,Tier 1 (Büyükşehir),Yüksek,3 Aylık,8.0,0.77,13.4,10.3,28.34,1,17,44.98,-4.89,0,1.02,2,,1778.2,1,2.5,494,12
2026-OGR-1346,2025-10-28,12. Sınıf,Eşit Ağırlık,Tier 2,Orta,3 Aylık,1.1,0.7,13.4,9.2,22.45,1,8,50.81,-1.58,3,0.49,0,4.0,1877.76,1,3.7,686,15
2026-OGR-1347,2026-05-29,11. Sınıf,Eşit Ağırlık,Tier 2,Yüksek,Aylık,4.2,0.97,12.2,12.9,22.6,3,12,32.87,0.42,1,8.63,0,3.6,17362.49,1,3.6,460,8
2026-OGR-1348,2025-06-14,11. Sınıf,Eşit Ağırlık,Tier 2,Yüksek,Yıllık,1.1,0.6,12.8,7.0,2.77,2,12,51.65,1.74,4,5.67,1,3.6,1859.24,0,1.3,307,6
2026-OGR-1349,2025-12-18,11. Sınıf,Sayısal,Tier 1 (Büyükşehir),Yüksek,Aylık,2.3,0.72,10.9,8.8,4.21,4,13,81.22,-3.95,2,2.41,2,2.9,2013.93,0,2.0,388,12
2026-OGR-1350,2025-02-06,11. Sınıf,Sözel,Tier 3,Düşük,3 Aylık,1.8,0.73,16.7,13.9,2.85,3,11,60.13,0.13,3,1.19,0,3.6,1998.41,0,0.7,620,4
2026-OGR-1351,2025-07-03,12. Sınıf,Dil,Tier 2,Yüksek,Aylık,4.6,0.66,10.8,6.6,1.3,3,7,53.14,2.06,1,2.71,1,,3916.44,0,1.7,628,5
2026-OGR-1352,2025-10-07,Mezun,Eşit Ağırlık,Tier 2,Düşük,3 Aylık,4.7,0.62,14.5,9.1,23.79,2,17,54.5,2.38,3,4.88,2,,1671.48,0,4.1,347,11
2026-OGR-1353,2025-07-01,11. Sınıf,Sözel,Tier 1 (Büyükşehir),Yüksek,3 Aylık,7.8,0.82,16.9,12.7,3.67,1,8,59.46,-2.86,1,1.43,1,2.8,4970.17,0,4.5,65,12
2026-OGR-1354,2025-06-20,12. Sınıf,Sayısal,Tier 1 (Büyükşehir),Yüksek,Aylık,5.7,0.57,11.4,7.4,9.18,5,8,45.52,2.19,1,3.29,1,,1707.03,0,1.4,650,10
2026-OGR-1355,2026-03-06,11. Sınıf,Sayısal,Tier 3,Orta,3 Aylık,3.9,0.6,4.0,2.2,27.82,0,16,47.87,5.38,1,6.53,0,3.9,5298.25,0,2.0,626,5
2026-OGR-1356,2025-08-17,Mezun,Eşit Ağırlık,Tier 2,Düşük,3 Aylık,15.9,0.7,15.6,,61.86,1,8,68.77,-0.69,3,9.76,1,4.2,1956.94,0,1.4,193,12
2026-OGR-1357,2025-05-04,Mezun,Sayısal,Tier 2,Orta,3 Aylık,7.8,0.85,14.4,11.4,7.42,2,10,70.22,0.62,2,8.49,4,3.3,15473.53,0,6.2,505,9
2026-OGR-1358,2025-10-27,Mezun,Eşit Ağırlık,Tier 1 (Büyükşehir),Orta,3 Aylık,2.0,0.49,19.8,10.9,44.52,3,11,60.37,-2.93,0,0.71,1,4.4,2096.35,1,2.1,484,4
2026-OGR-1359,2025-08-02,11. Sınıf,Sayısal,Tier 2,Orta,Aylık,3.7,0.73,11.2,7.0,72.96,5,11,37.46,-0.19,1,2.66,2,,4977.1,1,1.9,136,5
2026-OGR-1360,2026-05-25,12. Sınıf,Sayısal,Tier 1 (Büyükşehir),Düşük,3 Aylık,4.4,0.69,10.8,5.3,11.6,1,13,43.54,-2.83,2,6.25,2,,3718.63,0,1.7,668,13
2026-OGR-1361,2026-05-30,Mezun,Sayısal,Tier 2,Orta,Aylık,8.4,0.68,12.6,7.4,2.23,4,12,67.68,-3.2,0,4.82,0,2.8,2094.34,0,4.6,696,11
2026-OGR-1362,2025-08-16,11. Sınıf,Eşit Ağırlık,Tier 2,Orta,3 Aylık,4.0,0.87,6.8,5.6,5.95,3,10,34.06,7.94,2,4.74,1,3.7,1903.64,0,4.9,420,17
2026-OGR-1363,2025-06-03,12. Sınıf,Eşit Ağırlık,Tier 1 (Büyükşehir),Orta,3 Aylık,3.5,0.8,13.0,9.0,15.75,0,15,44.85,-6.69,1,7.29,1,,1628.22,1,3.2,418,5
2026-OGR-1364,2026-06-08,12. Sınıf,Sözel,Tier 1 (Büyükşehir),Orta,Aylık,1.7,0.69,12.8,8.4,15.01,1,10,46.6,1.81,3,4.79,1,2.8,5307.33,0,1.5,699,7
2026-OGR-1365,2025-08-05,11. Sınıf,Sayısal,Tier 1 (Büyükşehir),Yüksek,3 Aylık,0.9,0.39,14.4,6.3,21.12,0,14,43.59,-0.12,1,4.15,0,3.7,15201.97,1,1.6,264,14
2026-OGR-1366,2025-08-24,Mezun,Sayısal,Tier 1 (Büyükşehir),,3 Aylık,3.0,0.77,10.8,6.6,8.37,0,15,67.67,1.41,3,8.57,1,4.0,4323.16,0,1.8,612,12
2026-OGR-1367,2025-12-09,Mezun,Sözel,Tier 1 (Büyükşehir),Orta,Aylık,1.8,0.95,12.3,7.7,13.52,2,10,61.64,0.3,1,2.71,2,4.9,1690.82,0,3.6,138,12
2026-OGR-1368,2026-06-23,12. Sınıf,Sayısal,Tier 2,Orta,Aylık,1.8,0.89,14.9,9.7,4.55,0,14,45.33,0.3,4,0.53,0,3.7,4134.42,0,2.2,608,13
2026-OGR-1369,2026-03-02,12. Sınıf,Eşit Ağırlık,Tier 1 (Büyükşehir),Düşük,Aylık,3.0,0.81,16.2,14.2,4.96,2,12,63.74,5.37,1,1.15,1,3.2,18545.74,0,2.1,323,6
2026-OGR-1370,2025-08-12,12. Sınıf,Sayısal,Tier 1 (Büyükşehir),Orta,Aylık,3.9,0.82,8.3,,26.8,2,12,32.56,0.33,1,2.03,2,4.1,4638.04,0,3.1,382,10
2026-OGR-1371,2025-08-19,Mezun,Sözel,Tier 2,Yüksek,3 Aylık,2.8,0.61,11.6,5.3,14.61,3,10,43.51,-0.31,1,11.54,0,,4879.09,1,3.8,147,6
2026-OGR-1372,2025-01-25,11. Sınıf,Sayısal,Tier 1 (Büyükşehir),Orta,Aylık,4.2,0.86,19.7,14.7,22.91,0,12,36.79,2.97,2,1.15,2,,17587.87,0,6.4,151,10
2026-OGR-1373,2025-06-23,11. Sınıf,Sayısal,Tier 1 (Büyükşehir),Yüksek,Aylık,3.6,0.8,16.8,15.8,20.71,1,11,32.16,-1.01,0,8.58,1,3.8,1766.81,1,1.4,495,8
2026-OGR-1374,2026-06-09,12. Sınıf,Sayısal,Tier 2,Yüksek,Aylık,1.1,0.77,17.3,14.2,17.28,4,5,44.59,-0.76,1,5.48,1,4.0,5613.98,0,6.6,397,4
2026-OGR-1375,2025-06-26,Mezun,Sayısal,Tier 2,Orta,Aylık,8.1,0.65,10.7,6.7,15.7,3,10,42.95,5.32,3,12.18,0,,1502.12,1,5.1,392,9
2026-OGR-1376,2026-03-11,12. Sınıf,Eşit Ağırlık,Tier 2,Yüksek,Yıllık,5.8,0.76,21.8,18.4,4.21,3,5,58.47,-4.27,0,5.44,0,4.0,1606.28,0,5.7,404,8
2026-OGR-1377,2026-03-20,12. Sınıf,Sayısal,Tier 1 (Büyükşehir),Düşük,Aylık,3.6,0.83,8.4,5.8,5.4,2,15,52.81,-4.05,0,12.28,0,2.9,4295.67,0,3.3,649,11
2026-OGR-1378,2026-03-16,11. Sınıf,Dil,Tier 1 (Büyükşehir),Düşük,Aylık,4.2,0.72,15.7,9.4,9.61,5,12,67.4,-4.31,1,5.96,2,3.2,17455.19,1,2.3,560,10
2026-OGR-1379,2026-06-21,11. Sınıf,Sayısal,Tier 1 (Büyükşehir),Orta,Yıllık,10.7,0.55,17.3,9.5,19.65,2,11,52.73,-5.8,1,0.47,1,3.5,4457.85,0,3.1,505,13
2026-OGR-1380,2026-02-02,Mezun,Eşit Ağırlık,Tier 1 (Büyükşehir),Yüksek,3 Aylık,4.8,0.78,10.8,9.2,2.1,2,11,68.76,3.17,3,0.48,2,3.2,4326.35,0,1.9,40,7
2026-OGR-1381,2026-05-09,12. Sınıf,Eşit Ağırlık,Tier 2,Orta,Aylık,7.1,0.65,12.5,9.2,8.06,1,12,74.45,-4.75,2,14.36,2,3.8,17928.91,0,0.7,478,8
2026-OGR-1382,2025-10-26,11. Sınıf,Eşit Ağırlık,Tier 3,Orta,Aylık,11.7,0.83,14.5,10.0,16.58,2,12,52.01,-0.68,3,1.09,1,3.4,1778.24,1,0.4,582,8
2026-OGR-1383,2026-04-14,12. Sınıf,Sayısal,Tier 1 (Büyükşehir),Yüksek,Aylık,2.2,0.82,16.6,12.5,8.93,2,11,55.94,-4.25,5,6.62,2,3.9,1914.74,0,1.4,288,7
2026-OGR-1384,2025-07-01,12. Sınıf,Sözel,Tier 2,Yüksek,Aylık,3.5,0.32,14.4,3.1,46.69,0,15,61.97,-4.69,0,9.58,0,3.9,1827.85,1,3.0,203,5
2026-OGR-1385,2025-11-10,11. Sınıf,Sayısal,Tier 1 (Büyükşehir),Orta,Yıllık,4.7,0.92,19.8,16.9,7.88,3,15,46.24,-1.11,1,2.0,0,4.7,5417.0,0,1.6,46,7
2026-OGR-1386,2025-08-30,Mezun,Sayısal,Tier 1 (Büyükşehir),Orta,3 Aylık,2.8,0.66,16.7,9.0,8.09,3,9,42.45,0.44,1,1.58,2,2.2,1868.55,0,2.0,625,5
2026-OGR-1387,2025-12-07,Mezun,Sözel,Tier 3,Düşük,Yıllık,0.9,0.4,20.5,7.2,1.81,1,8,53.08,0.09,2,9.97,2,3.3,4936.75,1,2.1,452,16
2026-OGR-1388,2025-02-12,12. Sınıf,Sözel,Tier 1 (Büyükşehir),Orta,3 Aylık,1.2,0.61,17.8,11.7,7.43,2,13,68.78,2.71,1,4.92,1,,4962.46,0,1.5,420,8
2026-OGR-1389,2025-01-14,Mezun,Eşit Ağırlık,Tier 1 (Büyükşehir),Orta,Aylık,0.5,0.43,18.8,6.8,33.21,0,9,41.12,-0.22,2,1.83,0,3.8,1801.55,1,2.1,135,7
2026-OGR-1390,2025-07-19,12. Sınıf,Sözel,Tier 1 (Büyükşehir),Düşük,3 Aylık,8.5,0.86,12.8,12.4,8.2,2,12,59.73,3.64,2,2.75,2,,4299.11,0,4.3,506,8
2026-OGR-1391,2026-02-04,11. Sınıf,Sayısal,Tier 1 (Büyükşehir),Orta,Aylık,4.2,0.96,18.0,16.9,18.51,4,11,35.32,-2.7,1,1.28,3,4.4,2096.35,0,2.1,191,5
2026-OGR-1392,2025-06-29,12. Sınıf,Eşit Ağırlık,Tier 1 (Büyükşehir),Yüksek,Aylık,8.5,0.71,12.3,9.3,16.63,1,7,78.76,4.4,0,1.26,1,,1716.84,0,1.7,77,10
2026-OGR-1393,2026-05-19,Mezun,Sözel,Tier 1 (Büyükşehir),Yüksek,3 Aylık,10.8,0.74,10.1,8.5,20.47,4,10,47.82,0.13,1,5.14,1,3.5,4749.22,1,3.1,372,4
2026-OGR-1394,2025-05-29,Mezun,Sözel,Tier 2,Orta,3 Aylık,1.4,0.65,12.4,,9.41,0,13,49.81,-2.23,2,2.88,2,4.5,18011.77,0,1.5,339,7
2026-OGR-1395,2026-05-12,Mezun,Sayısal,Tier 3,Düşük,Aylık,3.4,0.79,13.8,7.2,8.98,1,11,,3.44,1,3.0,2,3.1,5348.95,0,2.2,502,12
2026-OGR-1396,2026-04-21,12. Sınıf,Dil,Tier 1 (Büyükşehir),Düşük,3 Aylık,2.4,0.85,20.6,18.3,5.19,5,16,40.6,-0.16,3,4.35,1,4.5,15498.88,0,2.1,612,8
2026-OGR-1397,2025-10-11,Mezun,Sözel,Tier 3,Orta,Aylık,8.5,0.94,11.5,10.0,8.57,0,13,61.11,-2.61,5,0.88,2,3.5,18180.6,0,1.4,264,6
2026-OGR-1398,2025-10-22,12. Sınıf,Sayısal,Tier 2,Orta,Aylık,7.9,0.61,15.0,7.6,6.44,1,7,91.14,4.77,3,2.88,0,,5172.44,0,3.5,432,14
2026-OGR-1399,2025-06-10,12. Sınıf,Eşit Ağırlık,Tier 3,Orta,Yıllık,15.6,0.75,11.1,7.6,44.51,1,9,,-2.54,2,2.83,2,2.3,15754.92,1,2.1,665,5
2026-OGR-1400,2025-06-10,12. Sınıf,Sayısal,Tier 1 (Büyükşehir),Orta,Yıllık,11.3,0.37,16.6,4.9,22.92,1,11,36.88,-4.34,2,0.43,2,3.8,1999.71,1,5.1,289,8
2026-OGR-1401,2025-04-21,11. Sınıf,Eşit Ağırlık,Tier 1 (Büyükşehir),Orta,Yıllık,3.2,0.84,12.2,10.3,14.69,3,12,46.81,-0.73,2,1.77,3,4.4,5298.09,1,6.9,314,8
2026-OGR-1402,2025-04-06,12. Sınıf,Eşit Ağırlık,Tier 3,Yüksek,Yıllık,1.0,0.91,11.7,10.8,19.38,0,4,56.79,-0.89,0,1.2,2,,5883.74,0,1.6,92,5
2026-OGR-1403,2025-10-18,12. Sınıf,Sayısal,Tier 3,Orta,Aylık,6.2,0.81,15.7,12.1,18.3,2,11,31.32,0.42,4,9.05,1,,1923.34,1,1.6,172,8
2026-OGR-1404,2026-05-30,12. Sınıf,Eşit Ağırlık,Tier 1 (Büyükşehir),Orta,3 Aylık,2.5,0.77,14.2,11.5,31.61,1,16,45.57,-3.71,2,4.49,2,4.2,4458.77,0,2.3,524,17
2026-OGR-1405,2025-03-27,12. Sınıf,Eşit Ağırlık,Tier 3,Orta,Yıllık,6.4,0.63,10.8,6.2,2.07,3,14,72.37,-0.69,2,0.1,1,4.0,1931.68,0,0.9,587,14
2026-OGR-1406,2026-03-08,11. Sınıf,Eşit Ağırlık,Tier 3,Orta,Aylık,3.2,0.69,14.2,9.4,6.66,1,10,60.59,6.16,0,5.71,2,2.8,1771.38,0,1.1,92,10
2026-OGR-1407,2025-05-18,Mezun,Sözel,Tier 1 (Büyükşehir),Yüksek,Yıllık,2.4,0.74,20.3,13.3,9.23,2,9,39.5,-5.14,0,0.51,2,2.8,2142.47,0,5.3,597,15
2026-OGR-1408,2025-07-23,Mezun,Eşit Ağırlık,Tier 3,Orta,3 Aylık,1.1,0.64,14.9,9.4,61.17,4,8,15.91,-5.09,2,7.36,1,3.5,17241.99,0,1.4,175,8
2026-OGR-1409,2025-08-26,12. Sınıf,Sayısal,Tier 3,Yüksek,3 Aylık,3.4,0.64,9.6,6.3,1.77,3,8,39.64,1.6,3,2.7,1,,5136.6,1,1.6,545,8
2026-OGR-1410,2026-01-15,11. Sınıf,Sayısal,Tier 1 (Büyükşehir),Düşük,Yıllık,5.5,0.45,7.1,3.5,10.02,1,9,52.14,-1.89,2,8.84,1,,18793.73,1,1.0,527,6
2026-OGR-1411,2025-10-25,Mezun,Sözel,Tier 1 (Büyükşehir),Düşük,3 Aylık,6.9,0.94,9.4,,12.81,5,6,31.87,2.77,1,2.1,0,2.4,1803.45,0,2.3,413,13
2026-OGR-1412,2025-04-18,12. Sınıf,Sayısal,Tier 1 (Büyükşehir),Yüksek,Aylık,12.1,0.95,6.3,7.7,50.55,3,12,47.62,0.76,0,1.33,1,3.8,18188.38,0,2.4,652,10
2026-OGR-1413,2025-02-20,11. Sınıf,Sözel,Tier 1 (Büyükşehir),Yüksek,Aylık,6.1,0.8,19.4,14.1,5.96,4,12,49.98,-5.8,0,1.24,2,3.9,4963.18,0,3.4,451,8
2026-OGR-1414,2025-11-01,Mezun,Sayısal,Tier 1 (Büyükşehir),Orta,Aylık,6.6,0.45,9.4,4.5,5.21,0,10,57.84,5.86,1,18.8,0,3.4,4685.38,1,2.6,661,10
2026-OGR-1415,2025-02-16,11. Sınıf,Eşit Ağırlık,Tier 2,Yüksek,3 Aylık,1.9,0.62,11.7,,21.43,4,10,51.94,3.72,1,1.1,2,3.8,4707.89,1,3.4,390,6
2026-OGR-1416,2026-04-06,12. Sınıf,Sayısal,Tier 1 (Büyükşehir),Yüksek,Aylık,4.3,0.8,11.6,,13.63,2,8,58.37,-1.38,1,10.48,1,3.9,4861.03,0,1.6,239,14
2026-OGR-1417,2025-09-21,11. Sınıf,Sayısal,Tier 1 (Büyükşehir),Düşük,Aylık,3.1,0.93,14.6,16.5,10.06,2,6,19.5,-0.85,0,5.85,1,5.0,4863.03,0,1.2,632,11
2026-OGR-1418,2025-03-16,Mezun,Sayısal,Tier 2,Düşük,3 Aylık,6.5,0.77,2.6,,7.05,2,14,82.93,-3.4,0,1.92,0,3.1,17495.6,0,6.1,398,12
2026-OGR-1419,2025-03-22,11. Sınıf,Sözel,Tier 2,Yüksek,Yıllık,9.7,0.5,8.5,4.3,15.23,2,7,44.93,1.01,1,2.22,0,3.9,16846.95,0,3.6,21,13
2026-OGR-1420,2025-02-04,12. Sınıf,Eşit Ağırlık,Tier 2,Yüksek,Aylık,7.3,0.67,11.6,7.4,30.17,1,12,35.41,-4.46,0,3.21,1,,1799.86,0,5.8,36,14
2026-OGR-1421,2025-08-28,Mezun,Dil,Tier 1 (Büyükşehir),Yüksek,Aylık,7.3,0.62,17.0,,25.17,3,4,48.75,2.75,1,3.59,3,4.0,4202.51,0,1.5,493,4
2026-OGR-1422,2025-06-06,12. Sınıf,Eşit Ağırlık,Tier 1 (Büyükşehir),Yüksek,Aylık,0.6,0.71,10.5,7.5,14.49,2,5,70.26,-2.34,2,9.9,0,3.6,1538.04,0,1.4,618,13
2026-OGR-1423,2025-09-11,12. Sınıf,Eşit Ağırlık,Tier 1 (Büyükşehir),Orta,Aylık,5.8,0.88,15.0,13.6,11.39,5,14,45.48,-1.46,2,5.32,1,3.7,1653.28,0,2.0,517,9
2026-OGR-1424,2025-09-13,Mezun,Dil,Tier 1 (Büyükşehir),Düşük,Yıllık,2.8,0.45,14.5,8.7,8.62,1,7,59.68,-3.81,1,1.47,3,,13693.55,0,4.2,671,6
2026-OGR-1425,2025-11-01,Mezun,Sözel,Tier 1 (Büyükşehir),Yüksek,Aylık,5.3,0.95,20.2,20.6,8.71,4,15,52.93,0.55,2,4.1,0,,1691.89,0,2.3,684,6
2026-OGR-1426,2025-05-18,12. Sınıf,Sayısal,Tier 3,Yüksek,Yıllık,3.7,0.88,7.2,5.6,8.04,0,9,75.1,-2.35,0,1.96,0,,1976.45,0,3.3,220,10
2026-OGR-1427,2025-09-02,11. Sınıf,Dil,Tier 3,Düşük,Aylık,3.9,0.93,10.1,7.8,19.94,0,11,57.59,3.37,2,3.97,0,,4721.96,0,4.3,504,11
2026-OGR-1428,2025-04-04,11. Sınıf,Sayısal,Tier 1 (Büyükşehir),Yüksek,3 Aylık,11.1,0.69,14.2,8.2,17.81,2,9,52.28,-2.72,1,2.04,2,4.6,4918.47,0,1.1,462,7
2026-OGR-1429,2025-11-12,12. Sınıf,Sözel,Tier 3,Yüksek,Aylık,4.7,0.79,14.8,13.8,8.23,1,12,37.41,1.77,4,3.33,0,,4149.98,0,2.6,459,6
2026-OGR-1430,2025-01-07,11. Sınıf,Sayısal,Tier 3,Orta,Aylık,3.9,0.64,9.2,6.6,6.68,2,6,28.22,-2.56,0,9.73,0,3.4,1902.21,0,5.1,269,3
2026-OGR-1431,2025-07-01,Mezun,Sözel,Tier 1 (Büyükşehir),Orta,Aylık,0.9,0.57,11.2,5.0,7.06,1,13,36.35,-0.36,1,2.61,2,2.6,5353.12,1,1.7,664,8
2026-OGR-1432,2025-03-24,12. Sınıf,Sayısal,Tier 1 (Büyükşehir),Orta,Aylık,1.6,0.54,18.6,10.5,7.75,3,9,87.02,-5.63,0,12.68,3,4.7,4973.71,1,4.0,48,10
2026-OGR-1433,2025-06-22,11. Sınıf,Sayısal,Tier 2,Düşük,3 Aylık,4.9,0.91,5.8,4.5,22.72,2,11,27.0,-3.34,2,6.31,0,3.8,4614.06,1,1.7,263,8
2026-OGR-1434,2026-06-06,12. Sınıf,Eşit Ağırlık,Tier 3,Yüksek,Yıllık,1.6,0.78,17.1,,24.04,1,13,,-2.58,2,2.66,2,3.3,1600.7,0,2.6,181,9
2026-OGR-1435,2025-02-06,11. Sınıf,Sayısal,Tier 1 (Büyükşehir),Orta,3 Aylık,4.4,0.73,13.5,12.7,10.66,3,10,50.58,-2.51,1,2.73,1,,5042.33,1,1.9,201,11
2026-OGR-1436,2025-07-09,Mezun,Sayısal,Tier 1 (Büyükşehir),Orta,3 Aylık,1.3,0.5,16.1,8.8,14.56,6,11,31.88,-1.43,2,1.18,0,4.6,1746.32,1,3.5,448,12
2026-OGR-1437,2025-09-27,Mezun,Sayısal,Tier 1 (Büyükşehir),Yüksek,Aylık,3.8,0.75,13.7,8.2,15.86,0,11,63.04,5.92,3,7.71,0,3.5,18586.95,0,2.5,634,11
2026-OGR-1438,2025-11-01,12. Sınıf,Sayısal,Tier 2,Düşük,3 Aylık,3.6,0.4,12.6,4.5,5.09,6,8,38.25,6.05,1,14.46,0,2.5,1570.26,1,1.2,282,8
2026-OGR-1439,2025-04-23,11. Sınıf,Sayısal,Tier 1 (Büyükşehir),Orta,3 Aylık,2.3,0.95,14.6,16.4,6.11,5,14,75.29,2.13,2,3.19,1,4.5,1968.72,0,3.5,308,9
2026-OGR-1440,2026-06-11,Mezun,Sözel,Tier 1 (Büyükşehir),Yüksek,Yıllık,0.8,0.7,19.3,11.7,28.25,0,11,55.2,0.11,2,1.76,0,,4604.17,1,2.7,275,11
2026-OGR-1441,2025-01-17,Mezun,Sayısal,Tier 1 (Büyükşehir),Düşük,Aylık,1.2,0.71,13.9,7.8,10.29,2,10,34.55,0.33,3,0.21,1,3.9,5105.89,0,1.1,305,9
2026-OGR-1442,2026-04-06,11. Sınıf,Sayısal,Tier 1 (Büyükşehir),Yüksek,Aylık,8.2,0.8,9.8,8.5,14.15,1,14,68.79,4.67,3,0.28,4,4.3,4316.91,0,1.9,639,9
2026-OGR-1443,2025-06-28,Mezun,Sayısal,Tier 1 (Büyükşehir),Orta,Aylık,2.0,0.64,15.6,7.6,29.46,2,24,56.2,0.35,4,0.47,0,3.6,19310.39,0,1.3,185,14
2026-OGR-1444,2026-03-02,Mezun,Dil,Tier 3,Orta,3 Aylık,5.5,0.85,17.3,18.7,9.13,3,9,9.8,-3.12,3,1.81,1,3.6,4132.48,0,4.2,593,9
2026-OGR-1445,2025-02-28,12. Sınıf,Sayısal,Tier 3,Düşük,Aylık,7.2,0.63,12.2,,6.74,4,15,53.24,-3.63,2,6.25,0,3.4,4886.71,1,1.6,85,10
2026-OGR-1446,2025-05-16,Mezun,Sayısal,Tier 1 (Büyükşehir),Orta,Yıllık,5.2,0.92,18.3,19.5,29.87,0,9,83.16,-5.29,0,0.84,1,3.4,2163.86,0,7.4,253,13
2026-OGR-1447,2025-09-08,12. Sınıf,Sayısal,Tier 1 (Büyükşehir),Orta,Aylık,4.9,0.83,10.4,5.7,8.11,1,12,45.57,0.15,3,0.43,4,2.3,4478.87,0,2.4,496,9
2026-OGR-1448,2025-01-12,Mezun,Sayısal,Tier 1 (Büyükşehir),Orta,Aylık,7.3,0.79,17.7,12.2,5.85,1,5,52.47,0.26,2,3.54,1,3.5,1877.01,0,4.3,152,7
2026-OGR-1449,2025-09-23,11. Sınıf,Sayısal,Tier 2,Orta,Aylık,5.4,0.9,11.6,8.8,45.41,1,14,71.64,2.8,2,3.52,0,4.4,18435.22,0,0.9,356,13
2026-OGR-1450,2025-06-19,11. Sınıf,Sayısal,Tier 3,Düşük,Yıllık,10.7,0.73,17.5,13.3,16.84,2,8,48.8,1.73,0,12.99,3,4.4,2007.46,0,3.8,254,9
2026-OGR-1451,2025-06-01,12. Sınıf,Sayısal,Tier 1 (Büyükşehir),Yüksek,Yıllık,2.7,0.39,16.8,6.1,4.78,2,6,41.37,1.23,3,1.41,0,3.9,4959.66,1,1.0,516,9
2026-OGR-1452,2026-02-22,12. Sınıf,Sayısal,Tier 2,Orta,3 Aylık,1.6,0.75,22.1,,8.77,2,13,40.4,0.69,1,1.27,0,3.4,1668.08,0,2.5,421,8
2026-OGR-1453,2025-04-02,12. Sınıf,Eşit Ağırlık,Tier 1 (Büyükşehir),Orta,Aylık,7.6,0.74,16.1,11.6,19.12,6,13,40.25,-5.02,1,2.0,2,3.8,16328.94,0,2.7,628,7
2026-OGR-1454,2025-08-24,12. Sınıf,Eşit Ağırlık,Tier 3,Orta,3 Aylık,4.5,0.55,14.5,8.4,7.9,1,10,67.42,-3.35,2,2.91,1,4.1,5421.29,0,2.4,108,8
2026-OGR-1455,2025-05-10,12. Sınıf,Eşit Ağırlık,Tier 2,Düşük,Aylık,2.0,0.49,17.9,4.4,8.18,3,10,33.1,1.33,3,1.99,1,,1743.75,1,4.6,293,11
2026-OGR-1456,2025-10-08,11. Sınıf,Sayısal,Tier 2,Orta,3 Aylık,7.8,0.63,15.2,12.2,30.67,6,14,31.04,-4.79,0,1.16,1,4.6,5827.41,0,2.5,373,4
2026-OGR-1457,2026-06-26,11. Sınıf,Sözel,Tier 1 (Büyükşehir),Yüksek,Aylık,7.2,0.63,23.1,14.8,11.66,2,11,40.61,0.37,3,1.63,1,5.0,1589.43,0,1.9,312,12
2026-OGR-1458,2026-05-20,12. Sınıf,Sayısal,Tier 1 (Büyükşehir),Yüksek,3 Aylık,10.9,0.6,14.6,7.7,17.98,2,11,71.27,2.54,2,0.24,1,3.4,3988.23,0,3.7,116,8
2026-OGR-1459,2025-11-21,Mezun,Eşit Ağırlık,Tier 2,Orta,Aylık,2.4,0.57,15.5,10.2,12.75,1,12,,-6.9,1,1.79,1,2.3,2088.04,0,2.4,118,6
2026-OGR-1460,2025-06-08,12. Sınıf,Sözel,Tier 2,Yüksek,Aylık,2.3,0.38,20.5,7.7,7.65,2,24,72.59,-2.93,2,1.76,6,4.3,1642.86,0,5.7,208,11
2026-OGR-1461,2025-05-31,11. Sınıf,Eşit Ağırlık,Tier 1 (Büyükşehir),Yüksek,Aylık,1.9,0.81,13.4,11.2,5.12,1,9,57.82,2.77,0,5.54,1,,1683.17,0,3.0,368,9
2026-OGR-1462,2026-02-22,11. Sınıf,Sayısal,Tier 3,Yüksek,Aylık,9.4,0.81,7.8,4.3,29.96,2,13,34.25,1.23,0,1.35,0,1.9,2009.5,0,1.4,434,10
2026-OGR-1463,2025-08-02,Mezun,Sayısal,Tier 1 (Büyükşehir),Orta,3 Aylık,1.2,0.77,14.7,8.0,5.65,0,15,60.79,-2.06,3,1.48,0,4.4,1508.33,0,3.2,299,9
2026-OGR-1464,2026-05-05,12. Sınıf,Eşit Ağırlık,Tier 1 (Büyükşehir),Orta,Aylık,6.0,0.32,15.1,6.6,10.3,6,7,53.82,8.91,0,5.41,1,4.5,1985.08,1,3.8,454,6
2026-OGR-1465,2026-06-14,12. Sınıf,Sözel,Tier 1 (Büyükşehir),Yüksek,3 Aylık,3.6,0.7,17.9,10.3,6.76,3,11,47.69,-0.84,1,9.15,1,2.8,5395.36,0,4.1,657,12
2026-OGR-1466,2025-06-15,Mezun,Sayısal,Tier 2,Düşük,3 Aylık,3.4,0.78,16.4,10.1,4.85,0,13,63.73,-0.06,0,1.14,1,4.0,4766.68,0,2.5,140,12
2026-OGR-1467,2025-06-21,11. Sınıf,Eşit Ağırlık,Tier 2,Orta,Aylık,0.5,0.76,7.8,5.1,16.91,4,13,61.35,-5.73,0,1.77,0,3.9,1845.79,0,1.8,218,11
2026-OGR-1468,2025-06-12,11. Sınıf,Eşit Ağırlık,Tier 1 (Büyükşehir),Yüksek,3 Aylık,5.8,0.48,16.1,,33.59,3,13,51.51,-1.54,1,2.86,3,2.3,4404.84,1,2.7,638,16
2026-OGR-1469,2025-08-06,11. Sınıf,Sözel,Tier 2,Düşük,Aylık,1.1,0.61,16.1,,13.56,3,9,62.46,1.78,1,1.65,1,3.4,4992.35,1,2.1,387,10
2026-OGR-1470,2025-04-03,Mezun,Sözel,Tier 1 (Büyükşehir),Orta,Aylık,4.4,0.66,10.6,,1.43,4,14,48.42,2.49,2,4.25,0,,4759.52,0,1.8,158,13
2026-OGR-1471,2025-05-22,Mezun,Eşit Ağırlık,Tier 2,Orta,Aylık,9.2,0.76,9.9,5.5,13.78,2,15,58.1,2.78,0,4.78,3,4.3,17611.67,0,3.4,382,9
2026-OGR-1472,2025-08-05,12. Sınıf,Sayısal,Tier 3,Orta,Aylık,2.5,0.64,14.3,9.1,1.46,0,14,,0.2,1,1.58,2,4.2,1782.57,0,3.7,135,5
2026-OGR-1473,2025-09-14,Mezun,Eşit Ağırlık,Tier 1 (Büyükşehir),,Yıllık,1.1,0.78,13.3,13.0,3.22,3,10,80.06,-6.58,1,19.97,0,,2049.11,0,0.4,613,10
2026-OGR-1474,2025-01-12,12. Sınıf,Sözel,Tier 3,Yüksek,Aylık,7.2,0.59,7.0,4.6,20.1,2,6,66.44,4.15,4,3.36,0,,1643.93,1,1.3,193,8
2026-OGR-1475,2026-01-08,Mezun,Eşit Ağırlık,Tier 1 (Büyükşehir),,3 Aylık,5.7,0.63,17.3,11.3,5.72,2,10,48.96,3.41,0,4.68,0,3.4,1737.84,0,2.3,351,13
2026-OGR-1476,2025-08-23,12. Sınıf,Sayısal,Tier 2,Düşük,3 Aylık,7.0,0.93,13.3,15.4,45.94,0,6,31.74,1.84,0,2.11,2,3.1,1672.5,0,1.6,600,10
2026-OGR-1477,2025-11-04,12. Sınıf,Sayısal,Tier 1 (Büyükşehir),Yüksek,Aylık,3.5,0.92,10.8,6.9,3.18,0,15,90.84,7.42,0,1.65,0,3.5,1584.22,0,1.6,192,4
2026-OGR-1478,2025-08-22,12. Sınıf,Sayısal,Tier 3,Düşük,Aylık,6.1,0.66,6.7,3.7,4.26,1,7,47.08,3.78,4,22.13,1,4.3,16724.98,0,4.4,543,11
2026-OGR-1479,2025-08-07,12. Sınıf,Sözel,Tier 3,Orta,3 Aylık,11.1,0.69,13.2,10.6,28.78,3,9,50.57,2.98,2,3.32,1,3.2,2040.32,0,5.8,666,8
2026-OGR-1480,2026-06-14,11. Sınıf,Sözel,Tier 2,Düşük,Aylık,4.5,0.41,13.3,5.9,7.68,1,10,70.22,2.78,4,1.68,1,3.6,5465.36,0,1.8,246,13
2026-OGR-1481,2026-05-25,12. Sınıf,Eşit Ağırlık,Tier 1 (Büyükşehir),Orta,3 Aylık,7.7,0.73,16.7,10.1,27.69,5,10,57.07,0.68,1,0.95,1,3.6,1806.67,0,1.8,40,12
2026-OGR-1482,2025-07-06,11. Sınıf,Sayısal,Tier 2,Düşük,3 Aylık,9.7,0.79,10.4,9.4,12.29,3,10,68.27,-1.19,1,0.47,0,4.2,5242.84,1,6.2,447,7
2026-OGR-1483,2025-09-12,12. Sınıf,Eşit Ağırlık,Tier 1 (Büyükşehir),Yüksek,3 Aylık,10.1,0.47,18.8,11.4,24.56,2,15,53.3,-1.62,1,3.68,3,4.1,18267.7,1,2.4,291,7
2026-OGR-1484,2025-11-15,12. Sınıf,Sözel,Tier 1 (Büyükşehir),Düşük,3 Aylık,5.9,0.26,11.9,3.6,7.8,1,16,59.28,-4.51,1,4.7,1,,14900.6,0,6.6,43,3
2026-OGR-1485,2025-11-29,12. Sınıf,Sayısal,Tier 2,Orta,Aylık,6.0,0.51,13.0,6.5,2.8,3,11,61.2,3.94,0,8.06,2,2.7,1984.74,0,0.5,345,10
2026-OGR-1486,2026-01-04,Mezun,Eşit Ağırlık,Tier 1 (Büyükşehir),Yüksek,3 Aylık,16.3,0.37,13.0,5.3,7.88,3,9,48.95,2.35,3,0.54,2,4.5,1886.26,0,0.7,25,7
2026-OGR-1487,2025-03-03,11. Sınıf,Sayısal,Tier 1 (Büyükşehir),Orta,3 Aylık,6.3,0.31,22.1,8.4,27.46,2,1,88.93,1.24,0,3.13,1,,15813.1,1,4.2,259,11
2026-OGR-1488,2025-08-04,Mezun,Sayısal,Tier 3,,Aylık,10.3,0.9,18.1,15.1,6.65,1,9,61.81,1.96,0,4.15,1,4.5,1860.16,0,5.3,283,8
2026-OGR-1489,2025-11-02,12. Sınıf,Sayısal,Tier 1 (Büyükşehir),Orta,3 Aylık,5.0,0.89,13.8,12.1,14.65,1,8,70.69,-1.48,2,3.36,0,2.1,4689.66,0,2.1,213,8
2026-OGR-1490,2025-09-29,Mezun,Sayısal,Tier 1 (Büyükşehir),Düşük,Aylık,3.3,0.49,18.4,12.2,8.96,3,6,38.72,-7.12,0,1.06,1,4.7,5438.77,0,6.3,531,11
2026-OGR-1491,2025-07-19,12. Sınıf,Eşit Ağırlık,Tier 1 (Büyükşehir),Düşük,Aylık,4.2,0.63,12.7,8.4,10.18,1,16,39.63,-3.59,1,6.27,2,3.0,1933.13,0,5.0,629,4
2026-OGR-1492,2025-09-23,Mezun,Sayısal,Tier 1 (Büyükşehir),Orta,Aylık,4.2,0.39,22.0,9.3,10.92,2,20,51.09,0.43,0,2.55,1,4.4,5759.98,0,1.7,165,6
2026-OGR-1493,2025-10-23,Mezun,Sözel,Tier 1 (Büyükşehir),Düşük,Aylık,9.5,0.77,14.5,12.7,8.64,1,9,38.27,1.32,1,5.39,1,3.2,1927.36,0,3.0,235,7
2026-OGR-1494,2025-08-15,11. Sınıf,Dil,Tier 3,Yüksek,Aylık,2.3,0.75,17.4,13.0,9.16,2,11,63.69,-1.9,2,7.18,1,2.2,4455.39,1,3.3,310,12
2026-OGR-1495,2025-05-15,12. Sınıf,Sözel,Tier 3,Yüksek,Aylık,2.9,0.69,8.4,5.9,25.44,1,6,41.66,4.88,2,3.49,0,,4591.79,0,5.3,358,9
2026-OGR-1496,2025-08-28,12. Sınıf,Sayısal,Tier 3,Düşük,Aylık,0.6,0.93,12.3,9.1,25.31,2,14,72.42,-0.42,1,0.2,0,,18210.29,0,3.9,79,13
2026-OGR-1497,2025-09-02,11. Sınıf,Eşit Ağırlık,Tier 1 (Büyükşehir),Orta,Aylık,1.5,0.8,18.4,15.3,13.36,1,7,68.15,-3.08,1,5.81,2,4.7,5305.74,0,1.5,292,8
2026-OGR-1498,2025-01-08,12. Sınıf,Sözel,Tier 2,Yüksek,Aylık,1.0,0.79,15.8,15.9,3.06,1,11,38.95,3.7,2,7.09,1,,1546.85,0,2.8,333,10
2026-OGR-1499,2026-03-02,12. Sınıf,Sayısal,Tier 2,Yüksek,3 Aylık,6.5,0.87,12.6,13.2,7.48,2,12,43.94,5.81,0,4.18,0,3.6,18117.33,0,3.4,499,9
2026-OGR-1500,2025-05-08,12. Sınıf,Eşit Ağırlık,Tier 1 (Büyükşehir),Orta,Yıllık,2.4,0.49,13.5,5.6,5.69,2,9,49.17,-3.13,2,3.31,2,3.4,4998.41,1,1.1,32,8
