student_id,grade,track,city_tier,parent_involvement,plan_type,monthly_fee_try,enrollment_date,tenure_months,program_adherence_rate,weekly_study_hours_planned,weekly_study_hours_actual,mentor_contact_freq_per_month,days_since_last_contact,message_response_time_hours,late_response_count_30d,trial_exam_count_total,trial_exam_avg_net,trial_exam_score_trend,missed_trial_exam_count,payment_delay_days_avg,support_ticket_count_90d,satisfaction_survey_score,days_to_next_exam,churn,weekly_study_hours_actual_missing,satisfaction_missing
STU102105,12. Sınıf,Eşit Ağırlık,Tier 1 (Büyükşehir),Yüksek,3 Aylık,4305.0,2026-07-13,1.4,0.422,17.5,8.0,5.2,2,44.4,2,2,48.8,-1.86,1,7.1,0,3.3,299,0,0,0
STU101033,Mezun,Eşit Ağırlık,Tier 1 (Büyükşehir),Orta,Aylık,1971.0,2026-05-31,2.8,0.567,18.6,11.0,3.6,8,12.8,2,5,51.0,-1.22,3,0.3,2,3.2,301,0,0,0
STU101069,12. Sınıf,Eşit Ağırlık,Tier 1 (Büyükşehir),Yüksek,Yıllık,16516.0,2026-02-14,6.3,0.596,11.9,6.6,2.4,19,11.8,1,13,33.2,4.79,0,0.0,0,3.6,298,0,0,0
STU101463,12. Sınıf,Sayısal,Tier 2,Düşük,Yıllık,15782.0,2025-05-01,15.8,0.556,12.6,6.9,5.4,15,14.2,0,31,34.8,2.15,2,0.3,2,3.8,301,0,0,0
STU102169,12. Sınıf,Sözel,Tier 1 (Büyükşehir),Düşük,Aylık,1705.0,2025-10-18,10.2,0.711,12.5,8.0,0.6,5,54.4,2,20,39.6,0.81,1,1.1,0,5.0,303,0,0,0
STU103292,12. Sınıf,Eşit Ağırlık,Tier 2,Orta,Yıllık,16597.0,2026-03-10,5.5,0.682,13.3,7.3,4.6,1,35.9,4,13,59.9,-2.28,4,0.8,0,4.2,298,0,0,0
STU100891,Mezun,Sözel,Tier 1 (Büyükşehir),Düşük,Yıllık,15619.0,2026-02-26,5.9,0.724,10.4,7.6,4.5,18,6.4,1,14,29.0,0.16,4,12.5,0,4.3,303,1,0,0
STU102065,Mezun,Sayısal,Tier 1 (Büyükşehir),Orta,3 Aylık,4903.0,2025-08-03,12.7,0.738,14.6,11.0,4.7,19,14.3,2,26,40.3,0.57,1,0.4,1,3.5,302,0,0,1
STU101764,11. Sınıf,Sayısal,Tier 1 (Büyükşehir),Yüksek,Aylık,1798.0,2026-08-09,0.5,0.484,15.6,7.4,3.9,4,18.7,2,1,56.3,1.81,1,9.5,2,2.8,662,0,0,0
STU100906,12. Sınıf,Sözel,Tier 1 (Büyükşehir),Orta,3 Aylık,5185.0,2026-05-25,3.0,0.958,18.6,20.2,4.2,10,15.5,0,6,41.0,1.51,2,1.0,2,3.7,299,0,0,0
STU101392,11. Sınıf,Eşit Ağırlık,Tier 2,Düşük,Aylık,1768.0,2025-07-19,13.2,0.89,13.0,9.0,3.3,1,5.3,3,27,43.8,-1.16,0,0.8,0,3.2,668,0,1,0
STU103449,Mezun,Sözel,Tier 1 (Büyükşehir),Düşük,Aylık,1734.0,2026-04-10,4.5,0.684,14.8,8.4,5.0,12,10.8,6,12,58.2,1.9,2,3.2,0,3.6,299,1,0,1
STU100885,12. Sınıf,Sözel,Tier 1 (Büyükşehir),Düşük,Aylık,1839.0,2026-03-07,5.6,0.685,18.2,11.7,5.8,43,30.8,4,9,48.4,-0.9,3,6.4,2,2.6,301,1,0,0
STU100993,11. Sınıf,Sayısal,Tier 1 (Büyükşehir),Düşük,Yıllık,16473.0,2025-06-30,13.8,0.875,18.0,15.4,2.7,0,37.7,3,34,39.7,-2.99,1,3.4,3,3.0,664,1,0,0
STU103298,12. Sınıf,Eşit Ağırlık,Tier 1 (Büyükşehir),Orta,3 Aylık,4794.0,2025-06-30,13.8,0.644,8.4,5.6,4.3,1,17.4,3,34,24.5,-0.98,1,2.6,1,3.0,298,0,0,0
STU102053,Mezun,Sayısal,Tier 1 (Büyükşehir),Yüksek,3 Aylık,5199.0,2026-05-19,3.2,0.704,8.7,5.7,6.0,1,13.7,1,6,59.1,3.08,3,4.7,2,3.5,302,0,0,1
STU100159,Mezun,Sayısal,Tier 2,Orta,Aylık,1645.0,2026-05-16,3.3,0.57,9.1,5.5,6.6,4,29.7,3,7,58.0,1.43,1,6.1,3,4.1,301,1,0,0
STU101130,Mezun,Sayısal,Tier 3,Orta,3 Aylık,4703.0,2026-04-10,4.5,0.278,18.0,4.6,3.2,2,14.7,2,9,51.4,-0.84,0,2.9,1,3.6,303,0,0,0
STU100664,12. Sınıf,Eşit Ağırlık,Tier 2,Düşük,Aylık,1825.0,2025-12-30,7.8,0.67,10.7,7.0,2.5,3,5.9,2,13,52.7,1.92,3,10.3,2,3.6,298,0,0,0
STU100508,12. Sınıf,Sayısal,Tier 2,Düşük,3 Aylık,4781.0,2026-04-10,4.5,0.544,12.4,7.5,4.0,10,7.7,2,10,48.0,0.5,1,0.4,2,3.3,300,0,0,0
STU102643,Mezun,Eşit Ağırlık,Tier 1 (Büyükşehir),Düşük,Aylık,1771.0,2025-11-17,9.2,0.483,15.8,9.8,2.0,1,14.6,0,25,44.6,-3.54,1,18.7,0,2.5,299,1,0,0
STU101320,12. Sınıf,Eşit Ağırlık,Tier 1 (Büyükşehir),Düşük,Aylık,1763.0,2026-06-22,2.1,0.659,10.3,7.3,3.2,3,38.8,3,5,52.1,-0.11,1,0.2,1,3.1,303,0,0,0
STU101593,12. Sınıf,Sayısal,Tier 1 (Büyükşehir),Orta,3 Aylık,5194.0,2026-02-08,6.5,0.408,10.1,4.1,3.3,6,41.0,3,14,38.8,3.29,0,0.0,2,3.5,297,1,0,1
STU101748,12. Sınıf,Sayısal,Tier 1 (Büyükşehir),Orta,3 Aylık,4714.0,2026-05-13,3.4,0.664,12.7,7.9,5.7,19,23.6,1,9,55.0,0.03,2,1.6,0,3.3,300,0,0,0
STU100102,11. Sınıf,Eşit Ağırlık,Tier 1 (Büyükşehir),Yüksek,3 Aylık,5298.0,2026-05-01,3.8,0.544,19.0,11.9,5.9,3,57.5,1,7,62.7,2.87,1,3.9,1,3.5,668,0,0,0
STU100111,11. Sınıf,Sayısal,Tier 2,Orta,3 Aylık,5290.0,2026-07-31,0.8,0.756,12.7,9.7,3.6,17,52.8,1,2,34.4,-4.69,2,3.2,1,5.0,664,0,0,0
STU102937,11. Sınıf,Sayısal,Tier 1 (Büyükşehir),Orta,Aylık,1738.0,2026-04-25,4.0,0.444,12.8,6.2,3.3,5,23.4,2,9,36.8,-1.62,1,2.1,1,3.5,665,1,0,0
STU102020,12. Sınıf,Eşit Ağırlık,Tier 1 (Büyükşehir),Orta,Aylık,1717.0,2026-05-31,2.8,0.585,11.9,7.8,3.0,11,13.2,3,5,42.9,-0.58,3,0.7,2,2.9,303,1,0,0
STU101154,12. Sınıf,Sayısal,Tier 1 (Büyükşehir),Orta,3 Aylık,4986.0,2025-10-24,10.0,0.601,18.7,9.9,4.6,18,6.0,1,15,55.6,0.89,4,0.7,2,1.8,303,0,0,0
STU102527,Mezun,Sayısal,Tier 1 (Büyükşehir),Orta,Aylık,1655.0,2026-03-04,5.7,0.609,14.0,9.4,5.5,33,21.5,1,12,40.7,0.22,0,12.7,0,3.4,299,1,0,0
STU100411,12. Sınıf,Eşit Ağırlık,Tier 1 (Büyükşehir),Orta,3 Aylık,5351.0,2026-05-28,2.9,0.341,11.4,4.3,1.4,43,18.9,6,6,38.6,-1.09,1,0.2,2,3.5,301,1,0,0
STU103303,Mezun,Sayısal,Tier 1 (Büyükşehir),Yüksek,3 Aylık,4760.0,2026-04-19,4.2,0.366,17.8,5.7,5.5,3,11.0,6,7,66.4,3.97,1,3.7,4,1.8,297,0,0,0
STU100297,Mezun,Sözel,Tier 3,Düşük,Aylık,1771.0,2025-11-24,9.0,0.586,16.7,10.2,3.7,11,35.5,2,19,51.5,-1.25,1,1.6,2,3.9,300,0,0,0
STU100025,11. Sınıf,Eşit Ağırlık,Tier 2,Yüksek,3 Aylık,4756.0,2026-01-08,7.5,0.599,10.0,6.2,5.0,8,10.8,4,12,58.5,-0.94,3,2.1,0,4.1,666,0,0,0
STU100309,11. Sınıf,Sözel,Tier 1 (Büyükşehir),Orta,Aylık,1785.0,2026-03-16,5.3,0.672,16.4,11.9,2.9,5,19.4,2,11,50.0,0.57,2,5.0,4,1.5,663,0,0,0
STU100130,11. Sınıf,Sayısal,Tier 1 (Büyükşehir),Yüksek,3 Aylık,4919.0,2026-04-25,4.0,0.786,12.5,9.7,2.7,8,19.8,1,9,71.6,2.71,4,0.7,0,4.3,665,1,0,0
STU102380,Mezun,Sayısal,Tier 2,Orta,3 Aylık,4845.0,2026-07-01,1.8,0.803,14.8,10.3,4.6,2,30.4,2,4,32.2,0.4,4,0.7,1,3.9,302,0,0,0
STU100039,12. Sınıf,Sayısal,Tier 1 (Büyükşehir),Yüksek,Yıllık,16477.0,2025-09-27,10.9,0.606,13.9,7.0,3.5,6,37.0,5,21,60.3,-2.4,1,7.3,4,3.0,298,1,0,0
STU103022,12. Sınıf,Sayısal,Tier 1 (Büyükşehir),Düşük,Aylık,1871.0,2025-11-27,8.9,0.402,12.9,9.0,3.9,6,11.9,2,18,35.6,-3.83,2,2.4,1,3.0,298,0,1,0
STU101004,12. Sınıf,Sayısal,Tier 1 (Büyükşehir),Düşük,3 Aylık,4965.0,2026-07-28,0.9,0.843,11.0,6.8,3.7,14,32.2,1,2,48.9,0.21,1,5.4,5,3.8,301,0,0,0
STU100879,12. Sınıf,Sayısal,Tier 2,Yüksek,Yıllık,15642.0,2026-06-06,2.6,0.695,10.7,7.2,2.6,3,58.7,2,6,39.7,0.68,3,2.3,0,3.5,299,1,0,0
STU100926,11. Sınıf,Sayısal,Tier 1 (Büyükşehir),Düşük,Aylık,1773.0,2026-06-09,2.5,0.406,14.7,5.4,3.4,1,30.8,4,5,30.1,-1.9,1,0.5,1,3.0,666,0,0,0
STU102534,Mezun,Dil,Tier 1 (Büyükşehir),Orta,Yıllık,16139.0,2026-01-23,7.0,0.719,13.0,10.6,3.2,7,11.1,1,17,53.2,2.62,4,3.2,2,3.9,303,0,0,0
STU102565,12. Sınıf,Sözel,Tier 1 (Büyükşehir),Düşük,3 Aylık,5100.0,2025-12-15,8.3,0.666,17.3,9.1,6.0,10,9.6,1,14,81.0,1.27,0,2.0,1,3.5,299,0,0,1
STU100711,12. Sınıf,Sayısal,Tier 1 (Büyükşehir),Orta,3 Aylık,4739.0,2025-12-24,8.0,0.679,13.1,8.7,3.7,0,12.3,1,17,51.6,1.34,0,4.2,2,3.5,301,0,0,1
STU100209,12. Sınıf,Eşit Ağırlık,Tier 2,Yüksek,3 Aylık,5071.0,2026-04-13,4.4,0.748,15.5,8.2,4.8,3,22.2,1,8,69.7,4.19,2,1.4,2,3.8,297,0,0,0
STU100534,11. Sınıf,Sayısal,Tier 2,Yüksek,Aylık,1646.0,2026-06-03,2.7,0.718,10.5,7.0,5.1,2,10.8,1,5,59.2,3.75,0,1.5,2,5.0,667,0,0,0
STU100798,12. Sınıf,Eşit Ağırlık,Tier 3,Düşük,Aylık,1960.0,2026-08-09,0.5,0.64,14.6,9.5,2.2,6,16.6,2,1,41.4,2.01,1,4.6,1,2.7,297,0,0,0
STU100814,11. Sınıf,Sayısal,Tier 1 (Büyükşehir),Orta,3 Aylık,4804.0,2026-01-30,6.8,0.661,14.9,11.2,6.1,1,23.1,3,14,66.4,0.24,6,9.6,2,3.5,666,0,0,1
STU103126,12. Sınıf,Eşit Ağırlık,Tier 3,Orta,Aylık,1735.0,2025-07-07,13.6,0.832,14.0,9.6,2.5,4,17.9,2,20,49.9,-0.56,1,0.6,1,4.9,300,0,0,0
STU100961,12. Sınıf,Sayısal,Tier 2,Yüksek,Aylık,1717.0,2026-07-10,1.5,0.581,19.7,10.2,4.8,3,9.6,3,3,69.0,-0.03,0,10.3,0,2.5,300,0,0,0
STU100776,12. Sınıf,Sayısal,Tier 3,Düşük,Aylık,2035.0,2026-06-12,2.4,0.818,17.1,15.4,6.0,2,18.6,1,5,44.6,1.11,3,1.1,2,3.7,300,0,0,0
STU103202,Mezun,Dil,Tier 1 (Büyükşehir),Düşük,Aylık,1708.0,2026-06-19,2.2,0.667,12.5,8.2,1.6,4,40.2,2,5,68.3,-0.83,3,12.5,2,2.4,298,0,0,0
STU101046,11. Sınıf,Dil,Tier 3,Düşük,3 Aylık,4253.0,2026-04-25,4.0,0.726,15.7,9.0,2.0,28,17.0,7,5,51.0,1.32,1,2.0,3,3.4,668,0,1,0
STU101574,11. Sınıf,Dil,Tier 1 (Büyükşehir),Orta,Yıllık,14955.0,2026-05-10,3.5,0.546,15.0,7.7,4.0,5,30.4,2,6,65.2,-3.43,1,9.6,2,2.5,668,0,0,0
STU101790,Mezun,Sayısal,Tier 1 (Büyükşehir),Düşük,Yıllık,17216.0,2026-05-22,3.1,0.429,10.3,4.4,3.1,13,37.4,4,5,75.1,-1.56,0,4.9,0,3.2,302,0,0,0
STU100572,12. Sınıf,Sayısal,Tier 1 (Büyükşehir),Yüksek,Aylık,1747.0,2025-12-27,7.9,0.32,16.8,5.8,4.0,12,16.1,3,23,32.2,-3.39,3,6.5,1,5.0,297,1,0,0
STU101751,11. Sınıf,Sayısal,Tier 3,Orta,Aylık,1743.0,2026-06-15,2.3,0.758,16.0,12.2,4.6,3,2.5,3,4,66.0,1.93,2,11.6,1,3.7,664,0,0,0
STU102602,12. Sınıf,Sözel,Tier 3,Yüksek,3 Aylık,4888.0,2026-06-15,2.3,0.936,16.1,17.2,3.4,7,42.4,2,4,58.0,1.76,3,1.0,1,3.5,300,0,0,1
STU100992,Mezun,Dil,Tier 1 (Büyükşehir),Düşük,Aylık,1727.0,2025-09-18,11.2,0.923,16.5,17.6,3.5,11,22.5,0,19,44.0,-2.6,2,0.4,2,2.4,301,0,0,0
STU100713,Mezun,Sayısal,Tier 2,Orta,Aylık,1738.0,2025-10-27,9.9,0.632,13.7,9.5,5.5,6,7.1,1,27,55.5,-1.16,2,0.3,2,3.2,302,0,0,0
STU100018,Mezun,Eşit Ağırlık,Tier 2,Orta,Aylık,1924.0,2026-01-23,7.0,0.651,7.0,5.8,4.0,2,24.1,4,12,65.1,-1.16,0,3.6,0,2.2,302,0,0,0
STU102724,11. Sınıf,Eşit Ağırlık,Tier 1 (Büyükşehir),Orta,3 Aylık,4816.0,2026-03-25,5.0,0.881,17.7,15.6,4.8,1,18.9,0,11,67.9,0.71,2,4.0,2,3.4,662,0,0,0
STU100294,Mezun,Eşit Ağırlık,Tier 2,Orta,3 Aylık,5034.0,2026-05-13,3.4,0.546,11.0,4.8,5.8,18,14.9,2,10,54.2,0.63,3,1.5,1,3.5,298,0,0,1
STU103404,Mezun,Eşit Ağırlık,Tier 1 (Büyükşehir),Düşük,Aylık,1900.0,2026-05-28,2.9,0.535,11.9,4.4,3.0,8,28.1,1,6,50.2,-6.45,1,19.2,3,3.6,301,1,0,1
STU100208,11. Sınıf,Eşit Ağırlık,Tier 3,Yüksek,Aylık,1828.0,2026-02-20,6.1,0.748,14.1,13.1,3.2,6,5.8,1,11,45.4,0.15,0,0.2,0,2.7,664,0,0,0
STU101137,12. Sınıf,Eşit Ağırlık,Tier 1 (Büyükşehir),Orta,Aylık,1820.0,2025-12-12,8.4,0.597,14.8,9.0,5.9,8,14.3,2,16,52.4,3.05,2,1.8,4,3.9,299,1,1,0
STU101368,11. Sınıf,Eşit Ağırlık,Tier 1 (Büyükşehir),Orta,Aylık,1706.0,2026-04-28,3.9,0.768,12.9,10.8,3.0,30,4.4,2,5,35.8,-1.74,1,2.1,1,3.6,665,0,0,1
STU102905,12. Sınıf,Eşit Ağırlık,Tier 2,Orta,3 Aylık,4846.0,2026-07-16,1.3,0.694,10.9,9.0,5.2,9,22.9,4,3,63.5,1.89,2,0.1,3,2.6,298,0,1,0
STU101774,12. Sınıf,Sayısal,Tier 3,Orta,3 Aylık,5084.0,2026-05-19,3.2,0.57,12.2,7.5,3.7,24,54.6,0,8,64.5,0.54,2,5.2,2,4.8,298,0,0,0
STU103096,11. Sınıf,Sayısal,Tier 2,Orta,Aylık,1646.0,2026-07-16,1.3,0.742,11.2,9.0,5.0,66,11.8,4,3,41.0,-0.11,3,3.2,0,3.6,665,1,1,1
STU102511,12. Sınıf,Eşit Ağırlık,Tier 1 (Büyükşehir),Düşük,Aylık,1825.0,2026-06-12,2.4,0.731,14.1,9.7,3.6,0,19.4,6,4,57.1,-0.25,1,2.3,2,1.9,302,0,0,0
STU100141,12. Sınıf,Sayısal,Tier 2,Yüksek,3 Aylık,4917.0,2026-06-09,2.5,0.795,11.7,7.4,5.9,4,8.7,1,6,28.5,-4.79,2,3.8,3,5.0,300,0,0,0
STU100569,12. Sınıf,Sayısal,Tier 3,Yüksek,Yıllık,17690.0,2026-07-22,1.1,0.5,13.8,9.2,5.3,11,12.5,1,2,46.1,-1.32,2,10.9,0,2.3,303,1,0,0
STU101662,Mezun,Sayısal,Tier 1 (Büyükşehir),Orta,Yıllık,16809.0,2025-11-27,8.9,0.876,21.9,13.5,4.3,15,27.5,0,17,46.9,2.92,2,15.3,1,3.6,297,0,0,1
STU101839,12. Sınıf,Sayısal,Tier 2,Düşük,3 Aylık,4709.0,2026-02-08,6.5,0.539,7.9,3.2,4.9,6,8.7,1,13,38.6,5.55,3,16.8,0,1.1,301,1,0,0
STU100811,11. Sınıf,Sözel,Tier 1 (Büyükşehir),Orta,3 Aylık,5415.0,2026-04-22,4.1,0.413,18.4,7.4,6.6,11,17.0,2,12,46.3,1.87,1,0.1,2,4.4,667,1,0,0
STU101836,11. Sınıf,Eşit Ağırlık,Tier 1 (Büyükşehir),Orta,3 Aylık,4785.0,2026-05-13,3.4,0.832,14.7,10.5,2.0,16,31.8,4,8,64.8,-0.68,4,2.1,2,3.5,666,0,0,1
STU100296,Mezun,Eşit Ağırlık,Tier 2,Orta,3 Aylık,5094.0,2026-05-28,2.9,0.728,9.3,6.3,4.1,7,4.5,2,7,50.3,1.77,1,4.9,1,3.5,302,0,0,0
STU101900,12. Sınıf,Eşit Ağırlık,Tier 1 (Büyükşehir),Düşük,Aylık,1734.0,2026-05-16,3.3,0.543,10.9,5.2,4.7,6,18.8,2,7,39.8,-1.48,3,5.8,2,2.6,300,1,0,0
STU101967,Mezun,Sayısal,Tier 3,Düşük,Aylık,1789.0,2026-06-28,1.9,0.516,18.2,9.2,3.4,36,16.2,1,3,46.0,-1.63,1,6.8,2,3.7,301,0,0,0
STU102508,12. Sınıf,Sözel,Tier 1 (Büyükşehir),Orta,3 Aylık,4981.0,2026-06-03,2.7,0.759,14.9,10.7,5.0,22,26.0,1,8,58.3,1.48,2,7.3,3,1.9,298,0,0,0
STU102770,11. Sınıf,Eşit Ağırlık,Tier 1 (Büyükşehir),Orta,Aylık,1903.0,2026-03-16,5.3,0.485,13.6,5.7,5.5,0,2.6,3,11,50.8,0.7,1,2.2,1,3.6,668,0,0,1
STU102017,11. Sınıf,Sayısal,Tier 1 (Büyükşehir),Orta,Aylık,1721.0,2026-01-11,7.4,0.594,9.8,6.2,2.4,2,17.1,4,20,34.2,-2.42,1,0.8,2,4.2,662,0,0,0
STU101705,Mezun,Sayısal,Tier 1 (Büyükşehir),Orta,Aylık,1917.0,2026-04-22,4.1,0.238,18.0,4.0,4.3,2,20.1,4,7,69.1,3.88,3,3.8,0,3.6,302,0,0,0
STU100921,Mezun,Sayısal,Tier 1 (Büyükşehir),Orta,Aylık,1928.0,2025-11-08,9.5,0.637,14.6,7.9,5.6,11,0.2,5,20,67.6,-2.65,2,1.2,0,3.1,299,0,0,0
STU103002,11. Sınıf,Eşit Ağırlık,Tier 1 (Büyükşehir),Orta,Aylık,1848.0,2025-05-07,15.6,0.612,12.3,7.1,5.5,0,12.1,0,19,46.1,1.0,1,2.2,0,3.1,664,0,0,0
STU102229,12. Sınıf,Sayısal,Tier 3,Orta,Aylık,1884.0,2026-06-09,2.5,0.658,13.5,8.5,3.4,9,7.6,1,6,40.9,1.07,2,2.3,2,3.6,303,0,0,1
STU102703,Mezun,Sayısal,Tier 1 (Büyükşehir),Düşük,Aylık,1740.0,2025-10-18,10.2,0.637,17.1,10.7,2.4,5,42.5,2,22,41.5,1.03,2,2.7,1,2.5,299,1,0,0
STU101669,Mezun,Sayısal,Tier 1 (Büyükşehir),Düşük,Yıllık,16682.0,2025-09-18,11.2,0.762,17.2,14.2,5.3,20,34.6,1,26,69.8,0.51,2,0.2,1,4.3,303,0,0,0
STU103089,Mezun,Eşit Ağırlık,Tier 1 (Büyükşehir),Orta,3 Aylık,5194.0,2026-08-06,0.6,0.968,9.9,9.3,4.1,6,4.3,3,1,64.4,4.0,1,5.9,2,4.7,299,0,0,0
STU100689,12. Sınıf,Eşit Ağırlık,Tier 1 (Büyükşehir),Orta,Aylık,1804.0,2025-09-15,11.3,0.605,16.1,9.4,4.1,17,50.4,3,24,66.5,-0.8,1,0.5,1,2.2,301,0,0,0
STU103288,11. Sınıf,Sözel,Tier 1 (Büyükşehir),Düşük,3 Aylık,4884.0,2026-07-04,1.7,0.621,14.4,10.6,5.5,39,30.9,3,3,47.9,-4.36,1,3.7,1,3.4,666,1,0,0
STU100729,12. Sınıf,Sayısal,Tier 1 (Büyükşehir),Yüksek,Aylık,1969.0,2026-05-31,2.8,0.427,16.2,7.6,2.6,1,12.7,2,6,66.7,0.62,1,0.3,1,4.6,300,0,0,0
STU102607,11. Sınıf,Sayısal,Tier 3,Düşük,3 Aylık,5386.0,2026-06-06,2.6,0.95,12.8,13.4,4.6,9,34.8,2,4,44.4,1.62,0,5.0,0,3.4,665,0,0,0
STU101058,12. Sınıf,Sayısal,Tier 2,Yüksek,3 Aylık,4868.0,2026-06-06,2.6,0.792,16.4,13.0,5.6,2,13.8,1,5,70.6,-0.09,2,4.9,3,2.9,297,0,0,0
STU100995,12. Sınıf,Sayısal,Tier 3,Düşük,Aylık,1848.0,2026-01-11,7.4,0.844,10.0,7.1,4.1,6,16.1,0,11,67.1,1.3,2,0.4,2,3.7,301,0,0,0
STU100283,11. Sınıf,Sayısal,Tier 1 (Büyükşehir),Düşük,Aylık,1822.0,2026-04-28,3.9,0.816,16.8,14.1,7.0,0,12.5,2,5,40.3,-2.59,1,6.6,0,3.6,667,0,0,1
STU101962,12. Sınıf,Sayısal,Tier 1 (Büyükşehir),Yüksek,3 Aylık,4640.0,2026-06-06,2.6,0.727,15.9,11.7,3.6,12,13.7,2,5,77.8,-2.42,0,1.6,2,1.9,301,1,0,0
STU101008,12. Sınıf,Sözel,Tier 2,Yüksek,Yıllık,17495.0,2026-06-22,2.1,0.598,12.8,6.8,6.0,5,24.5,1,4,80.0,-4.42,1,3.2,0,2.3,303,0,0,0
STU101249,Mezun,Sayısal,Tier 2,Orta,Aylık,1966.0,2026-07-28,0.9,0.68,17.4,12.4,3.4,3,16.1,3,1,47.8,1.15,1,0.8,1,4.8,303,1,0,0
STU101726,12. Sınıf,Sayısal,Tier 2,Orta,Yıllık,16884.0,2026-05-04,3.7,0.45,17.3,7.0,5.0,0,6.2,2,9,44.7,2.06,3,14.0,1,1.4,303,0,0,0
STU103473,12. Sınıf,Dil,Tier 1 (Büyükşehir),Orta,Yıllık,16872.0,2025-11-30,8.8,0.887,11.5,10.1,5.1,16,21.7,1,15,79.5,-0.04,3,2.3,0,2.3,297,0,0,0
STU102887,Mezun,Sayısal,Tier 1 (Büyükşehir),Orta,3 Aylık,4671.0,2026-01-14,7.3,0.967,19.4,16.0,4.3,14,17.5,3,23,56.0,-3.67,2,6.3,0,4.8,301,0,0,0
STU103021,12. Sınıf,Eşit Ağırlık,Tier 1 (Büyükşehir),Düşük,Aylık,1896.0,2026-02-23,6.0,0.81,12.7,10.8,4.8,4,17.5,0,13,53.0,-1.59,2,15.0,3,1.7,303,0,0,0
STU101078,12. Sınıf,Eşit Ağırlık,Tier 1 (Büyükşehir),Düşük,Yıllık,15420.0,2026-04-28,3.9,0.639,15.1,9.3,4.2,7,18.5,2,8,62.3,-3.65,1,7.1,3,3.6,301,1,0,1
STU103151,12. Sınıf,Dil,Tier 1 (Büyükşehir),Orta,Yıllık,16756.0,2026-01-26,6.9,0.745,14.6,11.2,2.8,5,1.6,1,13,37.4,-4.98,0,0.9,1,3.2,301,0,0,0
STU100748,Mezun,Sayısal,Tier 2,Yüksek,Aylık,1721.0,2026-04-13,4.4,0.855,14.0,11.7,5.3,4,11.7,2,11,68.8,-5.19,0,7.0,0,5.0,303,0,0,0
STU102285,11. Sınıf,Eşit Ağırlık,Tier 2,Yüksek,Aylık,1798.0,2025-12-03,8.7,0.48,9.0,4.8,7.5,11,46.0,1,18,32.3,0.17,2,2.8,1,5.0,663,0,0,0
STU101713,Mezun,Sözel,Tier 1 (Büyükşehir),Yüksek,3 Aylık,4957.0,2026-06-28,1.9,0.815,12.9,10.1,5.0,20,12.7,0,4,50.2,-3.61,1,1.0,0,3.8,300,0,0,0
STU101192,Mezun,Eşit Ağırlık,Tier 3,Orta,Aylık,1749.0,2025-12-30,7.8,0.584,15.0,9.0,4.8,1,11.8,3,19,62.1,0.08,0,3.1,1,5.0,300,0,1,0
STU100610,12. Sınıf,Sayısal,Tier 1 (Büyükşehir),Düşük,3 Aylık,4195.0,2026-07-22,1.1,0.567,12.4,6.3,4.5,13,19.6,1,1,58.0,-0.78,1,1.9,2,3.5,297,1,0,1
STU100037,12. Sınıf,Eşit Ağırlık,Tier 1 (Büyükşehir),Yüksek,3 Aylık,4943.0,2025-07-25,13.0,0.862,13.3,13.0,3.2,18,8.3,3,29,49.3,-1.81,2,6.6,3,3.3,301,1,0,0
STU102118,11. Sınıf,Eşit Ağırlık,Tier 1 (Büyükşehir),Orta,3 Aylık,5122.0,2026-06-09,2.5,0.687,12.7,11.4,3.6,38,15.4,3,5,48.7,-3.08,2,3.1,1,3.5,663,0,0,1
STU102015,12. Sınıf,Dil,Tier 2,Yüksek,Yıllık,15258.0,2026-06-09,2.5,0.871,11.3,7.1,5.4,2,17.2,3,6,50.8,3.14,3,3.9,2,3.8,302,1,0,0
STU102466,Mezun,Sözel,Tier 1 (Büyükşehir),Düşük,Aylık,1862.0,2026-07-10,1.5,0.813,14.3,10.4,4.2,43,13.6,2,2,47.9,-0.22,1,6.6,0,2.9,303,0,0,0
STU101312,12. Sınıf,Eşit Ağırlık,Tier 2,Yüksek,Aylık,1868.0,2026-02-11,6.4,0.699,20.2,15.7,5.6,4,22.8,3,14,54.3,-3.51,3,0.9,4,3.6,301,0,0,1
STU102000,Mezun,Sayısal,Tier 1 (Büyükşehir),Yüksek,Yıllık,17093.0,2026-02-17,6.2,0.679,9.8,6.7,5.7,11,17.3,2,11,59.8,2.11,0,4.4,2,3.6,299,0,0,0
STU103328,12. Sınıf,Eşit Ağırlık,Tier 2,Orta,Aylık,1667.0,2026-05-22,3.1,0.803,10.5,7.8,4.2,19,5.3,1,6,38.1,3.82,1,1.8,1,3.6,297,1,0,1
STU100346,Mezun,Eşit Ağırlık,Tier 1 (Büyükşehir),Düşük,Aylık,1767.0,2026-07-01,1.8,0.842,14.7,13.8,3.3,1,30.6,1,4,52.0,1.84,1,2.0,1,3.9,298,0,0,0
STU101157,11. Sınıf,Sayısal,Tier 3,Yüksek,Aylık,1697.0,2025-10-12,10.4,0.627,11.6,6.9,4.0,7,45.8,0,20,41.9,-0.32,0,0.9,2,4.4,665,0,0,0
STU101382,12. Sınıf,Eşit Ağırlık,Tier 2,Yüksek,Aylık,1813.0,2026-02-11,6.4,0.615,13.4,8.8,5.4,13,16.8,6,13,33.2,4.02,3,2.4,0,3.6,298,0,0,1
STU100093,12. Sınıf,Sayısal,Tier 1 (Büyükşehir),Orta,3 Aylık,4706.0,2026-07-07,1.6,0.373,17.9,7.3,4.6,22,3.3,3,3,48.2,0.15,0,4.7,0,3.5,298,0,0,1
STU102891,Mezun,Eşit Ağırlık,Tier 3,Düşük,3 Aylık,4750.0,2026-05-07,3.6,0.441,16.2,7.9,4.1,24,18.0,2,7,41.9,-2.0,1,4.2,2,2.1,301,1,0,0
STU101778,12. Sınıf,Sayısal,Tier 2,Düşük,Yıllık,18135.0,2026-02-23,6.0,0.363,13.1,4.6,2.2,13,18.8,2,12,39.7,-3.68,1,1.7,1,4.6,298,0,0,0
STU102047,12. Sınıf,Eşit Ağırlık,Tier 1 (Büyükşehir),Orta,Aylık,1812.0,2026-02-20,6.1,0.384,9.2,3.9,4.6,8,30.7,3,9,42.0,-3.08,3,0.2,1,5.0,303,0,0,0
STU101404,11. Sınıf,Eşit Ağırlık,Tier 2,Orta,Yıllık,16186.0,2026-07-01,1.8,0.543,13.2,7.7,3.4,3,23.5,1,3,26.4,0.63,1,21.6,0,4.5,666,0,0,0
STU100289,11. Sınıf,Eşit Ağırlık,Tier 1 (Büyükşehir),Yüksek,Aylık,1893.0,2025-10-03,10.7,0.729,20.6,14.5,5.4,16,27.4,0,21,74.0,0.29,1,10.2,0,3.6,663,1,0,1
STU102626,12. Sınıf,Sayısal,Tier 3,Düşük,Aylık,1805.0,2026-01-14,7.3,0.82,13.7,10.4,4.4,80,11.3,1,22,35.9,-2.27,1,0.5,0,4.1,297,0,0,0
STU101694,12. Sınıf,Sözel,Tier 1 (Büyükşehir),Düşük,3 Aylık,5031.0,2025-11-14,9.3,0.646,15.0,10.5,4.9,19,67.0,4,19,49.7,-1.97,1,6.5,3,3.0,298,1,0,0
STU103199,Mezun,Eşit Ağırlık,Tier 2,Düşük,Yıllık,16341.0,2026-07-25,1.0,0.68,13.3,7.0,7.3,11,35.8,4,2,33.2,1.97,1,2.3,2,3.1,299,0,0,0
STU101929,12. Sınıf,Eşit Ağırlık,Tier 2,Orta,Aylık,1827.0,2026-03-04,5.7,0.515,12.5,7.6,5.1,3,15.4,2,11,37.4,-1.17,1,1.9,0,4.1,301,0,0,0
STU103416,12. Sınıf,Sayısal,Tier 2,Orta,3 Aylık,4976.0,2026-08-09,0.5,0.895,13.5,10.4,2.8,7,3.5,2,1,59.5,1.2,1,1.3,0,3.4,300,0,0,0
STU101234,11. Sınıf,Sözel,Tier 2,Orta,Yıllık,17114.0,2025-12-27,7.9,0.48,13.5,8.6,3.0,23,21.4,1,16,61.6,0.34,1,23.5,2,3.6,663,1,0,1
STU103129,Mezun,Eşit Ağırlık,Tier 1 (Büyükşehir),Yüksek,Aylık,1746.0,2026-05-07,3.6,0.55,17.6,7.1,4.3,19,30.4,0,9,52.2,0.49,3,1.4,1,4.4,298,1,0,0
STU102671,12. Sınıf,Eşit Ağırlık,Tier 2,Yüksek,Yıllık,17800.0,2026-01-26,6.9,0.613,10.2,6.9,5.0,14,17.1,1,9,58.3,-3.91,1,0.4,0,4.4,299,0,0,0
STU101986,11. Sınıf,Sözel,Tier 1 (Büyükşehir),Yüksek,Aylık,1723.0,2026-01-26,6.9,0.685,10.9,8.6,4.5,9,15.1,2,13,47.2,3.0,1,1.1,0,3.7,664,0,0,0
STU100630,Mezun,Eşit Ağırlık,Tier 2,Yüksek,3 Aylık,4481.0,2026-02-20,6.1,0.791,15.2,12.6,4.2,22,6.3,0,9,32.3,-2.39,0,6.1,0,2.7,302,0,0,0
STU101904,12. Sınıf,Eşit Ağırlık,Tier 1 (Büyükşehir),Orta,Yıllık,16913.0,2026-07-16,1.3,0.846,12.3,7.4,6.0,4,17.6,1,2,36.6,-5.53,1,0.8,0,5.0,298,0,0,0
STU100988,12. Sınıf,Sayısal,Tier 1 (Büyükşehir),Düşük,3 Aylık,4372.0,2026-05-22,3.1,0.627,17.5,11.5,6.1,43,19.9,1,5,60.2,-1.12,4,1.3,0,4.5,297,1,0,0
STU101687,12. Sınıf,Eşit Ağırlık,Tier 1 (Büyükşehir),Yüksek,Aylık,1806.0,2025-12-30,7.8,0.649,18.2,11.1,3.7,12,21.7,1,11,38.0,4.74,2,6.5,3,3.6,300,0,0,1
STU101126,12. Sınıf,Sözel,Tier 2,Yüksek,Aylık,1841.0,2026-04-10,4.5,0.595,10.6,6.1,4.7,6,12.7,2,8,44.4,-3.49,1,5.5,1,3.6,301,0,0,1
STU101092,12. Sınıf,Eşit Ağırlık,Tier 2,Orta,Aylık,1781.0,2025-12-03,8.7,0.219,16.4,4.3,3.6,6,16.6,5,18,51.9,0.7,2,2.2,1,2.3,298,0,0,0
STU101596,11. Sınıf,Eşit Ağırlık,Tier 1 (Büyükşehir),Düşük,3 Aylık,4957.0,2026-06-12,2.4,0.659,15.6,9.3,3.8,2,20.8,4,6,82.3,-3.04,1,1.8,1,4.3,667,0,0,0
STU101951,11. Sınıf,Eşit Ağırlık,Tier 2,Orta,3 Aylık,4696.0,2026-04-10,4.5,0.822,14.8,11.0,3.9,39,18.8,4,9,51.2,5.11,3,14.7,1,3.4,667,1,0,0
STU101982,Mezun,Sayısal,Tier 1 (Büyükşehir),Orta,3 Aylık,5031.0,2026-06-19,2.2,0.86,10.7,9.9,4.2,38,15.9,2,3,30.8,-0.35,1,0.1,0,4.0,297,1,0,0
STU103352,11. Sınıf,Eşit Ağırlık,Tier 3,Orta,3 Aylık,4949.0,2026-04-19,4.2,0.432,13.8,5.9,6.4,6,24.0,1,7,49.0,5.35,2,0.8,1,3.5,666,0,0,0
STU101850,11. Sınıf,Sözel,Tier 1 (Büyükşehir),Düşük,Aylık,1801.0,2025-08-12,12.4,0.857,13.3,11.0,3.5,43,16.0,1,34,51.2,4.0,1,4.5,1,3.6,663,0,0,1
STU100151,Mezun,Sayısal,Tier 1 (Büyükşehir),Düşük,3 Aylık,5152.0,2026-01-20,7.1,0.459,15.8,7.6,2.2,17,11.9,7,9,46.4,-1.46,6,1.0,1,3.0,299,1,0,0
STU103195,12. Sınıf,Sayısal,Tier 1 (Büyükşehir),Yüksek,Yıllık,17770.0,2025-10-18,10.2,0.99,12.2,13.5,3.8,0,27.7,0,9,54.3,-0.99,2,2.6,1,2.5,302,0,0,0
STU100073,11. Sınıf,Eşit Ağırlık,Tier 2,Düşük,3 Aylık,5104.0,2026-07-16,1.3,0.38,15.2,7.4,5.5,14,19.9,3,3,34.7,0.2,1,2.2,1,2.6,667,0,0,0
STU103385,12. Sınıf,Dil,Tier 1 (Büyükşehir),Yüksek,Aylık,1784.0,2026-02-14,6.3,0.7,11.7,9.5,2.4,19,53.3,2,15,67.2,-2.85,3,5.2,4,4.0,303,1,0,0
STU102954,12. Sınıf,Eşit Ağırlık,Tier 1 (Büyükşehir),Orta,3 Aylık,4789.0,2025-11-27,8.9,0.7,21.7,15.3,4.5,4,3.6,4,23,37.5,2.22,2,0.0,3,3.0,301,0,0,0
STU101952,Mezun,Eşit Ağırlık,Tier 1 (Büyükşehir),Yüksek,Aylık,1716.0,2026-07-19,1.2,0.809,15.6,14.7,2.1,25,9.3,5,3,54.4,-0.86,1,1.2,1,4.8,298,1,0,0
STU102148,Mezun,Eşit Ağırlık,Tier 2,Düşük,Aylık,1791.0,2026-03-04,5.7,0.787,8.6,9.0,5.4,9,47.9,3,15,71.5,0.59,3,3.1,1,4.6,302,0,1,0
STU103190,11. Sınıf,Eşit Ağırlık,Tier 1 (Büyükşehir),Yüksek,Yıllık,17163.0,2025-07-28,12.9,0.56,12.1,6.6,3.0,2,44.2,2,19,22.9,2.5,2,7.1,1,3.6,666,0,0,0
STU102557,11. Sınıf,Eşit Ağırlık,Tier 3,Yüksek,3 Aylık,4998.0,2025-07-31,12.8,0.31,15.6,4.5,4.2,6,35.1,3,20,38.9,1.54,4,6.7,1,3.5,667,1,0,1
STU100878,12. Sınıf,Sözel,Tier 3,Yüksek,Yıllık,18199.0,2026-06-19,2.2,0.651,16.8,7.9,5.5,6,3.6,3,5,37.9,-2.39,0,0.0,2,3.6,300,1,0,1
STU102788,Mezun,Sayısal,Tier 1 (Büyükşehir),Orta,Aylık,1729.0,2026-02-08,6.5,0.557,15.5,7.5,3.2,17,16.2,1,10,30.6,-3.51,2,0.8,0,2.4,298,1,0,0
STU101650,11. Sınıf,Eşit Ağırlık,Tier 3,Yüksek,Aylık,1638.0,2026-05-22,3.1,0.666,13.0,9.1,5.9,29,55.5,0,8,37.5,-2.33,1,5.9,2,4.0,663,1,0,0
STU101034,12. Sınıf,Eşit Ağırlık,Tier 1 (Büyükşehir),Orta,Aylık,1658.0,2026-02-14,6.3,0.99,12.0,11.7,2.8,7,11.6,0,15,35.0,2.55,3,2.4,0,2.8,301,1,0,0
STU101049,11. Sınıf,Sayısal,Tier 2,Yüksek,3 Aylık,4809.0,2025-11-17,9.2,0.834,16.0,16.9,4.7,6,29.6,2,23,53.3,-1.52,3,1.4,1,3.4,662,0,0,0
STU102333,11. Sınıf,Eşit Ağırlık,Tier 2,Düşük,3 Aylık,4822.0,2026-01-26,6.9,0.362,17.9,5.2,4.1,7,23.0,3,13,34.6,1.66,3,6.3,1,1.8,666,0,0,0
STU102304,12. Sınıf,Eşit Ağırlık,Tier 1 (Büyükşehir),Orta,Aylık,1877.0,2026-06-06,2.6,0.344,18.9,5.6,5.3,23,9.3,3,5,63.2,-0.5,1,0.5,0,4.7,300,0,0,0
STU101657,Mezun,Eşit Ağırlık,Tier 3,Düşük,3 Aylık,4960.0,2026-06-15,2.3,0.35,14.0,5.0,2.5,31,7.9,2,4,62.1,-0.52,2,6.7,1,4.5,299,0,0,0
STU101744,12. Sınıf,Eşit Ağırlık,Tier 1 (Büyükşehir),Orta,3 Aylık,4915.0,2026-02-05,6.6,0.596,13.8,8.0,5.4,4,37.2,0,14,62.9,-0.08,2,1.0,1,3.3,303,0,0,0
STU102037,11. Sınıf,Eşit Ağırlık,Tier 3,Orta,3 Aylık,4930.0,2026-07-31,0.8,0.639,17.8,12.8,4.7,1,13.3,0,2,51.3,3.01,1,1.7,1,3.0,663,0,0,0
STU102203,11. Sınıf,Sözel,Tier 2,Yüksek,Aylık,1767.0,2026-07-25,1.0,0.673,7.1,4.2,7.8,10,17.6,1,2,70.3,7.23,0,1.2,0,4.6,662,0,0,0
STU101541,11. Sınıf,Sayısal,Tier 2,Orta,Aylık,1772.0,2026-03-01,5.8,0.652,15.4,9.6,4.8,2,18.0,1,13,47.4,-1.52,0,1.9,1,2.5,662,0,0,0
STU102184,12. Sınıf,Eşit Ağırlık,Tier 1 (Büyükşehir),Yüksek,3 Aylık,5019.0,2026-06-22,2.1,0.733,9.5,5.6,4.6,17,19.6,1,4,50.7,1.41,2,0.7,1,3.3,300,1,0,0
STU101277,11. Sınıf,Sayısal,Tier 3,Yüksek,3 Aylık,4681.0,2026-04-06,4.6,0.99,11.1,10.9,3.9,19,35.8,2,8,49.0,-2.17,3,0.2,1,3.5,668,0,0,1
STU101634,Mezun,Sözel,Tier 1 (Büyükşehir),Yüksek,Aylık,1759.0,2026-08-06,0.6,0.652,15.4,11.2,6.0,2,25.1,2,1,46.7,-1.26,1,7.9,1,3.5,299,0,0,0
STU101792,11. Sınıf,Sözel,Tier 1 (Büyükşehir),Orta,Aylık,1814.0,2026-06-28,1.9,0.79,10.3,7.8,4.1,0,36.9,1,5,43.7,0.38,0,3.6,0,5.0,667,0,0,0
STU100971,11. Sınıf,Sayısal,Tier 1 (Büyükşehir),Yüksek,Aylık,1842.0,2026-05-16,3.3,0.836,7.0,6.1,5.5,8,57.7,1,8,58.1,-1.07,2,2.2,2,3.2,668,0,0,0
STU101448,12. Sınıf,Eşit Ağırlık,Tier 3,Orta,Aylık,1658.0,2025-08-30,11.8,0.645,11.1,6.4,2.3,1,37.1,1,24,33.1,-1.27,3,10.2,3,3.4,297,0,0,0
STU102730,11. Sınıf,Sözel,Tier 2,Orta,Aylık,1816.0,2026-01-11,7.4,0.766,11.7,8.9,6.6,2,17.3,3,16,52.8,-1.23,1,0.6,0,2.1,668,0,0,0
STU101797,12. Sınıf,Sayısal,Tier 1 (Büyükşehir),Düşük,3 Aylık,4171.0,2026-03-16,5.3,0.757,16.5,9.0,3.9,6,28.2,1,14,46.9,-3.23,0,6.1,1,4.5,297,1,1,0
STU102543,11. Sınıf,Dil,Tier 2,Düşük,3 Aylık,5262.0,2026-06-25,2.0,0.466,17.0,6.6,3.2,5,6.9,0,4,42.7,1.45,2,8.2,3,3.5,667,0,0,1
STU103183,11. Sınıf,Sözel,Tier 1 (Büyükşehir),Düşük,Aylık,1935.0,2026-03-13,5.4,0.736,11.6,7.4,5.3,16,57.1,0,14,55.6,1.37,1,0.3,3,3.6,666,1,0,1
STU103255,Mezun,Sayısal,Tier 1 (Büyükşehir),Orta,Aylık,1753.0,2026-07-13,1.4,0.847,17.1,15.6,2.6,22,3.1,1,2,63.1,1.81,1,5.4,3,3.3,297,0,0,0
STU100372,12. Sınıf,Sayısal,Tier 1 (Büyükşehir),Yüksek,3 Aylık,5158.0,2026-05-25,3.0,0.664,13.0,9.1,4.6,3,1.3,1,6,62.4,2.26,1,2.6,1,3.4,298,0,0,0
STU100133,12. Sınıf,Sayısal,Tier 3,Orta,Aylık,1882.0,2026-04-25,4.0,0.737,11.5,7.9,2.6,7,48.2,5,10,45.2,-2.59,2,0.2,0,4.3,300,0,0,0
STU101220,11. Sınıf,Eşit Ağırlık,Tier 2,Yüksek,Aylık,1825.0,2026-01-05,7.6,0.813,13.1,12.0,4.2,7,6.7,3,14,51.5,2.21,0,3.7,1,4.0,668,0,0,0
STU101440,11. Sınıf,Sözel,Tier 3,Orta,3 Aylık,4899.0,2025-11-02,9.7,0.558,12.2,7.3,5.7,34,20.7,3,21,52.6,0.98,0,0.8,0,3.0,665,0,0,0
STU100739,12. Sınıf,Eşit Ağırlık,Tier 1 (Büyükşehir),Düşük,Aylık,1948.0,2026-07-07,1.6,0.649,16.3,10.2,3.3,17,12.1,1,3,51.7,0.38,2,2.6,0,4.7,303,0,0,0
STU101124,12. Sınıf,Sayısal,Tier 2,Orta,Yıllık,17223.0,2026-03-04,5.7,0.792,7.8,6.9,4.6,31,64.0,3,13,46.3,2.4,1,0.7,3,4.2,297,0,0,0
STU101001,12. Sınıf,Eşit Ağırlık,Tier 1 (Büyükşehir),Düşük,Yıllık,16611.0,2025-05-01,15.8,0.441,15.2,6.4,3.7,6,18.2,4,28,56.4,-4.06,2,17.5,2,2.0,300,1,0,0
STU101342,12. Sınıf,Sayısal,Tier 2,Yüksek,3 Aylık,4886.0,2026-05-01,3.8,0.196,13.9,2.2,5.8,27,12.0,3,8,66.0,-1.53,3,0.3,0,3.5,298,0,0,0
STU102739,12. Sınıf,Eşit Ağırlık,Tier 1 (Büyükşehir),Yüksek,3 Aylık,4751.0,2026-08-06,0.6,0.653,14.1,11.2,5.1,0,10.2,5,1,48.7,2.69,1,1.6,0,3.9,303,0,0,0
STU103384,11. Sınıf,Dil,Tier 2,Orta,3 Aylık,4945.0,2026-04-25,4.0,0.781,18.6,16.9,2.4,13,27.4,2,9,34.6,0.31,1,7.1,1,4.8,663,0,0,0
STU103206,11. Sınıf,Sayısal,Tier 3,Orta,3 Aylık,4958.0,2026-02-02,6.7,0.754,8.2,9.0,7.2,32,13.7,2,10,49.7,2.05,3,15.1,3,4.1,665,0,1,0
STU101603,Mezun,Eşit Ağırlık,Tier 2,Düşük,Yıllık,15378.0,2025-11-17,9.2,0.832,19.1,18.3,3.8,6,10.2,3,14,47.2,-2.04,4,1.5,1,2.6,300,0,0,0
STU102099,11. Sınıf,Eşit Ağırlık,Tier 3,Orta,Yıllık,16930.0,2026-07-16,1.3,0.737,11.4,9.2,2.5,8,14.2,1,3,54.2,0.61,2,19.2,0,3.6,662,0,1,1
STU102628,12. Sınıf,Eşit Ağırlık,Tier 3,Orta,Yıllık,16075.0,2026-06-22,2.1,0.954,11.0,8.4,3.9,0,14.9,1,4,46.3,-1.4,4,6.0,0,3.6,300,0,0,1
STU100097,11. Sınıf,Sözel,Tier 1 (Büyükşehir),Orta,Aylık,1743.0,2026-04-25,4.0,0.514,12.7,7.3,4.2,13,25.7,3,8,65.4,3.24,4,24.5,2,3.5,667,1,0,0
STU100398,12. Sınıf,Sayısal,Tier 1 (Büyükşehir),Yüksek,Yıllık,17973.0,2026-06-12,2.4,0.534,16.4,8.8,3.4,14,43.9,1,6,35.5,0.71,1,0.4,2,1.9,298,1,0,0
STU101585,Mezun,Sayısal,Tier 1 (Büyükşehir),Düşük,Aylık,1726.0,2026-06-12,2.4,0.65,17.8,11.4,4.8,4,11.9,2,4,60.5,-2.64,3,0.3,0,3.6,299,1,0,1
STU102687,12. Sınıf,Sayısal,Tier 2,Düşük,Yıllık,16245.0,2025-10-06,10.6,0.715,11.6,8.7,5.1,22,10.6,4,18,64.7,2.39,1,4.4,1,4.2,298,0,0,0
STU102669,12. Sınıf,Eşit Ağırlık,Tier 1 (Büyükşehir),Yüksek,Yıllık,14841.0,2026-03-01,5.8,0.72,16.4,12.6,4.6,31,18.8,1,12,52.7,-1.22,2,2.3,0,3.6,298,1,0,1
STU100264,Mezun,Sayısal,Tier 2,Orta,3 Aylık,5231.0,2026-07-13,1.4,0.678,11.9,7.8,5.6,17,24.8,2,3,61.0,0.07,1,0.6,3,3.3,297,0,0,0
STU100327,12. Sınıf,Sayısal,Tier 1 (Büyükşehir),Orta,Aylık,1918.0,2026-06-28,1.9,0.909,18.5,15.4,5.3,3,21.6,2,5,56.8,2.14,3,0.1,1,4.1,300,0,0,0
STU103101,11. Sınıf,Sayısal,Tier 2,Düşük,3 Aylık,4945.0,2025-12-30,7.8,0.82,9.6,6.5,3.5,4,16.4,6,14,41.5,-1.76,2,0.3,0,3.5,662,0,0,1
STU100562,Mezun,Sayısal,Tier 2,Orta,Aylık,1764.0,2026-04-22,4.1,0.613,8.8,6.4,4.2,2,38.9,1,7,61.0,0.35,2,5.0,1,3.4,297,0,0,0
STU101367,11. Sınıf,Sayısal,Tier 2,Orta,3 Aylık,5161.0,2025-10-12,10.4,0.431,15.6,6.0,2.0,4,11.2,2,20,23.2,-2.19,2,0.9,1,4.3,668,0,0,0
STU102370,12. Sınıf,Eşit Ağırlık,Tier 2,Düşük,Yıllık,17921.0,2026-02-20,6.1,0.323,11.8,3.8,4.7,6,5.9,2,14,52.4,-0.33,1,1.6,1,5.0,300,0,0,0
STU102569,Mezun,Sayısal,Tier 2,Yüksek,3 Aylık,4450.0,2026-05-07,3.6,0.99,12.4,11.3,5.1,6,4.5,1,9,53.4,-0.92,0,11.4,1,3.5,297,0,0,1
STU102172,12. Sınıf,Sayısal,Tier 1 (Büyükşehir),Yüksek,Aylık,1779.0,2026-04-03,4.7,0.702,13.5,9.6,2.7,4,13.1,2,7,66.4,3.1,2,5.2,0,3.6,301,0,0,1
STU103097,12. Sınıf,Sayısal,Tier 2,Yüksek,Yıllık,15591.0,2026-03-01,5.8,0.973,15.1,9.2,2.5,14,24.0,1,10,41.1,-3.24,2,8.5,0,3.6,302,1,1,0
STU101353,12. Sınıf,Sayısal,Tier 2,Orta,Aylık,1684.0,2026-02-26,5.9,0.699,9.5,6.6,5.7,15,10.1,0,9,57.4,2.01,1,1.2,1,3.6,297,0,0,1
STU102539,12. Sınıf,Eşit Ağırlık,Tier 1 (Büyükşehir),Orta,Aylık,1762.0,2026-06-03,2.7,0.717,16.0,9.7,4.4,32,24.7,1,5,41.5,3.61,2,4.7,0,3.6,298,0,0,1
STU101065,Mezun,Eşit Ağırlık,Tier 1 (Büyükşehir),Düşük,Aylık,1820.0,2026-06-28,1.9,0.744,15.5,14.2,4.9,34,22.8,3,4,65.4,-0.61,1,6.5,2,3.6,303,0,0,0
STU103284,11. Sınıf,Eşit Ağırlık,Tier 1 (Büyükşehir),Yüksek,Aylık,1830.0,2025-11-30,8.8,0.786,16.8,12.8,4.9,38,24.4,4,15,62.0,2.49,0,5.9,1,4.1,665,0,0,0
STU100661,Mezun,Sayısal,Tier 1 (Büyükşehir),Düşük,Yıllık,16054.0,2026-07-25,1.0,0.346,12.4,4.1,2.5,2,26.8,2,3,64.6,-1.24,2,2.5,2,3.7,303,0,0,0
STU103040,12. Sınıf,Sözel,Tier 3,Orta,Aylık,1624.0,2025-07-03,13.7,0.813,21.8,13.7,1.4,9,42.6,1,23,43.9,-0.8,2,7.5,1,1.6,300,1,0,0
STU100156,12. Sınıf,Sayısal,Tier 2,Orta,Yıllık,17802.0,2026-08-09,0.5,0.981,17.1,16.4,4.2,3,11.3,1,1,50.4,2.84,1,0.6,1,5.0,300,0,0,0
STU102642,12. Sınıf,Sayısal,Tier 2,Yüksek,Yıllık,16644.0,2026-03-25,5.0,0.638,15.0,9.1,4.9,8,8.6,1,8,52.7,-1.69,1,0.2,1,5.0,299,0,0,0
STU102449,12. Sınıf,Eşit Ağırlık,Tier 1 (Büyükşehir),Düşük,Aylık,1986.0,2026-07-07,1.6,0.655,12.6,7.0,2.3,15,27.2,1,3,63.9,-0.31,1,7.0,2,3.0,299,1,0,0
STU101767,11. Sınıf,Sözel,Tier 2,Yüksek,Yıllık,17186.0,2025-12-18,8.2,0.751,15.6,11.5,7.2,1,9.9,1,18,51.4,-0.36,3,0.0,4,4.3,665,0,0,0
STU101480,12. Sınıf,Sözel,Tier 3,Düşük,Aylık,1898.0,2025-11-20,9.1,0.503,11.8,7.4,6.2,2,18.2,3,20,43.3,0.01,1,4.4,1,3.7,301,1,0,0
STU100824,Mezun,Sayısal,Tier 1 (Büyükşehir),Orta,Yıllık,17427.0,2026-06-03,2.7,0.99,9.7,10.1,6.0,22,3.8,2,5,69.6,-1.24,3,10.5,2,4.1,300,0,0,0
STU101529,11. Sınıf,Sayısal,Tier 2,Düşük,Aylık,1645.0,2026-08-09,0.5,0.508,15.0,7.1,3.6,5,15.0,2,1,38.6,-0.3,1,1.3,0,3.6,662,0,0,1
STU100061,12. Sınıf,Eşit Ağırlık,Tier 2,Orta,Aylık,1860.0,2025-10-12,10.4,0.631,9.0,5.9,3.8,6,5.3,1,25,72.3,0.24,2,2.1,0,2.7,303,0,0,0
STU103307,11. Sınıf,Dil,Tier 1 (Büyükşehir),Orta,Aylık,1789.0,2026-02-23,6.0,0.529,14.2,6.4,3.6,5,79.4,1,15,48.8,-2.13,1,0.9,0,3.6,668,1,0,1
STU101108,Mezun,Sayısal,Tier 1 (Büyükşehir),Düşük,3 Aylık,4843.0,2026-03-10,5.5,0.604,14.4,9.3,4.7,5,8.2,2,9,50.0,-1.44,4,4.2,2,4.0,297,0,0,0
STU101619,11. Sınıf,Eşit Ağırlık,Tier 1 (Büyükşehir),Düşük,3 Aylık,4523.0,2026-03-07,5.6,0.816,16.7,11.2,2.8,12,6.0,1,13,36.7,-1.31,2,3.4,1,3.6,665,0,0,0
STU102284,11. Sınıf,Sayısal,Tier 1 (Büyükşehir),Düşük,3 Aylık,5112.0,2026-06-22,2.1,0.99,13.0,12.3,3.9,17,4.3,1,3,60.5,1.42,1,0.9,1,2.5,662,0,0,0
STU103099,11. Sınıf,Sayısal,Tier 1 (Büyükşehir),Orta,Aylık,1779.0,2026-02-02,6.7,0.72,13.5,12.1,4.2,45,17.7,0,16,68.0,-0.7,3,0.9,2,4.9,668,1,0,0
STU101616,11. Sınıf,Eşit Ağırlık,Tier 1 (Büyükşehir),Orta,3 Aylık,5394.0,2026-05-04,3.7,0.784,12.9,9.0,3.3,0,46.9,2,10,55.7,-1.46,0,0.7,2,3.0,668,1,1,0
STU103343,11. Sınıf,Sayısal,Tier 3,Düşük,Yıllık,16160.0,2026-07-10,1.5,0.894,15.3,15.7,5.8,4,7.6,4,4,55.2,2.19,0,2.0,2,5.0,662,0,0,0
STU101891,Mezun,Sayısal,Tier 1 (Büyükşehir),Düşük,3 Aylık,4944.0,2026-01-05,7.6,0.483,16.6,7.3,2.7,2,23.3,0,17,53.2,-1.01,0,0.7,0,3.5,299,0,0,1
STU103112,12. Sınıf,Eşit Ağırlık,Tier 2,Orta,Aylık,1604.0,2026-01-23,7.0,0.723,14.2,8.6,2.2,9,23.7,4,18,60.3,-1.84,3,4.1,1,4.1,303,1,0,0
STU100760,12. Sınıf,Dil,Tier 1 (Büyükşehir),Orta,Aylık,1784.0,2026-06-06,2.6,0.729,15.0,10.9,4.7,13,6.0,1,7,41.7,-1.17,1,0.3,2,4.5,302,0,0,0
STU101373,Mezun,Eşit Ağırlık,Tier 1 (Büyükşehir),Yüksek,Aylık,1740.0,2026-03-28,4.9,0.632,13.0,6.7,4.5,29,52.6,2,8,58.5,-0.05,1,8.6,1,3.6,298,1,0,1
STU101990,11. Sınıf,Sayısal,Tier 2,Orta,Yıllık,17598.0,2026-05-13,3.4,0.741,20.6,15.7,3.3,5,25.4,1,8,37.6,-1.82,2,0.9,1,4.8,668,0,0,0
STU101881,12. Sınıf,Eşit Ağırlık,Tier 3,Orta,Yıllık,16622.0,2026-03-22,5.1,0.494,13.9,8.4,5.6,6,20.2,2,7,30.5,3.01,0,1.2,0,3.2,301,0,0,0
STU103029,12. Sınıf,Sayısal,Tier 3,Orta,3 Aylık,4921.0,2026-07-28,0.9,0.537,15.6,9.0,4.2,5,23.5,1,2,54.5,1.48,0,0.2,3,3.7,300,0,1,0
STU100142,Mezun,Sözel,Tier 2,Orta,3 Aylık,5095.0,2026-07-22,1.1,0.602,11.3,7.0,4.1,33,14.8,2,2,34.0,0.69,0,2.5,1,3.8,298,1,0,0
STU102401,Mezun,Sayısal,Tier 1 (Büyükşehir),Orta,3 Aylık,4667.0,2025-11-20,9.1,0.629,12.7,8.4,5.8,5,3.6,3,26,59.9,3.51,1,3.1,2,3.5,302,0,0,1
STU103235,11. Sınıf,Dil,Tier 1 (Büyükşehir),Orta,Aylık,1849.0,2026-05-04,3.7,0.567,17.5,8.4,4.0,9,10.9,0,7,77.2,0.96,1,10.4,2,4.7,662,1,0,0
STU102406,12. Sınıf,Eşit Ağırlık,Tier 3,Düşük,3 Aylık,5278.0,2026-03-22,5.1,0.847,16.3,12.6,5.1,22,21.3,2,11,74.7,-0.58,0,2.1,2,3.5,297,0,0,1
STU100355,12. Sınıf,Sayısal,Tier 1 (Büyükşehir),Yüksek,Aylık,1921.0,2025-12-30,7.8,0.66,13.9,8.9,3.2,8,29.3,1,19,45.4,1.1,2,2.1,1,2.0,302,0,0,0
STU100079,Mezun,Sayısal,Tier 2,Düşük,Yıllık,16205.0,2026-06-25,2.0,0.913,7.1,6.4,4.4,16,15.9,1,4,77.0,-0.22,1,0.7,2,3.6,297,0,0,0
STU102389,11. Sınıf,Sayısal,Tier 2,Orta,Aylık,1832.0,2026-05-13,3.4,0.751,12.7,8.6,5.3,2,14.5,4,10,52.1,-2.28,0,1.3,3,2.7,663,0,0,0
STU101523,Mezun,Eşit Ağırlık,Tier 2,Orta,Aylık,1920.0,2026-05-10,3.5,0.362,15.4,4.7,1.7,9,18.0,1,5,67.4,0.89,1,14.7,0,3.6,302,0,0,1
STU102706,Mezun,Sayısal,Tier 1 (Büyükşehir),Orta,3 Aylık,4522.0,2025-11-30,8.8,0.906,10.7,12.0,3.4,9,16.9,2,21,80.7,-1.55,0,6.0,1,3.5,302,0,0,1
STU102106,12. Sınıf,Sayısal,Tier 2,Düşük,Aylık,1858.0,2026-01-05,7.6,0.477,15.3,8.0,4.8,3,9.4,4,20,62.8,3.24,2,5.8,0,3.6,300,0,0,0
STU102021,11. Sınıf,Sayısal,Tier 2,Düşük,Yıllık,17904.0,2026-01-14,7.3,0.665,15.3,11.6,2.9,35,16.5,2,13,42.8,0.31,1,2.9,0,2.3,668,1,0,0
STU100676,Mezun,Eşit Ağırlık,Tier 1 (Büyükşehir),Yüksek,Aylık,1668.0,2026-01-26,6.9,0.765,17.3,10.0,3.3,5,15.9,5,8,59.8,2.5,2,3.7,1,4.0,300,0,0,0
STU103474,12. Sınıf,Eşit Ağırlık,Tier 1 (Büyükşehir),Orta,Aylık,1665.0,2026-03-19,5.2,0.853,17.5,14.1,5.8,1,7.2,3,11,51.3,0.04,1,1.0,2,5.0,299,0,0,0
STU100418,11. Sınıf,Eşit Ağırlık,Tier 3,Orta,3 Aylık,4418.0,2026-04-16,4.3,0.677,14.8,12.0,2.3,64,15.0,1,9,68.8,-3.43,4,0.7,0,3.3,667,1,0,0
STU101738,12. Sınıf,Eşit Ağırlık,Tier 1 (Büyükşehir),Düşük,3 Aylık,4969.0,2026-05-10,3.5,0.682,19.9,11.8,4.4,7,11.1,2,5,57.8,2.59,1,3.9,1,3.5,297,0,0,1
STU100245,Mezun,Eşit Ağırlık,Tier 2,Orta,Yıllık,16262.0,2025-10-03,10.7,0.578,12.0,7.1,5.8,2,12.2,5,24,45.7,-1.39,0,12.2,0,3.9,299,0,0,0
STU101693,12. Sınıf,Eşit Ağırlık,Tier 1 (Büyükşehir),Düşük,Aylık,1727.0,2025-11-20,9.1,0.915,7.0,7.4,5.1,18,3.0,1,24,68.6,1.17,2,0.9,2,4.6,302,0,0,0
STU102692,Mezun,Sayısal,Tier 3,Orta,3 Aylık,5016.0,2026-04-13,4.4,0.377,13.4,5.0,6.4,0,3.5,1,10,52.0,1.2,1,10.4,2,4.6,300,0,0,0
STU101456,11. Sınıf,Sözel,Tier 2,Düşük,Yıllık,16860.0,2026-02-23,6.0,0.756,18.7,12.3,3.2,2,56.0,2,12,54.6,2.5,1,4.8,0,3.2,666,0,0,0
STU100920,11. Sınıf,Sayısal,Tier 1 (Büyükşehir),Orta,3 Aylık,5054.0,2026-05-31,2.8,0.511,11.0,4.8,3.7,20,27.8,1,5,57.7,-1.0,0,6.0,1,4.9,662,0,0,0
STU101444,11. Sınıf,Eşit Ağırlık,Tier 1 (Büyükşehir),Orta,Yıllık,18161.0,2026-07-10,1.5,0.714,11.0,7.5,5.0,0,28.7,2,2,48.6,-1.8,0,2.5,1,3.6,663,0,0,1
STU100804,11. Sınıf,Sayısal,Tier 2,Orta,Aylık,1794.0,2026-06-22,2.1,0.621,17.7,8.1,2.3,2,11.3,3,4,59.1,-3.39,2,6.8,2,3.4,663,0,0,0
STU103373,11. Sınıf,Sayısal,Tier 1 (Büyükşehir),Yüksek,Aylık,1734.0,2026-04-06,4.6,0.575,14.1,7.9,4.0,17,16.0,3,9,26.9,-2.51,1,3.3,2,4.5,668,0,0,0
STU102329,12. Sınıf,Sözel,Tier 2,Yüksek,3 Aylık,4749.0,2026-07-10,1.5,0.441,6.7,3.3,3.4,18,20.0,9,3,50.5,0.3,3,13.4,2,3.9,297,1,0,0
STU101747,12. Sınıf,Sayısal,Tier 1 (Büyükşehir),Düşük,Yıllık,16953.0,2025-11-14,9.3,0.432,12.9,5.9,3.0,3,15.8,5,18,42.3,-2.19,1,1.8,2,3.9,300,0,0,0
STU100043,12. Sınıf,Sayısal,Tier 1 (Büyükşehir),Orta,Aylık,1860.0,2026-07-01,1.8,0.597,12.3,6.9,5.2,5,21.0,2,4,45.0,0.16,0,0.7,0,4.2,303,0,0,0
STU101810,11. Sınıf,Eşit Ağırlık,Tier 2,Yüksek,Yıllık,16334.0,2026-05-19,3.2,0.434,12.3,5.3,4.7,6,11.6,1,5,71.3,-2.95,1,2.0,1,4.8,666,0,0,0
STU100606,Mezun,Eşit Ağırlık,Tier 2,Düşük,3 Aylık,5191.0,2026-07-28,0.9,0.415,15.4,7.2,4.3,6,16.6,3,2,90.0,-0.06,2,11.0,5,3.5,303,0,0,1
STU102682,11. Sınıf,Sözel,Tier 2,Yüksek,Yıllık,15495.0,2026-03-07,5.6,0.816,15.8,13.1,4.3,3,7.2,4,8,45.5,-0.36,1,0.1,0,2.9,667,0,0,0
STU102660,Mezun,Eşit Ağırlık,Tier 2,Yüksek,Aylık,1905.0,2026-06-15,2.3,0.714,10.5,9.0,5.5,6,5.1,1,4,20.5,2.51,0,1.1,0,4.2,298,0,1,0
STU103488,11. Sınıf,Sayısal,Tier 2,Yüksek,Yıllık,16419.0,2026-05-07,3.6,0.99,17.4,19.3,4.9,6,7.1,1,7,49.2,1.19,1,1.3,1,3.7,666,0,0,0
STU100193,Mezun,Eşit Ağırlık,Tier 1 (Büyükşehir),Yüksek,3 Aylık,4895.0,2026-03-07,5.6,0.895,14.1,12.5,3.4,4,17.3,3,12,46.7,-0.71,1,6.3,1,3.0,300,1,0,0
STU102374,12. Sınıf,Sayısal,Tier 2,Yüksek,3 Aylık,5358.0,2026-07-04,1.7,0.75,19.2,13.8,2.7,6,16.7,2,3,55.2,2.46,3,1.8,3,3.5,297,0,0,1
STU101803,12. Sınıf,Sayısal,Tier 2,Düşük,Aylık,1850.0,2026-01-08,7.5,0.85,16.5,13.9,5.4,8,28.6,1,9,79.4,-2.56,0,4.1,1,4.5,298,0,0,0
STU101879,12. Sınıf,Sözel,Tier 1 (Büyükşehir),Yüksek,3 Aylık,4926.0,2026-06-25,2.0,0.789,14.6,9.6,5.2,2,5.8,1,5,67.0,1.16,2,0.9,1,3.4,303,0,0,0
STU100132,12. Sınıf,Eşit Ağırlık,Tier 1 (Büyükşehir),Düşük,Aylık,1871.0,2026-02-23,6.0,0.609,18.2,10.5,6.2,12,2.7,1,12,82.6,2.26,0,6.6,1,4.8,297,0,0,0
STU102930,12. Sınıf,Sayısal,Tier 2,Orta,Aylık,1860.0,2026-03-01,5.8,0.714,10.5,6.8,3.8,22,2.9,0,9,44.4,0.42,2,3.0,0,4.6,302,0,0,0
STU103427,Mezun,Sözel,Tier 1 (Büyükşehir),Yüksek,3 Aylık,4856.0,2026-05-25,3.0,0.773,14.3,10.4,2.2,28,29.7,3,8,34.1,3.55,0,2.8,2,4.4,299,1,0,0
STU103086,11. Sınıf,Sayısal,Tier 1 (Büyükşehir),Yüksek,3 Aylık,4536.0,2026-01-02,7.7,0.787,17.0,9.0,5.4,10,19.8,1,19,51.7,0.46,3,4.7,3,4.3,667,0,1,0
STU103238,12. Sınıf,Sözel,Tier 1 (Büyükşehir),Yüksek,Aylık,1618.0,2026-07-31,0.8,0.663,14.9,8.6,3.6,19,27.4,2,2,61.8,4.69,1,0.6,0,2.9,301,0,0,0
STU100970,11. Sınıf,Sözel,Tier 1 (Büyükşehir),Yüksek,3 Aylık,4850.0,2026-04-16,4.3,0.99,16.7,18.8,3.1,1,24.2,2,11,58.5,-1.62,3,11.3,0,4.4,668,0,0,0
STU100707,Mezun,Sayısal,Tier 3,Orta,3 Aylık,5289.0,2026-01-20,7.1,0.697,14.7,9.0,4.6,8,2.5,1,16,54.5,-1.84,2,1.0,1,5.0,300,0,1,0
STU102439,Mezun,Sözel,Tier 3,Yüksek,Aylık,1732.0,2025-11-30,8.8,0.692,13.9,7.1,2.6,28,1.6,3,19,43.0,0.74,0,0.1,1,3.7,298,0,0,0
STU101210,Mezun,Sözel,Tier 1 (Büyükşehir),Düşük,Aylık,1616.0,2026-07-31,0.8,0.74,18.4,14.7,4.4,3,4.9,4,1,65.0,-1.66,0,0.0,2,3.6,300,0,0,1
STU100252,12. Sınıf,Eşit Ağırlık,Tier 1 (Büyükşehir),Yüksek,Yıllık,17486.0,2026-05-31,2.8,0.615,15.3,8.3,3.3,37,10.8,2,5,34.9,0.94,1,0.2,1,3.1,303,1,0,0
STU101048,Mezun,Eşit Ağırlık,Tier 1 (Büyükşehir),Yüksek,3 Aylık,5014.0,2026-02-02,6.7,0.838,17.1,13.8,4.6,0,6.3,1,16,48.0,0.54,0,3.9,0,3.8,303,0,0,0
STU102041,Mezun,Eşit Ağırlık,Tier 2,Düşük,Aylık,1805.0,2025-09-21,11.1,0.625,15.8,10.5,5.2,4,24.5,2,25,56.1,-3.53,1,2.5,1,3.6,297,0,0,1
STU102136,12. Sınıf,Sayısal,Tier 2,Orta,3 Aylık,4833.0,2026-02-05,6.6,0.651,17.6,14.7,6.3,9,4.4,1,14,47.8,-0.48,2,5.3,3,3.9,297,0,0,0
STU100924,11. Sınıf,Eşit Ağırlık,Tier 1 (Büyükşehir),Yüksek,Yıllık,16067.0,2025-10-30,9.8,0.465,8.7,3.9,4.6,2,14.8,4,23,56.0,0.73,1,2.6,0,2.5,662,0,0,0
STU103221,Mezun,Sayısal,Tier 3,Yüksek,3 Aylık,4697.0,2026-06-22,2.1,0.639,15.0,9.0,3.9,1,23.9,1,6,50.7,1.49,3,1.5,1,4.5,302,0,1,0
STU100108,11. Sınıf,Sayısal,Tier 3,Orta,Aylık,1951.0,2026-05-19,3.2,0.89,15.7,13.2,3.8,63,22.8,0,5,53.0,0.95,3,9.5,0,5.0,668,1,0,0
STU100021,12. Sınıf,Sözel,Tier 1 (Büyükşehir),Yüksek,Yıllık,14346.0,2026-04-16,4.3,0.536,16.3,8.9,5.4,2,40.5,1,7,63.9,0.86,2,5.2,0,4.1,301,0,0,0
STU101745,12. Sınıf,Eşit Ağırlık,Tier 1 (Büyükşehir),Orta,Aylık,1688.0,2026-03-07,5.6,0.711,8.1,6.1,3.5,6,16.2,5,11,45.3,-0.67,3,6.4,2,3.2,298,0,0,0
STU101462,11. Sınıf,Eşit Ağırlık,Tier 1 (Büyükşehir),Orta,3 Aylık,4968.0,2026-02-17,6.2,0.607,14.7,9.9,4.7,11,35.2,2,11,47.5,1.13,3,6.9,0,3.1,667,1,0,0
STU103140,12. Sınıf,Sayısal,Tier 1 (Büyükşehir),Yüksek,Aylık,1822.0,2026-05-25,3.0,0.607,12.4,7.1,5.4,4,8.8,3,6,52.5,3.64,0,2.9,2,3.9,299,0,0,0
STU103216,12. Sınıf,Eşit Ağırlık,Tier 2,Yüksek,3 Aylık,4989.0,2026-07-04,1.7,0.576,15.1,7.3,6.0,20,22.6,0,3,40.8,1.26,1,5.3,2,4.6,300,0,0,0
STU103378,12. Sınıf,Eşit Ağırlık,Tier 2,Orta,3 Aylık,5372.0,2026-06-15,2.3,0.854,16.9,15.6,5.4,1,12.4,1,6,65.8,-1.21,0,2.9,2,3.5,301,0,0,1
STU100124,11. Sınıf,Eşit Ağırlık,Tier 1 (Büyükşehir),Yüksek,Aylık,1750.0,2026-03-22,5.1,0.788,13.0,12.0,6.6,12,6.7,2,9,50.9,2.44,2,3.6,0,4.2,662,1,0,0
STU101976,12. Sınıf,Sayısal,Tier 3,Yüksek,Aylık,1716.0,2026-07-04,1.7,0.847,15.3,11.7,3.5,28,55.1,3,4,57.2,1.32,0,1.0,1,3.5,303,0,0,0
STU100516,12. Sınıf,Sayısal,Tier 1 (Büyükşehir),Düşük,Yıllık,16771.0,2025-09-08,11.5,0.518,15.9,6.2,3.5,0,8.5,2,32,36.0,6.53,4,22.2,1,4.1,301,1,0,0
STU100312,11. Sınıf,Eşit Ağırlık,Tier 1 (Büyükşehir),Yüksek,Aylık,1860.0,2026-04-28,3.9,0.652,12.9,8.2,5.0,5,11.4,2,7,71.8,3.45,2,4.9,1,3.3,666,0,0,0
STU101329,11. Sınıf,Sözel,Tier 2,Düşük,3 Aylık,4475.0,2026-06-19,2.2,0.5,12.5,6.7,5.9,3,18.6,2,5,50.2,2.21,4,5.4,2,3.8,667,0,0,0
STU100490,12. Sınıf,Dil,Tier 2,Orta,Yıllık,15671.0,2026-08-09,0.5,0.532,10.6,5.2,2.5,6,50.9,3,1,57.3,3.97,1,11.6,1,3.8,299,0,0,0
STU100089,12. Sınıf,Sayısal,Tier 2,Orta,Aylık,1712.0,2025-12-30,7.8,0.567,17.3,9.9,4.6,28,52.8,3,20,43.9,-0.66,2,1.8,3,3.6,303,1,0,1
STU103059,11. Sınıf,Sayısal,Tier 3,Yüksek,Yıllık,16942.0,2025-12-18,8.2,0.645,15.6,10.3,5.3,35,15.1,1,17,69.5,2.28,2,3.6,3,3.6,666,0,0,1
STU100984,11. Sınıf,Sözel,Tier 2,Düşük,3 Aylık,4563.0,2026-05-10,3.5,0.42,14.0,5.7,4.5,1,9.0,2,8,55.2,3.47,3,4.7,0,3.7,666,0,0,0
STU101983,11. Sınıf,Sayısal,Tier 1 (Büyükşehir),Orta,Yıllık,16299.0,2026-03-10,5.5,0.658,14.3,9.3,5.9,12,1.8,2,11,60.2,2.86,0,0.2,2,2.3,662,0,0,0
STU101706,11. Sınıf,Sayısal,Tier 2,Orta,Aylık,1768.0,2026-01-26,6.9,0.627,12.4,9.6,2.5,27,2.5,2,14,37.2,4.79,1,1.3,0,4.3,668,0,0,0
STU100600,12. Sınıf,Sayısal,Tier 2,Orta,Yıllık,17347.0,2026-06-03,2.7,0.815,13.2,9.1,4.7,5,13.5,3,8,55.3,-0.1,0,2.8,0,3.6,298,1,0,1
STU102253,12. Sınıf,Sözel,Tier 3,Yüksek,3 Aylık,5320.0,2026-05-28,2.9,0.683,17.1,11.6,2.8,1,17.0,2,7,48.3,-0.2,5,0.5,0,3.5,298,0,0,1
STU100712,Mezun,Eşit Ağırlık,Tier 1 (Büyükşehir),Yüksek,Aylık,1975.0,2025-10-12,10.4,0.944,19.2,13.5,5.1,1,2.5,2,19,49.4,0.56,0,0.5,1,4.3,297,0,0,0
STU103293,12. Sınıf,Eşit Ağırlık,Tier 2,Orta,Aylık,1758.0,2025-12-24,8.0,0.845,14.1,13.7,4.5,12,12.6,0,15,62.8,-4.95,2,3.7,0,3.6,302,1,0,1
STU100679,12. Sınıf,Sözel,Tier 1 (Büyükşehir),Yüksek,Yıllık,16528.0,2026-01-23,7.0,0.751,8.9,6.9,6.1,2,24.2,2,12,46.2,-1.17,1,2.2,1,4.4,300,0,0,0
STU101131,12. Sınıf,Eşit Ağırlık,Tier 2,Orta,Yıllık,17620.0,2026-01-14,7.3,0.586,15.0,8.6,6.6,17,8.1,3,17,69.0,-1.43,1,5.2,1,5.0,301,0,0,0
STU100302,12. Sınıf,Sayısal,Tier 1 (Büyükşehir),Orta,Yıllık,15498.0,2026-07-19,1.2,0.635,10.0,6.6,5.1,2,14.2,2,3,45.8,3.08,2,0.1,2,2.9,299,0,0,0
STU102426,11. Sınıf,Sözel,Tier 1 (Büyükşehir),Yüksek,Aylık,1802.0,2025-10-09,10.5,0.539,12.1,6.0,4.5,6,21.4,1,25,54.1,0.99,1,0.7,1,3.3,665,0,0,0
STU101691,Mezun,Eşit Ağırlık,Tier 1 (Büyükşehir),Düşük,Aylık,1742.0,2026-06-09,2.5,0.459,8.4,3.9,3.6,5,17.8,7,5,34.8,1.9,2,0.6,2,3.0,301,0,0,0
STU101278,Mezun,Sayısal,Tier 1 (Büyükşehir),Yüksek,Yıllık,18382.0,2026-02-23,6.0,0.687,15.3,11.9,3.3,7,12.7,2,10,47.3,1.57,2,17.0,0,3.1,300,0,0,0
STU101573,Mezun,Eşit Ağırlık,Tier 2,Orta,Aylık,1843.0,2026-04-19,4.2,0.652,11.2,6.0,5.2,5,2.1,0,8,50.6,5.62,2,13.7,2,3.1,298,0,0,0
STU102592,12. Sınıf,Eşit Ağırlık,Tier 2,Orta,Yıllık,17779.0,2026-03-04,5.7,0.647,16.0,10.9,5.8,13,31.8,0,10,54.5,0.25,2,0.5,1,3.5,301,0,0,0
STU103483,12. Sınıf,Sözel,Tier 2,Orta,3 Aylık,4748.0,2025-12-27,7.9,0.572,16.0,8.9,2.4,10,16.7,3,16,68.2,0.54,0,12.0,0,5.0,297,0,0,0
STU100096,12. Sınıf,Sözel,Tier 3,Orta,3 Aylık,4769.0,2026-05-25,3.0,0.423,15.6,6.3,3.5,26,19.7,3,6,28.5,1.24,0,4.7,1,3.4,301,0,0,0
STU102575,12. Sınıf,Eşit Ağırlık,Tier 2,Orta,3 Aylık,4717.0,2026-02-05,6.6,0.667,10.1,6.1,4.3,2,14.1,0,13,43.8,2.45,2,0.6,4,3.0,302,0,0,0
STU100989,Mezun,Eşit Ağırlık,Tier 2,Düşük,Yıllık,17374.0,2026-06-12,2.4,0.763,9.4,7.4,4.3,3,22.5,0,4,34.9,-3.39,2,4.2,1,2.1,300,0,0,0
STU102429,Mezun,Sayısal,Tier 1 (Büyükşehir),Yüksek,Yıllık,17418.0,2026-02-23,6.0,0.639,16.1,11.6,4.5,7,9.2,0,6,50.9,0.77,0,3.1,0,3.7,297,0,0,0
STU101680,12. Sınıf,Eşit Ağırlık,Tier 2,Düşük,Aylık,1879.0,2026-06-03,2.7,0.796,15.2,12.7,3.7,57,19.6,2,6,52.0,0.93,0,1.0,3,3.1,301,0,0,0
STU102056,Mezun,Sayısal,Tier 2,Düşük,3 Aylık,4736.0,2025-09-27,10.9,0.495,19.4,11.0,3.7,28,51.7,1,22,62.4,-1.31,1,1.2,1,3.5,302,0,0,1
STU101104,11. Sınıf,Eşit Ağırlık,Tier 2,Yüksek,3 Aylık,5029.0,2026-03-19,5.2,0.909,19.6,16.2,3.7,10,31.5,0,12,18.9,3.12,0,1.4,2,3.5,667,0,0,1
STU101621,12. Sınıf,Sayısal,Tier 2,Yüksek,3 Aylık,4821.0,2026-01-17,7.2,0.607,19.5,14.3,4.0,4,28.2,1,16,38.1,-0.91,2,0.3,1,4.0,301,0,0,0
STU102970,12. Sınıf,Sayısal,Tier 1 (Büyükşehir),Yüksek,3 Aylık,5147.0,2026-05-07,3.6,0.611,11.8,6.5,5.3,1,6.3,3,9,49.6,1.97,0,6.5,0,2.1,299,0,0,0
STU102320,11. Sınıf,Eşit Ağırlık,Tier 1 (Büyükşehir),Orta,3 Aylık,4833.0,2025-09-27,10.9,0.899,14.6,9.0,2.4,0,9.7,2,12,57.0,0.05,3,12.5,3,3.1,664,0,1,0
STU103036,12. Sınıf,Sayısal,Tier 3,Orta,Yıllık,17707.0,2026-04-13,4.4,0.689,11.3,8.7,4.0,18,11.7,2,11,43.2,-2.74,2,2.1,1,2.3,303,0,0,0
STU103476,Mezun,Sözel,Tier 2,Düşük,3 Aylık,5207.0,2026-01-30,6.8,0.653,12.3,7.6,4.2,15,10.2,3,20,50.6,-3.67,7,7.9,1,2.6,297,0,0,0
STU100575,12. Sınıf,Sayısal,Tier 1 (Büyükşehir),Düşük,Yıllık,16024.0,2026-06-12,2.4,0.446,15.7,8.6,4.6,19,12.8,1,4,31.8,1.17,0,1.2,0,2.9,298,0,0,0
STU102405,11. Sınıf,Sözel,Tier 1 (Büyükşehir),Orta,3 Aylık,4833.0,2025-11-27,8.9,0.773,11.6,10.6,2.2,4,48.2,3,13,46.5,-1.54,1,7.8,1,3.3,664,1,0,0
STU102718,11. Sınıf,Sayısal,Tier 3,Orta,Yıllık,17799.0,2026-07-04,1.7,0.7,17.5,10.0,5.0,16,10.7,4,3,54.6,1.62,1,2.9,2,2.5,666,0,0,0
STU100031,Mezun,Sayısal,Tier 3,Yüksek,Aylık,1772.0,2025-07-07,13.6,0.49,15.6,8.5,3.4,10,5.6,0,32,33.8,-1.34,1,10.6,1,5.0,303,1,0,0
STU100007,Mezun,Sözel,Tier 1 (Büyükşehir),Yüksek,Aylık,1839.0,2026-03-28,4.9,0.931,15.9,14.7,4.5,9,48.6,2,11,36.3,-6.25,0,1.0,1,2.4,301,1,0,0
STU102845,12. Sınıf,Eşit Ağırlık,Tier 2,Orta,3 Aylık,4846.0,2026-02-02,6.7,0.55,10.7,6.0,3.9,10,26.9,3,12,51.8,0.63,2,1.4,1,3.0,302,0,0,0
STU101955,Mezun,Eşit Ağırlık,Tier 3,Düşük,Aylık,1711.0,2026-04-06,4.6,0.696,11.2,7.2,5.7,8,15.2,1,11,35.5,2.42,1,4.7,0,2.4,297,0,0,0
STU102586,12. Sınıf,Eşit Ağırlık,Tier 2,Düşük,Aylık,1655.0,2026-06-15,2.3,0.68,17.1,13.0,3.5,2,8.6,3,3,60.8,-0.02,3,0.2,1,2.4,302,0,0,0
STU102308,12. Sınıf,Sayısal,Tier 3,Düşük,Aylık,1773.0,2026-05-07,3.6,0.571,15.0,6.8,5.7,5,23.4,1,5,62.6,2.33,2,2.6,2,2.2,300,0,0,0
STU101526,12. Sınıf,Eşit Ağırlık,Tier 1 (Büyükşehir),Orta,Yıllık,16990.0,2025-12-03,8.7,0.454,9.9,4.8,2.7,8,41.4,0,14,50.4,-0.92,3,0.1,2,4.1,297,0,0,0
STU100855,12. Sınıf,Eşit Ağırlık,Tier 1 (Büyükşehir),Orta,3 Aylık,4696.0,2026-03-04,5.7,0.686,17.3,9.8,4.7,8,52.0,1,13,40.4,-0.52,2,2.3,0,3.2,303,0,0,0
STU102947,Mezun,Eşit Ağırlık,Tier 1 (Büyükşehir),Düşük,Aylık,1788.0,2025-06-12,14.4,0.399,14.9,5.8,2.6,11,9.8,4,31,71.6,0.63,2,7.1,3,2.7,302,1,0,0
STU103176,Mezun,Eşit Ağırlık,Tier 2,Orta,Aylık,1881.0,2026-01-26,6.9,0.584,15.9,10.0,4.8,5,9.1,1,14,35.4,4.04,1,1.8,0,4.4,299,0,0,0
STU102026,Mezun,Sayısal,Tier 1 (Büyükşehir),Yüksek,3 Aylık,5324.0,2026-05-22,3.1,0.673,14.4,10.6,4.1,4,20.3,0,7,32.1,0.74,2,2.1,3,3.4,302,0,0,0
STU100861,12. Sınıf,Eşit Ağırlık,Tier 2,Düşük,Aylık,1755.0,2026-01-17,7.2,0.888,13.9,11.4,0.0,3,16.7,1,17,68.5,-1.51,2,7.9,0,3.7,300,1,0,0
STU102648,12. Sınıf,Sözel,Tier 1 (Büyükşehir),Düşük,Aylık,1812.0,2026-01-02,7.7,0.604,10.4,5.3,4.1,22,24.0,4,12,45.4,-0.85,1,1.8,0,3.6,298,0,0,1
STU101654,Mezun,Sayısal,Tier 2,Düşük,Aylık,1793.0,2026-04-03,4.7,0.827,16.2,11.4,3.9,10,25.1,1,10,39.8,-0.14,2,15.4,1,4.6,300,0,0,0
STU101536,Mezun,Sözel,Tier 1 (Büyükşehir),Orta,Aylık,1757.0,2025-10-24,10.0,0.907,13.1,13.6,2.8,8,17.1,4,22,59.4,0.33,1,0.8,0,3.4,300,0,0,0
STU102797,12. Sınıf,Eşit Ağırlık,Tier 3,Düşük,Aylık,1747.0,2026-07-13,1.4,0.475,7.2,3.3,4.5,8,30.5,2,3,47.7,0.59,3,6.2,1,3.5,300,1,0,0
STU101024,12. Sınıf,Eşit Ağırlık,Tier 3,Yüksek,Aylık,1765.0,2026-06-22,2.1,0.539,15.2,8.4,2.8,34,9.9,4,4,48.5,-3.09,0,0.1,1,3.6,300,1,0,1
STU102601,12. Sınıf,Sayısal,Tier 3,Orta,Aylık,1742.0,2026-05-07,3.6,0.647,11.0,6.9,4.7,0,17.3,0,9,69.1,-0.21,1,1.1,1,4.6,298,0,0,0
STU101271,12. Sınıf,Sayısal,Tier 1 (Büyükşehir),Orta,Aylık,1756.0,2026-05-22,3.1,0.571,15.9,9.7,3.2,9,26.3,1,7,56.9,-0.06,2,7.3,2,2.9,302,0,0,0
STU102808,11. Sınıf,Sayısal,Tier 1 (Büyükşehir),Orta,Aylık,1778.0,2026-02-11,6.4,0.645,14.7,11.8,4.6,5,56.5,2,11,63.0,-2.14,0,7.3,3,4.2,666,1,0,0
STU100907,11. Sınıf,Sayısal,Tier 2,Düşük,Yıllık,15513.0,2025-07-16,13.3,0.163,22.7,3.8,1.6,31,7.1,2,33,50.7,1.9,1,18.7,2,3.6,665,1,0,1
STU103388,12. Sınıf,Eşit Ağırlık,Tier 2,Düşük,Aylık,1729.0,2026-07-04,1.7,0.809,16.0,14.9,4.8,27,23.4,2,3,36.5,-0.2,3,4.1,1,3.3,303,0,0,0
STU101907,11. Sınıf,Sayısal,Tier 3,Orta,Yıllık,15873.0,2026-02-05,6.6,0.746,13.0,9.6,3.8,2,11.5,1,13,65.6,3.08,0,11.7,2,3.2,663,0,0,0
STU103453,11. Sınıf,Eşit Ağırlık,Tier 1 (Büyükşehir),Düşük,Aylık,1680.0,2026-05-22,3.1,0.729,10.8,9.8,4.0,9,39.9,0,6,66.7,-0.13,3,0.7,0,3.7,664,0,0,0
STU102857,12. Sınıf,Dil,Tier 2,Orta,3 Aylık,5036.0,2026-03-01,5.8,0.855,21.1,18.1,4.0,16,6.7,0,12,37.5,-0.42,0,1.6,2,4.9,298,0,0,0
STU102417,12. Sınıf,Sözel,Tier 1 (Büyükşehir),Orta,3 Aylık,4787.0,2026-01-17,7.2,0.766,13.1,12.5,3.6,16,35.0,1,18,54.8,4.9,0,0.3,1,3.7,297,0,0,0
STU101305,Mezun,Eşit Ağırlık,Tier 3,Yüksek,Aylık,1778.0,2026-03-10,5.5,0.685,14.2,10.4,4.7,5,33.0,2,10,34.1,1.14,3,12.0,4,3.5,303,0,0,0
STU100281,11. Sınıf,Sözel,Tier 1 (Büyükşehir),Düşük,Aylık,1764.0,2026-01-02,7.7,0.577,12.1,7.5,4.3,25,53.5,4,11,31.3,1.29,0,3.9,1,2.6,666,1,0,0
STU103072,Mezun,Eşit Ağırlık,Tier 3,Orta,Aylık,1705.0,2026-06-22,2.1,0.681,16.7,10.3,5.6,4,5.5,1,4,43.1,0.65,2,5.5,2,3.7,300,0,0,0
STU103435,12. Sınıf,Eşit Ağırlık,Tier 1 (Büyükşehir),Düşük,Yıllık,15387.0,2026-07-07,1.6,0.896,14.5,14.7,3.5,11,13.2,0,3,34.9,-0.04,0,4.9,0,2.8,299,1,0,0
STU102944,12. Sınıf,Sayısal,Tier 2,Orta,Aylık,1718.0,2026-06-19,2.2,0.876,15.1,8.2,6.0,8,34.2,2,4,57.3,0.61,2,1.0,0,2.4,302,0,0,0
STU102283,12. Sınıf,Sözel,Tier 2,Orta,Aylık,1837.0,2026-01-02,7.7,0.384,7.9,3.4,4.0,0,2.9,0,15,37.0,-0.66,0,9.9,1,3.6,299,0,0,1
STU101040,11. Sınıf,Sayısal,Tier 1 (Büyükşehir),Düşük,Aylık,1729.0,2026-07-10,1.5,0.443,12.8,4.7,2.2,22,34.6,3,4,36.4,0.92,3,0.2,1,2.3,668,1,0,0
STU102938,11. Sınıf,Sözel,Tier 3,Orta,3 Aylık,4599.0,2025-02-23,18.0,0.718,17.1,12.1,4.6,3,3.9,1,36,49.4,0.84,3,8.2,2,3.7,668,0,0,0
STU100069,12. Sınıf,Sayısal,Tier 2,Orta,3 Aylık,5220.0,2026-04-22,4.1,0.846,16.6,14.5,2.8,13,2.4,1,7,77.1,0.4,0,5.3,2,3.5,298,1,0,1
STU101663,11. Sınıf,Sayısal,Tier 2,Düşük,Yıllık,16849.0,2025-12-03,8.7,0.652,15.1,8.5,3.3,25,2.2,2,22,45.3,-2.04,1,1.4,2,3.2,668,1,0,0
STU102107,Mezun,Eşit Ağırlık,Tier 3,Düşük,Aylık,1813.0,2026-07-16,1.3,0.68,12.8,9.3,3.2,26,36.3,4,3,83.5,1.3,3,5.5,2,3.4,299,1,0,0
STU102553,Mezun,Sayısal,Tier 1 (Büyükşehir),Orta,Aylık,1772.0,2026-05-22,3.1,0.849,11.1,9.8,5.9,2,11.5,2,7,65.7,0.35,1,0.1,1,4.2,297,0,0,0
STU101791,12. Sınıf,Eşit Ağırlık,Tier 1 (Büyükşehir),Orta,Yıllık,17631.0,2025-11-05,9.6,0.632,11.3,7.0,3.2,2,22.8,2,20,67.1,-0.63,0,4.9,0,4.8,298,0,0,0
STU102767,12. Sınıf,Sözel,Tier 2,Yüksek,3 Aylık,4873.0,2026-01-02,7.7,0.774,13.3,12.6,2.8,2,51.9,1,11,50.9,2.55,3,0.8,1,2.3,301,1,0,0
STU100857,Mezun,Sayısal,Tier 2,Düşük,Aylık,1739.0,2026-07-10,1.5,0.588,13.6,8.1,4.1,7,8.7,6,3,30.3,-0.32,3,8.1,2,4.6,303,0,0,0
STU101386,12. Sınıf,Sayısal,Tier 1 (Büyükşehir),Orta,Yıllık,14385.0,2025-11-08,9.5,0.625,14.7,9.2,4.2,20,26.3,5,17,51.7,2.05,1,1.9,1,2.6,302,0,0,0
STU100749,Mezun,Sözel,Tier 1 (Büyükşehir),Yüksek,Yıllık,16411.0,2026-01-20,7.1,0.776,21.2,13.4,4.5,10,21.9,3,9,56.7,-1.1,2,2.4,0,3.6,303,0,0,1
STU100848,11. Sınıf,Eşit Ağırlık,Tier 3,Düşük,Aylık,1874.0,2026-06-03,2.7,0.64,15.0,11.3,4.2,12,9.7,2,6,62.4,-1.19,0,8.5,1,3.6,664,0,0,1
STU102292,12. Sınıf,Sayısal,Tier 2,Orta,3 Aylık,4762.0,2026-04-03,4.7,0.518,15.2,8.6,4.2,1,17.0,3,8,61.8,-4.04,0,3.1,1,1.6,302,0,0,0
STU102201,Mezun,Sayısal,Tier 1 (Büyükşehir),Yüksek,Yıllık,16765.0,2025-09-30,10.8,0.683,13.8,10.4,1.7,3,9.2,6,16,37.0,-3.29,3,0.8,5,2.3,302,0,0,0
STU101460,Mezun,Sayısal,Tier 2,Orta,Yıllık,18407.0,2026-03-25,5.0,0.766,13.4,9.5,3.4,8,28.1,6,7,50.3,-2.74,1,2.9,2,3.4,299,0,0,0
STU100934,Mezun,Eşit Ağırlık,Tier 2,Orta,3 Aylık,4752.0,2026-04-10,4.5,0.622,13.2,6.9,6.6,10,10.4,1,8,27.7,3.31,2,0.1,1,3.5,300,0,0,1
STU100719,Mezun,Eşit Ağırlık,Tier 1 (Büyükşehir),Düşük,Aylık,1908.0,2026-02-05,6.6,0.955,15.4,17.709999999999997,6.3,5,10.8,4,12,54.8,-0.93,2,0.9,1,4.3,299,0,0,0
STU101758,Mezun,Eşit Ağırlık,Tier 1 (Büyükşehir),Düşük,Aylık,1789.0,2026-03-04,5.7,0.577,17.8,9.2,6.2,8,23.0,3,14,56.1,1.77,3,10.0,2,3.6,301,1,0,1
STU101177,12. Sınıf,Sayısal,Tier 1 (Büyükşehir),Düşük,3 Aylık,4889.0,2026-08-09,0.5,0.625,18.3,9.8,4.9,34,15.7,1,1,58.2,1.49,1,2.9,4,3.0,301,0,0,0
STU101813,11. Sınıf,Eşit Ağırlık,Tier 3,Yüksek,Yıllık,16225.0,2026-01-23,7.0,0.821,11.8,11.4,3.4,17,0.2,3,17,55.5,-0.65,4,2.3,0,4.6,663,0,0,0
STU100456,Mezun,Dil,Tier 1 (Büyükşehir),Orta,3 Aylık,4984.0,2025-09-21,11.1,0.475,10.2,4.8,3.6,8,38.6,2,29,72.5,-1.25,1,2.7,0,3.6,298,1,0,0
STU101862,Mezun,Sayısal,Tier 1 (Büyükşehir),Orta,Yıllık,17042.0,2026-05-16,3.3,0.413,11.6,4.6,4.2,26,58.8,4,7,58.2,-3.85,2,5.6,2,3.7,302,1,0,0
STU100869,11. Sınıf,Eşit Ağırlık,Tier 2,Düşük,3 Aylık,4692.0,2026-01-26,6.9,0.684,13.1,9.4,5.3,13,57.7,2,14,61.2,-5.48,0,0.2,2,3.6,665,0,0,0
STU102221,12. Sınıf,Sayısal,Tier 2,Düşük,Aylık,1876.0,2026-04-16,4.3,0.559,12.8,7.3,4.3,11,25.8,1,8,57.0,2.88,0,6.6,0,3.6,301,1,0,1
STU100066,12. Sınıf,Sözel,Tier 1 (Büyükşehir),Yüksek,3 Aylık,5185.0,2026-05-13,3.4,0.568,10.7,5.8,4.7,1,17.2,1,7,33.8,1.46,2,1.7,0,4.1,301,0,0,0
STU101446,Mezun,Eşit Ağırlık,Tier 1 (Büyükşehir),Yüksek,Aylık,1862.0,2025-09-05,11.6,0.918,14.8,14.1,5.4,11,10.7,3,26,65.5,-1.37,3,10.7,2,3.6,298,0,0,1
STU102910,12. Sınıf,Sayısal,Tier 1 (Büyükşehir),Düşük,Aylık,1813.0,2026-02-23,6.0,0.976,12.6,13.5,5.4,2,4.5,3,13,48.1,2.89,1,0.8,1,4.5,301,0,0,0
STU101787,12. Sınıf,Eşit Ağırlık,Tier 1 (Büyükşehir),Düşük,3 Aylık,4641.0,2026-04-06,4.6,0.462,19.6,10.5,3.2,4,32.4,1,10,52.0,-1.41,1,8.1,1,2.4,300,1,0,0
STU101229,11. Sınıf,Sayısal,Tier 2,Yüksek,3 Aylık,4629.0,2026-04-10,4.5,0.695,14.2,9.0,3.9,2,8.1,7,10,31.4,-0.13,1,2.7,0,3.4,666,0,1,0
STU101580,Mezun,Sayısal,Tier 1 (Büyükşehir),Orta,3 Aylık,4947.0,2026-03-10,5.5,0.646,16.6,9.1,2.5,2,71.1,1,11,66.9,-2.11,0,0.4,2,4.2,303,1,0,0
STU100675,12. Sınıf,Eşit Ağırlık,Tier 1 (Büyükşehir),Yüksek,3 Aylık,4708.0,2026-04-19,4.2,0.679,10.0,6.6,4.4,11,5.2,2,6,55.2,-6.86,3,1.4,0,2.8,302,0,0,0
STU101287,12. Sınıf,Eşit Ağırlık,Tier 1 (Büyükşehir),Orta,Yıllık,17268.0,2026-04-25,4.0,0.429,11.6,5.7,3.7,4,10.0,3,6,49.6,1.53,4,2.4,0,3.0,302,0,0,0
STU103102,Mezun,Sayısal,Tier 1 (Büyükşehir),Orta,Yıllık,16593.0,2026-01-17,7.2,0.99,19.3,19.4,4.2,5,17.8,2,16,40.2,-2.04,2,2.4,0,3.5,299,0,0,0
STU101571,12. Sınıf,Sayısal,Tier 2,Düşük,Yıllık,17081.0,2026-07-22,1.1,0.817,12.4,9.8,3.0,1,18.5,1,3,60.1,2.33,3,5.9,1,3.4,299,0,0,0
STU100067,12. Sınıf,Eşit Ağırlık,Tier 3,Yüksek,Yıllık,17711.0,2026-02-05,6.6,0.683,16.3,11.7,3.7,27,15.2,0,10,67.0,-2.06,3,10.9,2,2.6,301,1,0,0
STU101394,Mezun,Eşit Ağırlık,Tier 2,Düşük,Aylık,1847.0,2026-01-08,7.5,0.852,14.9,11.3,3.4,13,8.9,2,18,61.8,2.51,0,0.7,0,5.0,300,0,0,0
STU102234,12. Sınıf,Sayısal,Tier 1 (Büyükşehir),Orta,Aylık,1739.0,2026-07-10,1.5,0.474,8.5,4.4,3.1,3,30.5,4,3,24.7,1.87,0,1.9,0,3.6,302,0,0,0
STU101888,Mezun,Eşit Ağırlık,Tier 1 (Büyükşehir),Orta,3 Aylık,5156.0,2025-04-03,16.7,0.88,15.5,12.4,4.5,5,7.0,1,48,41.8,-2.09,1,4.1,1,2.6,300,0,0,0
STU100598,Mezun,Eşit Ağırlık,Tier 1 (Büyükşehir),Orta,Aylık,1863.0,2026-05-01,3.8,0.534,16.6,8.9,4.9,0,36.1,1,7,64.5,0.07,1,6.9,0,3.7,303,1,0,0
STU100813,12. Sınıf,Sözel,Tier 1 (Büyükşehir),Düşük,Aylık,1831.0,2025-10-18,10.2,0.383,16.4,7.2,3.2,3,40.1,2,20,45.5,-0.01,5,0.1,1,3.8,297,1,0,0
STU100081,12. Sınıf,Sözel,Tier 1 (Büyükşehir),Düşük,Yıllık,16731.0,2026-06-22,2.1,0.561,9.4,5.7,5.3,4,17.3,3,5,51.8,4.88,4,0.5,0,2.8,298,0,0,0
STU102113,12. Sınıf,Eşit Ağırlık,Tier 1 (Büyükşehir),Orta,3 Aylık,4556.0,2026-01-20,7.1,0.738,12.0,8.6,4.5,38,2.1,3,11,48.9,1.08,2,0.0,3,2.5,301,1,0,0
STU102209,11. Sınıf,Eşit Ağırlık,Tier 2,Yüksek,3 Aylık,4737.0,2026-05-28,2.9,0.444,12.9,6.5,3.0,17,17.8,3,5,53.8,3.71,0,1.4,3,3.9,666,0,0,0
STU102223,11. Sınıf,Sözel,Tier 1 (Büyükşehir),Düşük,3 Aylık,5008.0,2026-03-19,5.2,0.671,13.3,9.1,4.5,8,20.0,1,13,64.5,2.08,1,1.7,0,3.5,662,0,0,1
STU102498,Mezun,Sözel,Tier 2,Orta,Yıllık,16288.0,2025-09-18,11.2,0.648,9.7,6.2,5.4,7,16.4,1,15,40.8,4.66,2,2.6,1,4.0,302,0,0,0
STU102410,12. Sınıf,Dil,Tier 2,Orta,Aylık,1709.0,2026-02-17,6.2,0.632,12.7,8.5,4.8,2,21.5,2,13,57.8,-0.68,0,6.0,1,4.2,297,0,0,0
STU103163,12. Sınıf,Sözel,Tier 2,Yüksek,3 Aylık,4899.0,2026-04-16,4.3,0.723,16.8,12.0,3.7,16,14.9,0,6,67.0,-3.79,1,1.6,0,3.2,299,0,0,0
STU100479,12. Sınıf,Eşit Ağırlık,Tier 1 (Büyükşehir),Düşük,Yıllık,16926.0,2026-08-09,0.5,0.662,11.6,8.0,2.8,8,24.1,3,1,73.8,-1.15,0,4.0,3,4.4,297,0,0,0
STU100004,11. Sınıf,Eşit Ağırlık,Tier 3,Orta,Yıllık,17276.0,2026-02-17,6.2,0.614,14.4,6.9,2.5,7,9.8,1,16,55.5,-0.95,0,3.2,1,3.6,662,1,0,1
STU102782,12. Sınıf,Sayısal,Tier 1 (Büyükşehir),Düşük,3 Aylık,5454.0,2026-03-22,5.1,0.705,11.8,9.5,3.6,5,17.5,2,10,42.7,1.37,0,3.1,3,2.8,297,0,0,0
STU103178,11. Sınıf,Sayısal,Tier 3,Yüksek,Aylık,1643.0,2026-02-20,6.1,0.976,17.0,16.0,3.1,5,29.9,2,14,69.7,-0.85,4,0.4,2,3.4,667,1,0,0
STU101754,12. Sınıf,Sözel,Tier 1 (Büyükşehir),Orta,Aylık,1827.0,2026-06-28,1.9,0.705,16.9,11.7,4.6,9,31.6,2,3,61.2,2.53,1,6.7,2,3.6,297,0,0,1
STU102515,Mezun,Sayısal,Tier 1 (Büyükşehir),Düşük,Yıllık,18490.0,2025-11-11,9.4,0.646,10.1,8.0,3.2,16,25.2,0,12,53.6,-2.31,1,0.1,2,3.6,299,0,0,1
STU100872,Mezun,Eşit Ağırlık,Tier 1 (Büyükşehir),Yüksek,Aylık,1731.0,2025-02-23,18.0,0.638,9.6,6.2,3.6,2,18.8,0,26,49.6,0.17,2,2.6,1,2.6,301,0,0,0
STU102095,12. Sınıf,Eşit Ağırlık,Tier 2,Yüksek,3 Aylık,4588.0,2025-03-31,16.8,0.694,15.3,11.5,4.7,3,16.1,1,38,53.8,-1.14,1,7.6,2,2.9,300,1,0,0
STU102593,11. Sınıf,Eşit Ağırlık,Tier 2,Yüksek,3 Aylık,4828.0,2025-09-30,10.8,0.587,14.2,8.2,4.4,1,16.5,5,30,40.8,-0.05,4,13.9,3,3.7,664,0,0,0
STU103141,11. Sınıf,Sözel,Tier 2,Yüksek,Yıllık,15129.0,2026-03-01,5.8,0.761,17.2,14.1,8.0,16,49.2,1,11,77.9,0.95,1,5.0,1,2.7,665,0,0,0
STU100899,12. Sınıf,Sözel,Tier 3,Yüksek,Aylık,1692.0,2026-07-13,1.4,0.953,6.4,4.5,6.1,14,7.4,1,2,38.4,-0.09,1,8.4,2,4.8,302,0,0,0
STU101856,11. Sınıf,Eşit Ağırlık,Tier 1 (Büyükşehir),Düşük,Yıllık,16394.0,2026-01-30,6.8,0.653,12.3,7.7,1.6,2,5.4,3,15,65.0,3.1,2,3.9,1,3.6,665,0,0,1
STU102835,12. Sınıf,Sayısal,Tier 2,Yüksek,Aylık,1894.0,2026-07-25,1.0,0.787,15.6,12.4,4.6,6,5.0,2,2,51.7,1.11,2,6.6,0,4.9,299,0,0,0
STU101583,11. Sınıf,Sayısal,Tier 2,Düşük,Aylık,1814.0,2026-03-01,5.8,0.847,14.8,12.4,5.0,15,16.8,0,9,61.2,0.52,0,0.6,0,3.6,662,0,0,1
STU103439,12. Sınıf,Sayısal,Tier 1 (Büyükşehir),Yüksek,Aylık,1798.0,2026-01-11,7.4,0.543,10.6,6.1,5.2,10,21.7,1,15,47.1,0.47,2,6.6,0,4.7,297,1,0,0
STU102771,Mezun,Sayısal,Tier 2,Orta,3 Aylık,4800.0,2025-12-15,8.3,0.655,13.8,11.4,3.8,1,38.9,3,20,72.2,1.89,1,3.4,0,3.3,301,0,0,0
STU102816,12. Sınıf,Eşit Ağırlık,Tier 1 (Büyükşehir),Yüksek,Aylık,1915.0,2026-06-19,2.2,0.99,16.2,16.6,4.7,12,3.4,1,4,50.1,-0.24,2,6.8,0,2.9,297,0,0,0
STU102965,12. Sınıf,Sözel,Tier 2,Orta,Aylık,1867.0,2026-03-13,5.4,0.59,9.4,6.1,2.7,6,4.0,0,14,62.1,-2.02,2,15.1,1,3.7,298,0,0,0
STU103490,12. Sınıf,Sayısal,Tier 3,Orta,Aylık,1834.0,2025-11-24,9.0,0.557,6.5,3.9,3.0,4,19.2,3,17,44.0,-1.38,0,2.8,3,2.3,303,0,0,0
STU101652,11. Sınıf,Eşit Ağırlık,Tier 2,Orta,Yıllık,16585.0,2026-06-15,2.3,0.482,16.5,7.6,3.6,12,10.1,2,6,72.2,1.76,0,3.0,2,4.4,662,0,0,0
STU103016,Mezun,Eşit Ağırlık,Tier 2,Orta,3 Aylık,5522.0,2026-07-01,1.8,0.461,17.5,7.3,3.7,14,8.0,1,2,42.5,6.83,0,12.4,1,3.5,302,0,0,1
STU102199,12. Sınıf,Sayısal,Tier 2,Orta,3 Aylık,4622.0,2026-07-07,1.6,0.701,18.5,9.7,3.7,7,14.9,1,3,51.6,4.62,1,0.4,1,4.7,297,0,0,0
STU102299,12. Sınıf,Sayısal,Tier 2,Yüksek,Aylık,1766.0,2026-04-06,4.6,0.698,16.7,13.5,4.4,2,19.8,4,10,71.2,2.16,1,1.9,1,3.6,301,0,0,1
STU102261,Mezun,Sözel,Tier 1 (Büyükşehir),Düşük,Aylık,1784.0,2026-06-06,2.6,0.889,11.6,8.8,4.9,5,20.3,4,3,51.8,4.19,0,4.2,0,2.4,301,0,0,0
STU100376,Mezun,Sayısal,Tier 1 (Büyükşehir),Orta,Aylık,2081.0,2026-06-25,2.0,0.447,14.0,6.2,3.2,0,45.0,1,5,55.5,-0.68,3,0.1,2,3.1,300,0,0,0
STU100131,Mezun,Dil,Tier 1 (Büyükşehir),Düşük,3 Aylık,4940.0,2026-04-16,4.3,0.5,14.5,5.8,3.8,26,12.7,1,10,46.8,-2.61,1,3.7,2,3.5,297,1,0,1
STU102560,12. Sınıf,Eşit Ağırlık,Tier 3,Düşük,3 Aylık,4740.0,2026-06-22,2.1,0.451,9.8,4.0,2.1,23,1.9,3,3,58.4,1.81,0,8.4,3,4.3,303,0,0,0
STU102792,12. Sınıf,Sözel,Tier 1 (Büyükşehir),Düşük,Aylık,1870.0,2026-04-06,4.6,0.8,8.9,5.9,5.3,2,25.0,2,8,49.8,0.47,1,6.6,2,3.6,303,0,0,1
STU103311,Mezun,Sayısal,Tier 1 (Büyükşehir),Orta,3 Aylık,4936.0,2026-05-07,3.6,0.526,18.3,10.3,3.5,24,28.6,4,7,52.3,1.14,5,3.0,3,3.0,302,1,0,0
STU102959,Mezun,Eşit Ağırlık,Tier 3,Orta,Aylık,1895.0,2026-06-06,2.6,0.554,19.0,7.2,4.0,1,16.7,2,6,59.9,1.77,1,2.6,2,2.6,302,0,0,0
STU101158,12. Sınıf,Eşit Ağırlık,Tier 2,Yüksek,Aylık,1890.0,2026-06-09,2.5,0.489,13.7,9.0,4.8,5,6.5,3,8,62.8,-1.68,4,1.6,1,1.3,298,0,1,0
STU100772,12. Sınıf,Sözel,Tier 2,Orta,Aylık,1933.0,2026-04-16,4.3,0.726,18.2,11.4,4.0,7,34.2,3,8,74.9,-1.14,5,1.4,0,3.5,300,1,0,0
STU102966,12. Sınıf,Sayısal,Tier 1 (Büyükşehir),Yüksek,Aylık,1769.0,2026-08-06,0.6,0.692,10.4,9.0,1.4,7,17.8,2,1,52.4,-2.0,1,4.9,0,3.6,299,0,1,1
STU102452,12. Sınıf,Eşit Ağırlık,Tier 2,Yüksek,Yıllık,16229.0,2026-07-01,1.8,0.579,18.4,9.8,4.2,89,11.3,2,3,51.8,-1.1,0,0.4,0,3.5,300,1,0,0
STU102719,12. Sınıf,Eşit Ağırlık,Tier 1 (Büyükşehir),Orta,Aylık,1833.0,2026-06-03,2.7,0.29,12.3,3.0,3.4,37,8.7,2,4,33.8,2.49,1,3.6,1,5.0,297,1,0,0
STU100683,12. Sınıf,Eşit Ağırlık,Tier 1 (Büyükşehir),Yüksek,Yıllık,15167.0,2026-02-02,6.7,0.747,13.5,10.0,3.9,11,28.3,2,17,52.3,-3.24,1,3.2,0,4.9,297,0,0,0
STU102518,12. Sınıf,Eşit Ağırlık,Tier 2,Düşük,Aylık,1865.0,2025-11-05,9.6,0.631,13.8,9.7,2.4,13,33.4,2,22,46.6,2.41,1,0.6,1,3.6,297,1,0,1
STU102606,12. Sınıf,Dil,Tier 1 (Büyükşehir),Orta,3 Aylık,4520.0,2026-06-19,2.2,0.592,20.9,14.9,5.1,4,57.3,1,5,40.6,-3.98,2,0.5,4,2.4,299,0,0,0
STU102478,12. Sınıf,Sayısal,Tier 2,Yüksek,Aylık,1659.0,2026-05-25,3.0,0.753,15.5,14.6,5.5,17,21.1,2,7,64.3,-1.49,2,1.9,0,3.2,300,0,0,0
STU100218,Mezun,Dil,Tier 3,Düşük,Aylık,1771.0,2026-04-13,4.4,0.66,16.7,12.5,3.9,12,15.8,1,8,38.7,1.76,2,2.6,1,3.2,300,0,0,0
STU101083,Mezun,Dil,Tier 1 (Büyükşehir),Yüksek,3 Aylık,4685.0,2025-02-23,18.0,0.861,6.8,5.4,3.6,29,25.9,1,37,57.6,1.55,3,1.5,1,3.5,297,1,0,1
STU101468,12. Sınıf,Sayısal,Tier 1 (Büyükşehir),Orta,3 Aylık,4271.0,2026-05-10,3.5,0.609,14.7,9.2,3.6,18,20.8,6,9,64.9,3.28,1,3.3,1,2.0,300,1,0,0
STU102101,11. Sınıf,Sayısal,Tier 3,Yüksek,3 Aylık,5022.0,2026-04-28,3.9,0.444,14.1,7.4,6.4,16,2.6,5,11,41.4,-0.13,0,5.2,3,1.9,662,0,0,0
STU101253,12. Sınıf,Eşit Ağırlık,Tier 1 (Büyükşehir),Yüksek,Yıllık,17059.0,2026-03-28,4.9,0.367,13.1,4.1,4.5,2,25.2,2,8,64.8,-0.45,5,4.4,2,3.5,302,0,0,0
STU102614,11. Sınıf,Sayısal,Tier 1 (Büyükşehir),Orta,Aylık,1970.0,2026-01-11,7.4,0.674,13.8,9.9,3.6,27,7.1,0,19,40.3,2.56,2,1.2,1,3.8,662,0,0,0
STU103028,12. Sınıf,Eşit Ağırlık,Tier 1 (Büyükşehir),Düşük,Yıllık,17381.0,2026-03-01,5.8,0.841,14.1,13.7,2.0,1,1.6,3,15,40.2,-3.67,2,3.4,2,4.7,303,0,0,0
STU101588,12. Sınıf,Dil,Tier 2,Düşük,3 Aylık,4795.0,2026-05-07,3.6,0.828,14.8,13.3,3.4,3,28.7,2,8,53.6,1.85,1,1.9,0,3.7,302,0,0,0
STU100273,12. Sınıf,Sözel,Tier 1 (Büyükşehir),Orta,Aylık,1901.0,2026-04-16,4.3,0.434,16.5,8.4,4.8,9,28.3,0,9,56.6,2.45,3,0.0,1,3.6,298,0,0,0
STU100161,Mezun,Sözel,Tier 3,Orta,Aylık,1590.0,2026-07-25,1.0,0.953,14.2,15.0,4.6,29,8.8,3,2,63.2,1.11,2,3.5,2,2.2,299,0,0,0
STU102197,12. Sınıf,Sözel,Tier 2,Düşük,Aylık,1716.0,2026-07-22,1.1,0.513,13.3,7.0,2.7,9,15.6,2,3,76.8,1.94,1,12.7,0,3.6,297,1,0,0
STU101437,12. Sınıf,Eşit Ağırlık,Tier 1 (Büyükşehir),Orta,3 Aylık,4721.0,2026-05-13,3.4,0.755,16.1,14.0,5.2,0,17.1,1,6,37.9,-1.72,1,3.1,2,3.5,299,0,0,1
STU102218,Mezun,Sayısal,Tier 2,Orta,3 Aylık,4857.0,2026-05-16,3.3,0.725,13.5,9.0,6.0,6,16.0,2,5,64.4,0.14,0,1.5,1,3.4,303,0,1,0
STU100877,12. Sınıf,Sayısal,Tier 2,Orta,3 Aylık,4815.0,2026-07-28,0.9,0.666,14.1,9.3,4.4,4,11.6,2,2,65.7,-0.02,2,3.6,2,3.5,301,0,0,1
STU101544,12. Sınıf,Sayısal,Tier 2,Orta,Aylık,1703.0,2026-06-03,2.7,0.601,17.5,9.4,0.4,18,13.2,2,5,69.5,-1.41,1,0.5,1,3.6,300,1,0,1
STU102272,Mezun,Sayısal,Tier 1 (Büyükşehir),Düşük,Yıllık,17689.0,2026-04-25,4.0,0.558,13.6,7.1,4.1,5,9.4,1,7,35.1,-0.91,1,1.0,3,1.8,300,0,0,0
STU101861,Mezun,Sayısal,Tier 2,Orta,Aylık,1865.0,2026-07-01,1.8,0.621,12.9,8.6,3.4,22,17.3,1,5,71.3,-3.02,2,0.7,1,2.2,298,0,0,0
STU101639,12. Sınıf,Sözel,Tier 1 (Büyükşehir),Orta,Aylık,1755.0,2026-02-17,6.2,0.83,17.5,17.8,1.8,32,27.0,4,12,35.8,1.0,4,2.2,1,4.8,299,0,0,0
STU103481,12. Sınıf,Dil,Tier 1 (Büyükşehir),Yüksek,Aylık,1896.0,2025-04-28,15.9,0.623,16.9,11.2,2.9,19,6.7,0,30,47.2,-0.78,0,12.7,0,3.6,303,1,0,0
STU102210,Mezun,Sözel,Tier 1 (Büyükşehir),Orta,Yıllık,15672.0,2026-02-17,6.2,0.99,13.5,12.5,4.1,7,12.1,0,9,59.5,-0.35,1,1.1,2,4.6,299,0,0,0
STU101481,11. Sınıf,Sayısal,Tier 1 (Büyükşehir),Orta,Aylık,1954.0,2026-06-25,2.0,0.562,12.6,9.1,4.3,2,61.5,2,4,57.7,-1.08,3,10.6,0,2.6,662,0,0,0
STU103326,12. Sınıf,Sayısal,Tier 2,Yüksek,Aylık,1822.0,2026-04-25,4.0,0.912,13.4,11.1,5.2,11,21.6,3,8,69.5,2.47,2,2.7,0,3.3,297,0,0,0
STU102187,12. Sınıf,Sayısal,Tier 1 (Büyükşehir),Orta,3 Aylık,4574.0,2026-07-04,1.7,0.633,16.5,11.7,3.8,9,47.7,1,3,38.6,0.72,1,11.8,2,3.7,299,0,0,0
STU101769,Mezun,Eşit Ağırlık,Tier 3,Yüksek,Aylık,1768.0,2026-04-28,3.9,0.844,12.9,9.4,5.3,1,10.0,1,5,56.0,-1.81,1,0.4,1,3.4,303,0,0,0
STU103475,12. Sınıf,Sayısal,Tier 3,Düşük,Aylık,1606.0,2026-04-28,3.9,0.543,18.1,9.0,3.0,8,11.0,3,10,38.8,-1.25,3,1.0,1,1.9,297,0,1,0
STU102505,11. Sınıf,Eşit Ağırlık,Tier 1 (Büyükşehir),Yüksek,3 Aylık,4814.0,2025-11-20,9.1,0.492,14.0,7.7,3.1,24,7.6,4,18,48.9,-1.17,1,2.1,2,3.2,662,0,0,0
STU101159,Mezun,Sayısal,Tier 2,Düşük,Aylık,1623.0,2026-05-25,3.0,0.771,11.2,9.4,5.4,4,13.4,3,4,50.9,0.84,1,2.4,0,4.6,301,0,0,0
STU100805,11. Sınıf,Sayısal,Tier 1 (Büyükşehir),Düşük,3 Aylık,5642.0,2026-01-20,7.1,0.669,16.5,11.3,4.8,7,32.5,6,15,51.3,-0.2,1,0.1,0,3.5,662,0,0,1
STU103342,11. Sınıf,Eşit Ağırlık,Tier 1 (Büyükşehir),Yüksek,Aylık,1950.0,2026-03-07,5.6,0.589,13.0,9.0,2.3,6,13.0,3,12,60.1,2.4,3,3.9,1,3.6,666,0,0,1
STU103460,12. Sınıf,Sayısal,Tier 1 (Büyükşehir),Yüksek,Yıllık,17321.0,2026-05-07,3.6,0.655,14.4,9.2,3.5,1,24.0,2,7,56.0,7.24,1,3.9,0,3.1,297,1,1,0
STU102159,11. Sınıf,Eşit Ağırlık,Tier 3,Orta,Aylık,1769.0,2025-09-24,11.0,0.49,18.3,8.4,3.1,8,12.3,1,24,56.1,-2.35,3,2.9,1,4.8,662,1,0,0
STU101055,12. Sınıf,Eşit Ağırlık,Tier 1 (Büyükşehir),Yüksek,3 Aylık,4745.0,2026-04-03,4.7,0.512,11.0,5.8,2.6,5,19.5,4,7,49.0,3.48,5,9.3,0,3.8,299,0,0,0
STU102704,12. Sınıf,Sayısal,Tier 1 (Büyükşehir),Orta,Aylık,1758.0,2026-04-22,4.1,0.578,15.8,8.7,8.2,11,46.8,4,5,62.1,-0.64,0,3.1,1,3.6,299,0,0,1
STU101281,12. Sınıf,Dil,Tier 2,Yüksek,3 Aylık,4697.0,2025-08-30,11.8,0.99,11.2,12.88,2.9,20,16.8,3,31,47.0,-4.06,3,6.5,2,3.5,297,1,0,0
STU103363,12. Sınıf,Sayısal,Tier 1 (Büyükşehir),Yüksek,3 Aylık,4751.0,2026-08-09,0.5,0.627,10.0,5.3,4.6,1,28.2,3,1,57.2,1.96,1,2.9,0,3.5,298,0,0,1
STU102552,12. Sınıf,Sözel,Tier 1 (Büyükşehir),Orta,3 Aylık,4662.0,2026-03-22,5.1,0.663,12.8,9.8,6.4,12,34.2,2,10,48.6,-5.13,1,4.4,0,4.6,302,0,0,0
STU103380,12. Sınıf,Sayısal,Tier 1 (Büyükşehir),Yüksek,3 Aylık,5157.0,2026-06-22,2.1,0.444,15.8,8.7,5.8,36,50.4,3,5,37.8,2.63,0,1.7,4,4.2,299,0,0,0
STU103088,12. Sınıf,Sözel,Tier 1 (Büyükşehir),Orta,Aylık,1800.0,2026-05-04,3.7,0.366,18.6,7.7,2.6,29,22.1,2,8,21.0,-0.8,2,1.5,0,2.5,299,1,0,0
STU102295,11. Sınıf,Eşit Ağırlık,Tier 1 (Büyükşehir),Orta,Aylık,1848.0,2025-11-30,8.8,0.633,16.0,9.5,0.8,9,37.9,3,13,43.0,-3.83,0,1.8,0,3.6,664,1,0,1
STU103479,12. Sınıf,Eşit Ağırlık,Tier 1 (Büyükşehir),Yüksek,Yıllık,15751.0,2026-06-03,2.7,0.818,15.6,15.4,3.1,39,13.7,2,5,49.4,2.36,1,5.8,0,3.8,298,1,0,0
STU101549,11. Sınıf,Dil,Tier 1 (Büyükşehir),Orta,3 Aylık,4952.0,2026-07-04,1.7,0.602,16.9,10.4,6.0,22,24.3,1,3,64.9,3.76,2,6.5,2,2.7,664,0,0,0
STU101922,12. Sınıf,Sözel,Tier 1 (Büyükşehir),Orta,Aylık,1883.0,2025-12-24,8.0,0.789,19.1,17.8,4.0,2,9.4,2,13,60.6,0.86,1,2.2,1,4.0,302,0,0,0
STU101944,Mezun,Dil,Tier 2,Orta,3 Aylık,4911.0,2026-04-10,4.5,0.516,10.6,4.3,4.9,13,8.1,3,12,43.7,-1.25,3,3.0,0,4.7,301,0,0,0
STU102282,12. Sınıf,Eşit Ağırlık,Tier 1 (Büyükşehir),Orta,3 Aylık,4892.0,2026-04-22,4.1,0.758,14.4,11.0,4.4,10,28.9,3,10,71.4,1.27,3,0.8,0,3.4,298,0,0,0
STU100554,11. Sınıf,Sözel,Tier 3,Orta,3 Aylık,4764.0,2026-05-31,2.8,0.772,15.0,10.3,4.3,8,13.8,1,7,45.7,3.69,0,18.6,2,4.2,667,1,0,0
STU101551,12. Sınıf,Eşit Ağırlık,Tier 1 (Büyükşehir),Düşük,3 Aylık,5063.0,2026-04-13,4.4,0.758,13.8,9.0,5.1,14,4.3,0,4,48.8,2.12,1,14.5,1,4.1,301,0,1,0
STU102636,12. Sınıf,Dil,Tier 2,Orta,3 Aylık,4900.0,2026-07-10,1.5,0.801,14.2,11.1,3.2,38,4.2,2,3,49.6,-1.07,0,0.5,0,3.5,303,0,0,1
STU101722,12. Sınıf,Sayısal,Tier 1 (Büyükşehir),Yüksek,3 Aylık,4464.0,2026-03-16,5.3,0.526,17.6,9.4,4.2,6,11.1,0,10,57.9,-0.87,2,0.0,0,3.6,299,0,0,0
STU100825,11. Sınıf,Eşit Ağırlık,Tier 1 (Büyükşehir),Düşük,Aylık,1762.0,2026-01-14,7.3,0.398,10.5,3.1,5.1,11,26.1,4,16,43.7,0.48,2,1.7,1,5.0,663,0,0,0
STU100579,12. Sınıf,Eşit Ağırlık,Tier 1 (Büyükşehir),Orta,Aylık,1754.0,2026-05-25,3.0,0.689,15.8,12.2,3.7,16,7.9,3,7,38.6,-2.47,3,2.7,1,3.8,299,0,0,0
STU101516,11. Sınıf,Eşit Ağırlık,Tier 2,Yüksek,Yıllık,16317.0,2026-04-10,4.5,0.613,18.0,10.4,5.0,2,22.8,0,8,46.4,1.44,1,2.8,0,4.9,666,0,0,0
STU101389,11. Sınıf,Dil,Tier 2,Düşük,3 Aylık,4907.0,2026-06-22,2.1,0.148,13.6,1.9,1.9,11,33.4,2,3,69.3,-4.5,0,9.1,2,3.8,662,0,0,0
STU101626,12. Sınıf,Eşit Ağırlık,Tier 1 (Büyükşehir),Orta,Aylık,1994.0,2025-12-21,8.1,0.749,17.1,15.7,5.8,2,12.8,3,19,61.9,4.27,1,9.8,0,3.6,301,0,0,1
STU102296,12. Sınıf,Eşit Ağırlık,Tier 3,Düşük,Aylık,1983.0,2026-06-19,2.2,0.638,15.2,10.3,3.2,10,4.4,5,4,49.6,-1.33,1,11.3,0,2.8,297,1,0,0
STU102909,12. Sınıf,Sayısal,Tier 3,Orta,Yıllık,16581.0,2026-07-31,0.8,0.677,11.8,9.3,4.6,0,15.2,5,2,47.5,5.12,2,3.3,1,2.6,303,0,0,0
STU102502,Mezun,Eşit Ağırlık,Tier 1 (Büyükşehir),Yüksek,3 Aylık,4912.0,2026-03-07,5.6,0.489,10.5,5.2,1.5,21,41.2,2,8,63.5,-0.04,0,3.8,1,3.1,299,1,0,0
STU102654,12. Sınıf,Eşit Ağırlık,Tier 1 (Büyükşehir),Orta,Yıllık,16592.0,2026-07-01,1.8,0.825,19.0,13.3,8.0,12,3.9,0,4,69.7,0.34,0,0.4,1,3.4,298,0,0,0
STU101015,11. Sınıf,Sayısal,Tier 2,Düşük,Aylık,1739.0,2026-07-22,1.1,0.702,13.0,9.7,6.4,7,29.5,1,2,53.3,-0.36,2,2.8,2,3.0,663,0,0,0
STU101290,12. Sınıf,Eşit Ağırlık,Tier 1 (Büyükşehir),Düşük,3 Aylık,5080.0,2026-03-19,5.2,0.704,7.2,5.2,5.7,58,35.9,3,9,38.0,-2.03,0,2.5,1,4.0,297,1,0,0
STU101660,11. Sınıf,Dil,Tier 1 (Büyükşehir),Yüksek,Aylık,1792.0,2026-04-13,4.4,0.56,11.3,5.3,4.9,16,19.6,2,10,49.3,1.91,5,5.3,6,2.4,664,0,0,0
STU102195,Mezun,Sayısal,Tier 1 (Büyükşehir),Orta,Aylık,1784.0,2026-05-07,3.6,0.675,10.7,7.6,3.6,15,22.5,1,9,43.6,1.36,1,11.0,2,3.6,302,0,0,1
STU102138,Mezun,Sayısal,Tier 1 (Büyükşehir),Yüksek,Aylık,1719.0,2026-05-28,2.9,0.711,10.4,8.8,3.6,8,38.5,0,6,84.5,-0.55,1,1.6,1,3.0,302,0,0,0
STU102092,12. Sınıf,Eşit Ağırlık,Tier 1 (Büyükşehir),Düşük,Aylık,1675.0,2025-07-16,13.3,0.697,8.7,7.4,2.0,11,21.9,2,30,44.8,-2.37,3,3.3,1,3.1,300,0,0,0
STU101851,Mezun,Sözel,Tier 3,Yüksek,Aylık,1924.0,2026-07-28,0.9,0.99,16.7,17.9,5.4,5,33.5,1,1,64.1,1.41,0,0.5,0,3.6,297,0,0,1
STU101173,Mezun,Sayısal,Tier 1 (Büyükşehir),Orta,3 Aylık,4449.0,2026-03-04,5.7,0.389,14.5,4.6,5.6,25,16.3,2,6,45.3,-1.75,4,5.8,3,4.1,302,1,0,0
STU100718,12. Sınıf,Dil,Tier 1 (Büyükşehir),Yüksek,3 Aylık,5154.0,2026-04-10,4.5,0.54,15.4,8.0,4.9,0,8.8,0,8,59.4,-0.61,3,11.0,2,3.5,297,0,0,1
STU100083,11. Sınıf,Eşit Ağırlık,Tier 1 (Büyükşehir),Yüksek,Aylık,1876.0,2026-04-22,4.1,0.856,14.2,10.4,3.5,2,13.8,1,10,70.1,-2.41,0,10.8,3,2.1,662,0,0,0
STU102010,11. Sınıf,Sayısal,Tier 1 (Büyükşehir),Yüksek,Aylık,1719.0,2026-05-04,3.7,0.845,17.7,16.1,6.2,8,12.3,0,6,54.1,-2.69,0,13.6,2,3.4,663,0,0,0
STU100201,Mezun,Sayısal,Tier 2,Orta,Aylık,1893.0,2026-04-13,4.4,0.579,15.4,7.5,6.5,26,13.2,0,8,59.6,-3.55,1,1.3,0,3.6,299,0,0,0
STU100192,11. Sınıf,Sayısal,Tier 1 (Büyükşehir),Yüksek,3 Aylık,5134.0,2026-06-06,2.6,0.558,15.4,9.1,1.1,7,9.5,2,5,30.0,-0.58,0,13.3,3,3.3,664,0,0,0
STU100604,Mezun,Sözel,Tier 1 (Büyükşehir),Düşük,Yıllık,16917.0,2026-06-15,2.3,0.41,12.4,4.4,4.4,8,8.9,2,6,50.2,-0.11,1,0.2,2,2.5,303,0,0,0
STU102475,11. Sınıf,Sayısal,Tier 2,Yüksek,Yıllık,15548.0,2026-07-19,1.2,0.807,13.3,10.4,4.2,32,8.6,2,3,83.0,-1.68,2,2.6,0,4.7,666,1,0,0
STU102851,12. Sınıf,Sözel,Tier 3,Orta,3 Aylık,4455.0,2026-05-22,3.1,0.731,13.8,9.9,3.5,7,48.7,1,7,49.1,-2.96,0,7.0,1,3.5,301,0,0,0
STU100647,12. Sınıf,Eşit Ağırlık,Tier 2,Orta,Aylık,1864.0,2026-06-22,2.1,0.547,11.6,6.1,3.3,45,27.6,0,3,61.3,-1.15,3,9.3,1,4.6,300,1,0,0
STU102022,11. Sınıf,Eşit Ağırlık,Tier 1 (Büyükşehir),Orta,Yıllık,18359.0,2026-04-03,4.7,0.433,13.0,9.2,4.0,7,22.8,4,10,50.2,-1.74,3,6.4,2,2.9,663,1,1,0
STU100723,Mezun,Sayısal,Tier 1 (Büyükşehir),Yüksek,Aylık,1856.0,2025-12-21,8.1,0.512,16.2,7.4,3.7,5,17.2,4,14,54.2,-1.68,0,6.4,2,4.6,298,1,0,0
STU100539,Mezun,Sözel,Tier 3,Yüksek,Aylık,1766.0,2025-10-15,10.3,0.456,9.4,4.3,3.6,1,3.1,3,23,47.9,2.19,1,0.2,2,3.5,303,0,0,0
STU101086,Mezun,Eşit Ağırlık,Tier 1 (Büyükşehir),Yüksek,Yıllık,16884.0,2025-10-30,9.8,0.413,15.1,6.4,4.1,33,20.2,3,17,70.0,-2.37,2,7.0,0,4.5,299,1,0,0
STU102878,12. Sınıf,Sayısal,Tier 3,Yüksek,Aylık,1766.0,2025-11-08,9.5,0.784,13.9,12.1,5.9,24,16.6,5,15,54.5,-1.27,1,5.3,1,3.6,302,1,0,1
STU100057,12. Sınıf,Sözel,Tier 1 (Büyükşehir),Yüksek,Aylık,1710.0,2026-06-12,2.4,0.813,14.2,11.3,6.3,13,28.4,2,4,41.5,-4.64,1,12.2,2,3.1,302,1,0,0
STU101806,11. Sınıf,Dil,Tier 1 (Büyükşehir),Orta,Aylık,1795.0,2025-09-08,11.5,0.564,14.3,9.0,2.7,17,51.2,6,21,57.9,0.11,2,0.9,2,3.6,664,0,0,1
STU101724,12. Sınıf,Eşit Ağırlık,Tier 1 (Büyükşehir),Yüksek,3 Aylık,5272.0,2025-11-08,9.5,0.633,17.4,13.1,4.6,29,22.1,2,10,24.7,-2.05,1,2.1,3,3.2,299,0,0,0
STU101804,12. Sınıf,Sayısal,Tier 1 (Büyükşehir),Yüksek,3 Aylık,4619.0,2025-02-23,18.0,0.745,15.2,10.6,4.7,2,12.0,1,42,59.4,-0.22,0,0.2,1,3.9,302,0,0,0
STU101219,11. Sınıf,Sayısal,Tier 3,Yüksek,Yıllık,17136.0,2026-04-16,4.3,0.775,13.7,11.8,4.6,32,24.8,0,9,67.1,-0.98,2,0.1,0,5.0,666,0,0,0
STU101191,12. Sınıf,Sayısal,Tier 2,Düşük,Yıllık,15124.0,2026-07-01,1.8,0.598,23.9,15.3,3.0,3,5.5,1,3,42.3,-0.21,2,7.9,1,4.7,299,0,0,0
STU102754,Mezun,Sözel,Tier 1 (Büyükşehir),Yüksek,3 Aylık,4974.0,2026-06-09,2.5,0.751,14.1,11.1,3.7,5,1.3,1,5,65.1,-0.6,1,1.3,0,5.0,301,1,0,0
STU102134,12. Sınıf,Sayısal,Tier 1 (Büyükşehir),Orta,Aylık,1864.0,2026-04-25,4.0,0.397,11.2,4.6,5.9,2,6.9,2,8,67.9,0.56,0,7.6,0,3.0,297,0,0,0
STU101793,12. Sınıf,Eşit Ağırlık,Tier 3,Orta,3 Aylık,4587.0,2026-04-28,3.9,0.679,13.4,8.3,6.4,9,33.5,1,9,41.9,-3.0,1,9.7,2,5.0,298,1,0,0
STU102342,12. Sınıf,Sayısal,Tier 1 (Büyükşehir),Düşük,Yıllık,19256.0,2026-06-25,2.0,0.672,17.6,12.5,4.2,12,15.8,3,5,42.3,2.55,0,2.7,0,1.6,300,0,0,0
STU103408,12. Sınıf,Dil,Tier 3,Yüksek,3 Aylık,4998.0,2026-02-05,6.6,0.817,14.7,12.6,6.4,18,16.8,2,13,54.3,1.84,0,8.0,1,4.6,301,0,0,0
STU101822,12. Sınıf,Sözel,Tier 2,Yüksek,3 Aylık,5298.0,2026-07-19,1.2,0.925,16.4,12.9,3.4,14,9.8,3,2,43.9,1.31,2,0.1,1,3.2,297,0,0,0
STU101863,12. Sınıf,Sözel,Tier 1 (Büyükşehir),Orta,3 Aylık,4999.0,2026-05-04,3.7,0.887,17.9,13.5,5.0,5,34.3,0,7,56.8,-1.25,1,1.6,1,3.9,301,0,0,0
STU103302,11. Sınıf,Eşit Ağırlık,Tier 1 (Büyükşehir),Yüksek,3 Aylık,4842.0,2026-03-16,5.3,0.795,12.9,12.5,4.7,0,12.9,3,12,47.2,0.77,0,5.6,2,3.5,662,1,0,1
STU100090,11. Sınıf,Sözel,Tier 1 (Büyükşehir),Orta,3 Aylık,4781.0,2025-10-03,10.7,0.527,13.1,8.1,7.0,22,8.2,2,17,51.8,2.42,4,3.6,2,3.5,662,0,0,1
STU100045,Mezun,Eşit Ağırlık,Tier 3,Yüksek,Yıllık,15661.0,2026-05-31,2.8,0.648,21.1,13.0,3.3,27,40.0,1,6,39.7,2.19,0,1.3,0,3.8,297,0,0,0
STU100379,12. Sınıf,Sayısal,Tier 3,Yüksek,Aylık,1709.0,2026-04-06,4.6,0.669,16.8,13.4,5.6,29,13.6,0,10,56.2,0.81,1,1.9,0,2.8,301,0,0,0
STU103275,Mezun,Sayısal,Tier 1 (Büyükşehir),Yüksek,Aylık,1792.0,2026-08-06,0.6,0.8,13.8,11.6,6.1,12,12.4,2,2,29.8,-0.62,2,10.6,0,3.6,300,0,0,1
STU100851,11. Sınıf,Sayısal,Tier 3,Yüksek,Yıllık,17461.0,2026-03-01,5.8,0.853,16.0,13.0,4.6,14,23.5,0,12,45.9,-1.76,3,6.0,0,4.2,666,1,0,0
STU100616,12. Sınıf,Eşit Ağırlık,Tier 1 (Büyükşehir),Orta,Aylık,1875.0,2026-04-22,4.1,0.651,18.2,14.1,4.8,13,19.2,3,10,45.2,2.19,1,0.9,0,4.5,298,1,0,0
STU100421,11. Sınıf,Sözel,Tier 3,Yüksek,Aylık,1887.0,2026-03-22,5.1,0.772,16.4,12.2,4.3,8,30.2,3,8,69.8,3.7,2,7.8,0,2.1,665,0,0,0
STU100563,12. Sınıf,Eşit Ağırlık,Tier 1 (Büyükşehir),Orta,Aylık,1822.0,2026-01-11,7.4,0.704,20.2,14.2,4.2,3,6.7,2,16,56.0,-5.35,0,1.1,0,4.1,298,0,0,0
STU101407,11. Sınıf,Sayısal,Tier 1 (Büyükşehir),Düşük,3 Aylık,4570.0,2025-12-15,8.3,0.943,14.9,15.3,5.0,13,75.0,0,15,41.3,-0.73,4,2.5,3,3.8,667,0,0,0
STU100694,Mezun,Sayısal,Tier 1 (Büyükşehir),Yüksek,Aylık,1779.0,2026-04-25,4.0,0.537,7.6,3.9,4.1,8,14.3,5,7,51.2,-0.4,4,2.1,1,4.3,302,0,0,0
STU103082,12. Sınıf,Eşit Ağırlık,Tier 2,Orta,Aylık,1738.0,2026-04-03,4.7,0.414,18.0,7.9,4.7,14,10.1,3,8,53.9,-2.22,0,3.9,0,3.0,302,1,0,0
STU102241,11. Sınıf,Eşit Ağırlık,Tier 2,Orta,3 Aylık,4493.0,2026-06-03,2.7,0.825,10.1,8.6,5.0,7,25.8,3,3,62.6,-3.12,1,1.3,1,3.1,667,0,0,0
STU103127,11. Sınıf,Eşit Ağırlık,Tier 2,Orta,Yıllık,17779.0,2026-03-19,5.2,0.898,10.4,9.9,4.4,2,4.9,0,8,68.6,-4.15,1,0.3,5,3.6,662,0,0,1
STU101091,12. Sınıf,Eşit Ağırlık,Tier 1 (Büyükşehir),Düşük,Aylık,1848.0,2026-08-09,0.5,0.903,14.7,11.4,4.5,8,29.2,2,1,23.9,-0.4,1,1.2,2,2.6,301,0,0,0
STU101303,11. Sınıf,Eşit Ağırlık,Tier 2,Düşük,3 Aylık,5213.0,2025-12-18,8.2,0.861,12.6,7.9,3.7,6,11.9,3,11,59.1,-0.14,2,11.3,0,2.8,664,0,0,0
STU103445,12. Sınıf,Sözel,Tier 2,Yüksek,Aylık,1920.0,2025-11-20,9.1,0.803,16.0,12.2,4.6,7,7.5,1,20,65.6,2.88,1,6.5,2,3.6,302,0,0,1
STU101268,12. Sınıf,Sayısal,Tier 1 (Büyükşehir),Düşük,3 Aylık,5165.0,2026-08-06,0.6,0.899,13.5,11.8,4.2,12,26.4,3,1,53.0,-1.04,1,5.2,2,4.8,300,0,0,0
STU102359,11. Sınıf,Sayısal,Tier 2,Yüksek,Aylık,1946.0,2026-02-02,6.7,0.746,13.2,10.5,4.4,14,20.1,0,18,51.6,-1.82,1,0.8,0,3.6,667,1,0,1
STU102491,12. Sınıf,Eşit Ağırlık,Tier 1 (Büyükşehir),Orta,Yıllık,16505.0,2026-03-19,5.2,0.543,14.7,9.3,3.2,7,27.8,1,11,48.7,2.01,2,7.9,2,3.6,299,0,0,1
STU100653,11. Sınıf,Eşit Ağırlık,Tier 2,Orta,Aylık,1766.0,2025-11-02,9.7,0.476,14.9,5.3,2.0,0,31.2,3,14,55.7,1.06,0,5.2,1,3.2,668,0,0,0
STU100078,12. Sınıf,Eşit Ağırlık,Tier 2,Orta,Aylık,1748.0,2026-06-25,2.0,0.248,19.8,5.5,3.5,7,9.6,2,2,74.5,0.31,2,1.2,0,4.0,297,0,0,0
STU103200,Mezun,Sayısal,Tier 3,Orta,3 Aylık,5042.0,2026-07-10,1.5,0.598,14.0,9.0,4.5,4,8.0,3,3,62.0,-2.43,1,3.3,2,3.8,299,0,0,0
STU100321,12. Sınıf,Eşit Ağırlık,Tier 3,Düşük,Aylık,1786.0,2026-01-26,6.9,0.448,12.1,5.3,1.8,15,16.4,5,12,57.3,0.38,3,1.3,1,3.2,300,0,0,0
STU101097,Mezun,Sayısal,Tier 1 (Büyükşehir),Orta,3 Aylık,4617.0,2026-02-08,6.5,0.765,17.6,12.2,5.1,25,8.5,2,13,45.3,1.53,1,2.8,2,3.5,302,1,0,1
STU100383,12. Sınıf,Eşit Ağırlık,Tier 3,Düşük,Aylık,1822.0,2025-09-11,11.4,0.844,14.4,14.1,3.2,2,38.3,4,23,61.6,-0.6,2,3.9,1,4.7,298,1,0,0
STU102934,12. Sınıf,Eşit Ağırlık,Tier 2,Orta,Yıllık,17784.0,2026-06-22,2.1,0.662,21.0,15.3,4.2,3,8.6,4,4,59.6,0.58,0,0.0,1,3.6,302,0,0,1
STU100016,12. Sınıf,Eşit Ağırlık,Tier 2,Orta,Aylık,1902.0,2026-06-28,1.9,0.834,19.9,9.0,3.3,2,5.5,1,4,43.6,2.07,2,4.9,0,2.4,300,0,1,0
STU101021,12. Sınıf,Sayısal,Tier 1 (Büyükşehir),Düşük,Aylık,1830.0,2026-03-16,5.3,0.527,13.5,6.9,2.0,2,16.0,2,13,74.7,-0.58,1,2.2,1,3.4,303,0,0,0
STU101513,12. Sınıf,Eşit Ağırlık,Tier 2,Orta,Yıllık,16615.0,2026-07-22,1.1,0.625,11.6,6.3,5.9,14,9.0,1,2,69.7,-1.43,0,1.9,2,1.1,298,0,0,0
STU102624,12. Sınıf,Sayısal,Tier 2,Yüksek,3 Aylık,5279.0,2026-02-23,6.0,0.687,12.4,9.0,4.6,10,5.0,0,14,34.2,-2.23,0,1.3,1,2.1,301,0,1,0
STU100809,Mezun,Eşit Ağırlık,Tier 2,Orta,Aylık,1753.0,2026-04-03,4.7,0.68,10.6,6.9,5.3,19,27.1,5,6,34.1,3.98,0,7.3,2,4.1,300,0,0,0
STU102668,12. Sınıf,Sayısal,Tier 3,Yüksek,Yıllık,16410.0,2026-01-30,6.8,0.736,13.5,10.2,3.0,12,12.2,2,17,44.4,0.27,1,1.0,1,4.2,301,1,0,0
STU103356,12. Sınıf,Sayısal,Tier 1 (Büyükşehir),Orta,3 Aylık,4803.0,2026-01-17,7.2,0.551,12.6,7.3,6.8,3,13.3,3,15,52.3,-0.43,1,1.9,2,3.5,299,0,0,1
STU102828,Mezun,Sayısal,Tier 3,Orta,3 Aylık,4499.0,2026-04-03,4.7,0.586,14.4,7.4,4.3,21,19.9,1,6,53.4,-0.69,3,6.9,0,2.7,298,1,0,0
STU100882,Mezun,Sayısal,Tier 3,Yüksek,Aylık,1837.0,2025-12-15,8.3,0.744,13.4,10.1,2.9,15,2.3,2,18,43.3,2.28,1,1.3,0,3.6,298,0,0,1
STU102061,11. Sınıf,Sayısal,Tier 3,Orta,Yıllık,15995.0,2026-07-01,1.8,0.843,13.2,11.5,1.5,8,78.9,1,3,51.7,0.44,1,0.0,0,3.3,662,0,0,0
STU102894,Mezun,Eşit Ağırlık,Tier 3,Yüksek,3 Aylık,5287.0,2025-09-21,11.1,0.557,12.9,7.9,3.8,70,15.8,2,22,51.7,3.28,1,1.3,2,3.2,299,1,0,0
STU100763,11. Sınıf,Sözel,Tier 1 (Büyükşehir),Orta,Aylık,1900.0,2025-11-17,9.2,0.521,13.4,6.3,3.1,7,25.8,0,10,30.2,2.08,1,5.9,1,5.0,664,0,0,0
STU101122,Mezun,Eşit Ağırlık,Tier 2,Orta,3 Aylık,5267.0,2026-06-03,2.7,0.629,20.3,12.3,3.8,41,8.2,0,6,33.6,0.77,1,2.2,0,3.4,303,0,0,0
STU100104,Mezun,Dil,Tier 2,Yüksek,Aylık,1728.0,2026-01-30,6.8,0.979,14.7,14.1,4.2,3,16.8,2,16,46.2,-0.57,0,4.8,2,2.9,299,0,0,0
STU101445,12. Sınıf,Sözel,Tier 2,Orta,Aylık,1701.0,2026-05-16,3.3,0.665,12.7,8.0,2.2,9,17.1,1,5,57.3,-3.67,1,4.5,2,3.6,299,0,0,1
STU100815,Mezun,Eşit Ağırlık,Tier 3,Düşük,Aylık,1772.0,2025-12-12,8.4,0.611,15.7,8.9,4.5,5,33.4,0,18,39.2,-0.15,2,3.9,4,3.9,302,0,0,0
STU102865,11. Sınıf,Sayısal,Tier 2,Düşük,Aylık,1557.0,2026-03-31,4.8,0.42,19.9,8.8,3.1,10,56.2,1,9,48.6,-0.32,1,3.6,1,3.6,666,1,0,1
STU101054,12. Sınıf,Sayısal,Tier 2,Orta,Yıllık,17221.0,2026-05-25,3.0,0.555,9.5,5.8,5.4,5,29.9,4,9,41.0,-1.45,1,2.5,2,3.5,301,0,0,0
STU101546,11. Sınıf,Sayısal,Tier 3,Yüksek,3 Aylık,4827.0,2026-01-20,7.1,0.736,15.0,10.9,3.1,24,20.8,0,14,64.8,-1.93,2,0.2,3,2.6,666,0,0,0
STU102158,12. Sınıf,Sayısal,Tier 1 (Büyükşehir),Orta,Aylık,1645.0,2025-09-27,10.9,0.569,17.0,9.7,2.8,9,21.5,2,22,35.3,4.57,1,3.9,0,3.6,297,0,0,1
STU101708,Mezun,Sayısal,Tier 1 (Büyükşehir),Düşük,Aylık,1830.0,2026-03-13,5.4,0.639,13.2,7.7,5.2,9,34.5,5,10,66.1,-0.21,1,0.6,0,3.0,298,0,0,0
STU101908,Mezun,Sayısal,Tier 1 (Büyükşehir),Yüksek,Aylık,1744.0,2026-02-14,6.3,0.364,13.3,4.2,2.6,47,5.6,2,11,38.4,1.55,1,16.3,3,1.0,302,1,0,0
STU103147,12. Sınıf,Sayısal,Tier 3,Yüksek,Aylık,1777.0,2026-07-13,1.4,0.675,15.9,11.0,6.2,5,14.2,1,3,60.6,0.12,3,2.9,2,3.6,299,0,0,1
STU101094,12. Sınıf,Sayısal,Tier 2,Orta,Aylık,1971.0,2026-05-19,3.2,0.705,15.0,9.1,3.4,1,30.0,1,7,21.3,3.07,0,7.8,1,3.8,298,0,0,0
STU100743,11. Sınıf,Eşit Ağırlık,Tier 1 (Büyükşehir),Orta,Yıllık,16871.0,2026-02-14,6.3,0.717,16.2,11.8,3.0,6,17.8,0,12,60.0,2.07,4,5.7,1,3.6,667,0,0,1
STU100685,12. Sınıf,Sözel,Tier 1 (Büyükşehir),Yüksek,Yıllık,16604.0,2026-06-22,2.1,0.728,13.3,11.0,4.2,7,5.4,2,4,57.3,-0.17,2,2.1,0,1.9,302,0,0,0
STU102531,12. Sınıf,Eşit Ağırlık,Tier 1 (Büyükşehir),Düşük,3 Aylık,4939.0,2026-03-31,4.8,0.444,15.6,7.6,2.9,10,8.7,4,8,40.1,1.51,2,4.8,0,3.1,303,1,0,0
STU100663,11. Sınıf,Sayısal,Tier 1 (Büyükşehir),Yüksek,Yıllık,17416.0,2026-01-02,7.7,0.99,12.1,12.7,5.6,6,10.0,3,17,51.3,-2.96,2,1.2,0,4.3,666,0,0,0
STU103060,12. Sınıf,Eşit Ağırlık,Tier 2,Orta,Yıllık,16719.0,2026-05-22,3.1,0.734,12.8,7.7,5.0,9,17.1,0,9,66.6,2.17,2,0.5,3,4.6,303,0,0,0
STU100591,12. Sınıf,Sözel,Tier 1 (Büyükşehir),Orta,Yıllık,16970.0,2026-06-09,2.5,0.757,16.8,11.0,3.3,9,64.7,2,4,53.1,-0.2,1,3.0,2,2.8,298,0,0,0
STU100657,12. Sınıf,Sayısal,Tier 2,Düşük,3 Aylık,5176.0,2026-07-16,1.3,0.849,17.3,15.3,4.5,86,9.8,1,2,36.6,1.63,1,1.0,3,4.5,303,1,0,0
STU103164,12. Sınıf,Sayısal,Tier 1 (Büyükşehir),Yüksek,Aylık,1682.0,2025-08-06,12.6,0.826,10.8,8.9,4.1,27,2.6,1,22,60.3,1.95,0,6.3,0,2.9,299,1,0,0
STU102267,12. Sınıf,Eşit Ağırlık,Tier 1 (Büyükşehir),Yüksek,Yıllık,16571.0,2026-03-22,5.1,0.635,15.3,9.2,3.0,30,23.1,2,11,30.7,-0.5,2,7.2,0,3.8,301,1,0,0
STU100342,Mezun,Eşit Ağırlık,Tier 1 (Büyükşehir),Orta,Yıllık,17305.0,2026-04-28,3.9,0.611,13.7,8.4,2.5,19,14.6,2,8,52.1,-1.25,0,8.2,3,3.6,299,0,0,0
STU101599,11. Sınıf,Sözel,Tier 1 (Büyükşehir),Düşük,Aylık,1889.0,2025-10-30,9.8,0.769,11.7,8.7,3.7,10,21.4,3,11,60.6,1.83,2,2.4,3,3.5,663,0,0,0
STU102588,12. Sınıf,Sayısal,Tier 2,Düşük,3 Aylık,4857.0,2026-04-10,4.5,0.735,17.8,12.0,3.3,13,13.3,2,12,49.2,1.77,2,3.2,2,2.8,303,0,0,0
STU101207,12. Sınıf,Eşit Ağırlık,Tier 2,Düşük,Aylık,1640.0,2026-07-31,0.8,0.542,15.8,8.3,4.1,15,10.4,3,1,53.9,-0.89,0,7.9,1,4.6,300,1,0,0
STU100135,11. Sınıf,Sayısal,Tier 1 (Büyükşehir),Düşük,3 Aylık,5036.0,2026-01-17,7.2,0.71,12.3,8.5,3.0,4,21.2,4,12,39.2,-4.7,2,7.2,2,1.0,663,1,0,0
STU102765,Mezun,Sözel,Tier 1 (Büyükşehir),Yüksek,3 Aylık,4713.0,2026-07-07,1.6,0.494,18.4,9.5,6.3,7,12.8,0,2,62.8,-1.39,1,4.2,1,3.5,302,0,0,1
STU102536,Mezun,Sözel,Tier 2,Orta,Yıllık,16718.0,2026-01-08,7.5,0.592,13.3,6.2,5.1,5,26.5,3,15,46.3,-1.25,3,4.2,0,2.6,300,0,0,0
STU100782,12. Sınıf,Eşit Ağırlık,Tier 1 (Büyükşehir),Orta,3 Aylık,4901.0,2026-04-22,4.1,0.869,15.7,15.4,3.3,3,9.6,2,7,45.8,2.94,2,7.4,0,2.9,303,0,0,0
STU101802,11. Sınıf,Eşit Ağırlık,Tier 1 (Büyükşehir),Yüksek,Aylık,1776.0,2026-01-17,7.2,0.821,11.5,9.0,4.1,1,28.1,1,13,53.8,0.48,3,3.0,1,2.9,662,0,0,0
STU100462,Mezun,Eşit Ağırlık,Tier 2,Orta,Aylık,1834.0,2026-03-13,5.4,0.435,15.6,6.8,4.1,6,43.1,3,10,50.1,-1.34,2,5.6,2,3.7,300,1,0,0
STU100574,Mezun,Sayısal,Tier 2,Orta,Aylık,1702.0,2026-06-25,2.0,0.629,18.8,10.0,4.4,12,9.9,0,3,39.0,2.1,2,0.9,0,3.9,299,0,0,0
STU103225,Mezun,Sayısal,Tier 2,Yüksek,3 Aylık,4979.0,2026-06-15,2.3,0.807,13.8,12.5,3.8,8,58.1,0,4,40.8,3.15,1,0.1,0,3.7,300,0,0,0
STU102727,11. Sınıf,Sayısal,Tier 1 (Büyükşehir),Düşük,Aylık,1805.0,2026-07-07,1.6,0.659,12.3,7.8,3.1,21,35.6,4,3,55.0,3.84,2,16.7,1,4.4,664,0,0,0
STU101470,Mezun,Eşit Ağırlık,Tier 1 (Büyükşehir),Orta,Aylık,1792.0,2026-01-23,7.0,0.854,17.4,14.0,4.9,6,20.4,0,15,37.7,-3.66,1,0.5,0,3.9,303,1,0,0
STU100938,Mezun,Sayısal,Tier 1 (Büyükşehir),Yüksek,Aylık,1750.0,2026-05-25,3.0,0.892,17.3,13.8,3.7,33,13.4,0,6,35.8,-0.25,0,1.8,3,5.0,298,1,0,0
STU101645,12. Sınıf,Sözel,Tier 2,Orta,Aylık,2009.0,2026-03-04,5.7,0.624,16.9,11.7,4.4,44,6.8,2,15,83.7,0.99,3,2.3,0,2.6,299,1,0,0
STU101869,Mezun,Sayısal,Tier 2,Orta,3 Aylık,5327.0,2026-04-13,4.4,0.48,10.4,4.0,1.3,18,19.8,2,11,37.1,-5.08,6,0.2,1,4.4,301,1,0,0
STU100682,11. Sınıf,Eşit Ağırlık,Tier 1 (Büyükşehir),Yüksek,3 Aylık,5386.0,2026-04-28,3.9,0.579,14.5,8.5,3.8,9,16.2,1,7,50.1,0.45,2,0.7,2,4.3,668,0,0,0
STU100919,12. Sınıf,Eşit Ağırlık,Tier 2,Düşük,Aylık,1805.0,2026-05-16,3.3,0.492,11.2,5.5,5.4,12,23.0,1,6,39.7,-0.47,3,6.7,1,2.1,299,0,0,0
STU102358,Mezun,Eşit Ağırlık,Tier 3,Yüksek,3 Aylık,4881.0,2026-06-06,2.6,0.3,15.2,5.0,4.2,13,6.6,2,6,81.0,3.39,1,7.7,0,2.9,300,0,0,0
STU102635,12. Sınıf,Sayısal,Tier 1 (Büyükşehir),Orta,Aylık,1746.0,2025-11-08,9.5,0.397,11.7,5.0,4.7,25,12.6,0,20,35.1,-7.31,0,0.5,0,3.6,299,0,0,1
STU102126,12. Sınıf,Eşit Ağırlık,Tier 1 (Büyükşehir),Düşük,Aylık,1752.0,2026-03-31,4.8,0.727,12.0,10.5,4.0,36,9.7,0,10,72.6,1.1,4,0.1,0,3.7,303,0,0,0
STU100422,11. Sınıf,Sayısal,Tier 1 (Büyükşehir),Düşük,Aylık,1793.0,2026-03-13,5.4,0.708,15.9,8.4,3.4,0,4.7,4,17,37.9,1.57,1,2.8,0,2.1,662,0,0,0
STU100643,11. Sınıf,Sayısal,Tier 3,Orta,3 Aylık,4850.0,2026-04-13,4.4,0.552,12.9,6.9,4.1,5,3.6,4,10,51.6,0.76,1,3.9,4,3.6,666,0,0,0
STU101735,12. Sınıf,Eşit Ağırlık,Tier 2,Orta,Aylık,1871.0,2026-07-19,1.2,0.869,14.6,13.5,1.8,1,44.7,2,2,54.2,1.05,2,0.2,2,2.4,302,0,0,0
STU102043,Mezun,Eşit Ağırlık,Tier 3,Orta,3 Aylık,4933.0,2026-04-16,4.3,0.842,13.5,12.6,5.2,1,17.4,0,9,62.8,0.27,2,1.4,1,3.5,303,0,0,0
STU100393,12. Sınıf,Eşit Ağırlık,Tier 2,Orta,3 Aylık,4331.0,2026-05-19,3.2,0.469,15.8,9.4,5.6,15,29.2,4,5,54.0,-0.99,2,8.3,1,5.0,299,0,0,0
STU103035,12. Sınıf,Sayısal,Tier 2,Orta,Yıllık,16494.0,2026-04-16,4.3,0.577,16.0,9.3,4.5,12,12.7,3,10,35.1,1.8,2,14.0,3,2.0,297,0,0,0
STU102749,11. Sınıf,Sayısal,Tier 3,Orta,Aylık,1861.0,2026-07-25,1.0,0.792,9.5,7.6,3.3,9,22.9,1,2,47.9,-1.26,0,7.1,1,3.5,666,0,0,0
STU102813,11. Sınıf,Sayısal,Tier 2,Yüksek,Aylık,1758.0,2026-07-19,1.2,0.764,15.1,13.7,4.9,17,16.5,2,3,48.7,-0.4,2,1.4,0,4.1,665,0,0,0
STU100048,12. Sınıf,Sayısal,Tier 1 (Büyükşehir),Düşük,3 Aylık,5095.0,2026-03-04,5.7,0.584,14.0,8.0,4.6,42,9.0,2,16,36.8,-1.4,1,4.7,2,3.5,299,0,0,1
STU100497,12. Sınıf,Eşit Ağırlık,Tier 1 (Büyükşehir),Orta,3 Aylık,5307.0,2026-05-28,2.9,0.748,7.0,6.3,3.9,1,11.5,2,6,47.4,-2.73,6,7.9,0,4.2,301,1,0,0
STU102753,11. Sınıf,Sayısal,Tier 1 (Büyükşehir),Orta,Aylık,1818.0,2025-05-28,14.9,0.676,13.6,9.6,5.8,0,5.7,0,30,55.1,-0.99,3,8.9,3,5.0,667,0,0,0
STU100461,11. Sınıf,Sayısal,Tier 1 (Büyükşehir),Düşük,3 Aylık,4673.0,2026-02-23,6.0,0.682,14.4,12.7,4.1,18,31.7,1,13,24.8,-4.34,3,7.0,4,3.3,668,1,0,0
STU101899,11. Sınıf,Sayısal,Tier 2,Yüksek,Aylık,1778.0,2025-04-18,16.2,0.494,9.8,4.2,3.6,15,37.5,1,38,63.1,-0.5,2,5.2,1,3.4,662,1,0,0
STU101820,Mezun,Sayısal,Tier 1 (Büyükşehir),Düşük,Aylık,1817.0,2026-03-01,5.8,0.775,14.5,10.7,5.5,8,17.2,1,11,55.7,0.07,1,0.1,1,3.4,297,0,0,0
STU101618,Mezun,Sayısal,Tier 3,Yüksek,Aylık,1939.0,2026-05-13,3.4,0.99,18.8,9.0,5.7,11,56.3,0,9,43.1,-1.61,2,2.4,3,4.1,298,0,1,0
STU103233,11. Sınıf,Sözel,Tier 1 (Büyükşehir),Yüksek,Aylık,1832.0,2025-12-09,8.5,0.742,11.7,9.0,3.3,29,14.6,2,13,40.2,4.73,0,1.0,1,4.0,666,0,1,0
STU102372,12. Sınıf,Sayısal,Tier 2,Yüksek,3 Aylık,4721.0,2026-05-19,3.2,0.534,11.8,6.0,5.9,32,30.9,1,6,34.8,1.35,2,1.8,1,3.5,303,0,0,1
STU103398,12. Sınıf,Eşit Ağırlık,Tier 1 (Büyükşehir),Orta,Yıllık,16781.0,2025-12-09,8.5,0.699,17.1,10.8,3.9,31,9.7,4,21,59.8,1.55,1,2.9,0,4.7,297,1,0,0
STU102073,Mezun,Sözel,Tier 2,Düşük,3 Aylık,5070.0,2026-06-06,2.6,0.913,16.1,12.8,1.8,12,10.6,0,6,48.6,0.34,3,3.1,2,4.0,300,0,0,0
STU100724,11. Sınıf,Sayısal,Tier 1 (Büyükşehir),Düşük,Yıllık,16686.0,2026-07-16,1.3,0.408,11.9,4.9,3.6,32,10.3,5,2,59.6,0.55,2,2.5,1,3.7,668,1,0,0
STU102468,12. Sınıf,Eşit Ağırlık,Tier 1 (Büyükşehir),Orta,3 Aylık,5358.0,2025-11-24,9.0,0.691,17.5,10.1,3.1,3,11.2,2,11,63.8,0.45,1,0.3,5,3.2,303,0,0,0
STU102067,Mezun,Sayısal,Tier 1 (Büyükşehir),Orta,3 Aylık,5037.0,2026-06-06,2.6,0.557,17.0,10.4,4.3,18,32.9,3,6,18.8,3.37,1,6.2,1,2.4,300,0,0,0
STU100698,12. Sınıf,Sayısal,Tier 1 (Büyükşehir),Düşük,Aylık,1944.0,2026-06-19,2.2,0.721,9.6,7.5,4.3,7,17.2,3,5,40.8,-2.94,4,2.6,2,5.0,302,0,0,0
STU100868,11. Sınıf,Sayısal,Tier 3,Yüksek,3 Aylık,4996.0,2026-03-07,5.6,0.725,19.0,14.5,3.1,5,12.4,1,11,25.0,-1.65,3,2.3,2,4.6,663,0,0,0
STU100409,Mezun,Sözel,Tier 2,Düşük,Aylık,1729.0,2026-03-19,5.2,0.589,8.7,5.5,4.4,7,10.1,2,9,39.7,1.01,3,3.7,0,4.2,297,0,0,0
STU102777,12. Sınıf,Eşit Ağırlık,Tier 2,Orta,3 Aylık,4967.0,2026-05-13,3.4,0.589,14.3,8.5,3.3,14,23.6,2,8,61.7,2.91,1,3.7,2,3.2,300,0,0,0
STU100943,12. Sınıf,Sözel,Tier 1 (Büyükşehir),Düşük,3 Aylık,4797.0,2026-02-05,6.6,0.415,14.4,6.6,4.0,5,1.6,3,12,48.0,-1.37,1,7.6,2,3.5,300,0,0,1
STU102471,Mezun,Sayısal,Tier 1 (Büyükşehir),Yüksek,Aylık,1798.0,2026-02-23,6.0,0.671,10.8,6.1,3.2,13,28.5,3,14,57.7,-0.93,3,14.9,3,3.6,297,1,0,1
STU101208,11. Sınıf,Sayısal,Tier 1 (Büyükşehir),Düşük,3 Aylık,4627.0,2026-05-10,3.5,0.534,13.8,7.4,5.1,0,28.9,3,5,18.8,-1.14,3,0.0,2,4.4,664,0,0,0
STU103334,12. Sınıf,Sayısal,Tier 1 (Büyükşehir),Yüksek,Aylık,1803.0,2026-07-10,1.5,0.713,9.5,6.1,6.1,5,5.3,0,3,40.5,-4.1,0,1.1,0,4.7,302,0,0,0
STU101941,12. Sınıf,Sözel,Tier 2,Orta,Aylık,1808.0,2026-05-10,3.5,0.458,16.6,6.5,4.8,5,19.8,2,8,51.2,-0.77,1,14.3,0,2.4,299,0,0,0
STU101965,11. Sınıf,Sözel,Tier 2,Orta,Aylık,1812.0,2026-03-01,5.8,0.663,12.0,8.6,2.8,4,39.8,3,14,45.7,1.53,0,1.7,0,5.0,665,1,0,0
STU101195,11. Sınıf,Eşit Ağırlık,Tier 2,Yüksek,3 Aylık,4705.0,2026-07-16,1.3,0.411,14.9,5.4,3.2,15,17.8,1,2,60.7,-1.54,2,1.2,1,1.4,664,0,0,0
STU102939,11. Sınıf,Eşit Ağırlık,Tier 1 (Büyükşehir),Orta,3 Aylık,4492.0,2026-06-28,1.9,0.648,13.3,8.0,3.8,0,10.6,2,3,51.2,0.1,3,11.8,1,4.7,665,0,0,0
STU101921,12. Sınıf,Eşit Ağırlık,Tier 2,Yüksek,3 Aylık,5224.0,2026-02-02,6.7,0.597,10.2,6.7,4.6,0,59.1,5,12,45.7,-1.97,2,1.7,1,3.5,298,0,0,1
STU103376,11. Sınıf,Sayısal,Tier 1 (Büyükşehir),Yüksek,3 Aylık,4674.0,2026-02-11,6.4,0.669,16.4,10.5,3.7,4,34.9,1,15,41.8,1.19,3,0.6,1,3.9,664,0,0,0
STU102615,12. Sınıf,Sözel,Tier 1 (Büyükşehir),Orta,Aylık,1940.0,2026-06-22,2.1,0.64,19.9,13.1,4.2,2,12.7,3,5,47.9,3.84,2,0.9,3,3.6,297,0,0,1
STU102590,Mezun,Sayısal,Tier 1 (Büyükşehir),Yüksek,3 Aylık,5087.0,2026-08-03,0.7,0.859,14.7,12.7,1.8,5,7.7,1,2,46.0,1.03,1,4.7,1,2.5,297,0,0,0
STU102188,11. Sınıf,Sözel,Tier 3,Orta,3 Aylık,4586.0,2026-06-22,2.1,0.757,15.5,12.2,6.1,12,13.3,0,4,59.7,-0.44,2,1.3,2,5.0,662,0,0,0
STU101870,12. Sınıf,Sayısal,Tier 2,Düşük,3 Aylık,4935.0,2026-01-20,7.1,0.544,18.6,11.2,3.7,7,27.7,3,13,44.7,0.05,1,9.2,3,3.5,299,1,0,0
STU100737,12. Sınıf,Sözel,Tier 3,Düşük,Aylık,1849.0,2026-03-31,4.8,0.596,8.9,5.2,4.3,38,77.2,2,8,45.0,-1.84,1,6.1,1,3.6,299,1,0,1
STU102167,12. Sınıf,Sözel,Tier 2,Orta,Aylık,1816.0,2025-09-27,10.9,0.656,14.0,10.6,6.1,20,25.4,1,25,58.5,0.33,1,0.0,1,4.2,300,0,0,0
STU103162,11. Sınıf,Sayısal,Tier 1 (Büyükşehir),Yüksek,Aylık,1756.0,2026-05-04,3.7,0.699,8.3,6.8,4.3,3,36.1,2,8,53.2,-0.6,1,0.9,0,3.6,666,0,0,1
STU100169,Mezun,Eşit Ağırlık,Tier 2,Orta,Aylık,1731.0,2026-04-16,4.3,0.606,18.3,10.3,3.7,2,22.3,1,8,33.7,-1.95,1,1.5,0,3.2,302,0,0,0
STU103456,Mezun,Sayısal,Tier 1 (Büyükşehir),Yüksek,3 Aylık,5373.0,2026-04-03,4.7,0.713,15.6,11.2,4.2,20,9.3,0,11,50.6,-2.98,2,1.1,1,3.6,298,0,0,0
STU101282,12. Sınıf,Sözel,Tier 1 (Büyükşehir),Düşük,Aylık,1934.0,2026-03-10,5.5,0.54,12.6,8.0,2.3,7,39.3,0,9,43.1,-1.0,4,2.6,1,3.3,299,0,0,0
STU100425,Mezun,Eşit Ağırlık,Tier 3,Orta,Aylık,1801.0,2026-02-08,6.5,0.446,17.0,5.4,3.6,10,14.8,1,11,58.5,-1.59,2,1.6,0,5.0,300,0,0,0
STU100343,12. Sınıf,Eşit Ağırlık,Tier 1 (Büyükşehir),Orta,Aylık,1898.0,2026-06-06,2.6,0.857,15.0,12.7,3.6,16,20.4,4,4,56.0,-2.27,2,17.6,0,3.7,301,0,0,0
STU100730,12. Sınıf,Dil,Tier 3,Yüksek,3 Aylık,4899.0,2026-07-28,0.9,0.826,13.5,11.4,4.1,1,14.8,0,2,55.9,2.33,0,4.5,3,3.9,299,0,0,0
STU103148,Mezun,Sözel,Tier 3,Orta,Aylık,1682.0,2026-08-03,0.7,0.725,14.8,11.1,3.1,15,34.5,1,1,50.1,-5.65,1,3.1,1,3.3,298,0,0,0
STU102217,Mezun,Dil,Tier 2,Orta,Yıllık,17049.0,2025-10-21,10.1,0.655,18.8,10.6,4.4,9,27.7,4,13,46.5,-3.28,0,8.7,1,4.0,297,0,0,0
STU102117,11. Sınıf,Sözel,Tier 2,Düşük,3 Aylık,4673.0,2026-02-05,6.6,0.819,14.1,10.1,4.1,18,11.6,4,16,65.4,0.61,3,1.9,0,5.0,667,0,0,0
STU101403,12. Sınıf,Sözel,Tier 3,Yüksek,Yıllık,15932.0,2026-01-23,7.0,0.754,12.9,9.4,6.2,2,21.8,1,18,58.9,1.65,1,6.9,1,3.2,297,0,0,0
STU100950,12. Sınıf,Sözel,Tier 2,Orta,3 Aylık,5086.0,2025-12-30,7.8,0.459,18.0,9.0,3.9,21,20.3,3,12,62.2,0.45,1,0.7,2,3.2,299,0,0,0
STU102742,11. Sınıf,Sayısal,Tier 3,Yüksek,3 Aylık,5034.0,2025-10-09,10.5,0.583,17.1,9.7,4.3,1,3.8,1,22,43.7,0.58,2,4.2,0,4.2,663,0,0,0
STU101357,12. Sınıf,Eşit Ağırlık,Tier 2,Yüksek,Aylık,1838.0,2026-03-28,4.9,0.65,12.7,6.3,3.6,28,43.3,1,10,58.0,-0.84,3,8.6,0,3.6,301,1,0,1
STU102460,Mezun,Sayısal,Tier 2,Orta,Yıllık,17758.0,2026-06-28,1.9,0.916,17.8,18.5,4.2,5,50.0,1,3,50.7,3.24,3,0.9,0,4.4,297,0,0,0
STU100174,11. Sınıf,Sözel,Tier 2,Orta,Aylık,1800.0,2026-03-22,5.1,0.671,14.4,12.8,4.7,1,18.6,4,10,60.6,1.04,1,3.4,1,3.6,662,0,0,1
STU100184,Mezun,Sayısal,Tier 2,Orta,Aylık,1954.0,2026-05-04,3.7,0.896,9.5,8.0,4.3,13,12.1,4,8,50.4,-1.22,3,1.6,1,2.3,298,0,0,0
STU101307,12. Sınıf,Eşit Ağırlık,Tier 1 (Büyükşehir),Yüksek,3 Aylık,4815.0,2026-04-22,4.1,0.761,15.1,12.1,2.6,24,15.5,1,8,46.2,-4.73,2,10.2,2,3.5,298,1,0,1
STU100860,12. Sınıf,Sayısal,Tier 1 (Büyükşehir),Orta,3 Aylık,4553.0,2025-09-30,10.8,0.504,18.3,7.7,5.2,7,27.2,1,21,49.4,-1.79,5,2.8,0,4.2,299,0,0,0
STU100353,12. Sınıf,Sayısal,Tier 1 (Büyükşehir),Yüksek,3 Aylık,4838.0,2025-10-09,10.5,0.76,18.6,12.5,4.5,25,33.7,2,22,44.5,-0.66,0,6.9,1,4.5,300,0,0,0
STU101512,12. Sınıf,Sayısal,Tier 3,Orta,3 Aylık,4878.0,2026-02-02,6.7,0.455,10.4,4.3,3.1,1,16.5,0,10,30.6,-0.18,3,1.1,2,2.7,298,0,0,0
STU101602,12. Sınıf,Sayısal,Tier 1 (Büyükşehir),Düşük,Aylık,1818.0,2026-03-22,5.1,0.55,8.2,9.0,4.6,2,13.3,5,9,41.6,1.1,1,1.6,1,2.2,302,0,1,0
STU102582,11. Sınıf,Eşit Ağırlık,Tier 2,Düşük,Aylık,1780.0,2026-05-13,3.4,0.649,10.5,6.0,3.4,31,4.9,3,7,47.1,-4.76,0,1.2,2,2.5,662,0,0,0
STU100369,Mezun,Eşit Ağırlık,Tier 1 (Büyükşehir),Orta,Yıllık,17612.0,2026-07-28,0.9,0.832,11.5,10.0,3.9,0,28.7,1,1,56.2,3.47,1,2.5,2,4.2,302,0,0,0
STU102595,Mezun,Sayısal,Tier 3,Orta,3 Aylık,4930.0,2026-04-25,4.0,0.554,13.7,7.6,2.6,17,20.4,3,8,53.5,0.85,2,4.4,3,3.5,297,0,0,1
STU100384,12. Sınıf,Dil,Tier 2,Yüksek,Aylık,1913.0,2025-04-09,16.5,0.919,17.2,9.0,4.4,1,32.7,2,36,84.2,0.5,0,2.7,0,3.6,299,0,1,1
STU100757,Mezun,Eşit Ağırlık,Tier 2,Yüksek,Aylık,1940.0,2025-07-16,13.3,0.808,15.6,15.8,2.5,2,37.5,4,30,43.0,0.78,1,9.7,1,3.6,297,0,0,0
STU103323,Mezun,Sayısal,Tier 1 (Büyükşehir),Düşük,3 Aylık,5050.0,2025-11-08,9.5,0.676,11.4,7.1,5.1,23,6.7,3,18,66.0,1.76,2,4.9,0,4.3,297,0,0,0
STU103041,Mezun,Sayısal,Tier 3,Düşük,3 Aylık,5112.0,2026-03-16,5.3,0.793,15.6,7.2,1.1,17,57.4,1,7,65.1,3.07,0,12.8,1,3.1,302,1,0,0
STU102996,12. Sınıf,Eşit Ağırlık,Tier 1 (Büyükşehir),Orta,Aylık,1843.0,2026-03-10,5.5,0.768,14.4,9.8,4.1,3,18.5,2,10,46.8,-0.27,2,0.7,0,4.3,301,0,0,0
STU102720,12. Sınıf,Eşit Ağırlık,Tier 2,Yüksek,3 Aylık,4813.0,2025-12-06,8.6,0.662,11.5,8.4,3.6,9,11.6,0,19,64.9,2.63,2,4.6,1,3.9,300,0,0,0
STU102035,Mezun,Sözel,Tier 1 (Büyükşehir),Düşük,Aylık,1908.0,2026-07-07,1.6,0.612,14.7,9.4,3.3,1,46.0,2,3,40.1,-1.64,3,2.8,4,4.2,303,0,0,0
STU103100,Mezun,Sayısal,Tier 1 (Büyükşehir),Orta,Yıllık,15785.0,2026-05-22,3.1,0.749,14.2,10.0,6.8,4,19.7,3,5,42.3,1.03,0,3.3,3,3.6,301,0,0,1
STU101063,12. Sınıf,Sözel,Tier 1 (Büyükşehir),Düşük,3 Aylık,4459.0,2025-11-17,9.2,0.635,17.1,8.4,6.1,3,19.9,2,21,53.8,0.2,0,1.6,1,2.6,301,0,0,0
STU100754,12. Sınıf,Sözel,Tier 3,Orta,Aylık,1888.0,2026-04-16,4.3,0.378,14.9,6.4,4.0,12,74.3,5,7,49.1,-0.46,3,10.4,2,3.5,301,1,0,0
STU101263,Mezun,Eşit Ağırlık,Tier 1 (Büyükşehir),Yüksek,Yıllık,16792.0,2026-08-09,0.5,0.799,14.3,10.1,4.8,1,29.1,1,1,55.9,-0.31,1,5.1,2,3.6,301,1,0,0
STU101533,12. Sınıf,Eşit Ağırlık,Tier 1 (Büyükşehir),Orta,Yıllık,16308.0,2025-10-06,10.6,0.557,13.2,9.1,1.9,7,7.6,0,23,29.0,3.3,0,7.3,4,3.4,302,0,0,0
STU101676,12. Sınıf,Sayısal,Tier 1 (Büyükşehir),Düşük,3 Aylık,4768.0,2025-03-31,16.8,0.527,15.1,7.4,4.2,5,36.6,1,36,52.5,1.17,2,0.3,1,3.5,302,0,0,0
STU101623,11. Sınıf,Eşit Ağırlık,Tier 1 (Büyükşehir),Orta,3 Aylık,4851.0,2025-11-02,9.7,0.594,16.0,8.2,4.8,6,8.3,2,22,48.0,-2.87,2,1.1,2,4.0,664,0,0,0
STU102617,Mezun,Sayısal,Tier 1 (Büyükşehir),Yüksek,Aylık,1697.0,2026-06-12,2.4,0.788,13.3,11.7,5.4,27,27.9,3,4,30.5,0.34,1,4.7,0,3.6,302,1,0,1
STU102079,11. Sınıf,Sözel,Tier 3,Yüksek,Aylık,1822.0,2026-05-22,3.1,0.839,7.3,6.9,3.7,0,11.4,1,5,67.7,2.83,1,0.6,2,3.1,662,0,0,0
STU103430,12. Sınıf,Sayısal,Tier 1 (Büyükşehir),Orta,Aylık,1908.0,2026-03-31,4.8,0.548,14.3,7.4,4.1,8,9.8,2,10,32.0,-3.52,1,7.5,1,2.9,299,1,0,0
STU100397,12. Sınıf,Sayısal,Tier 1 (Büyükşehir),Yüksek,Aylık,1875.0,2026-05-13,3.4,0.917,10.3,9.0,5.1,67,31.2,2,7,51.1,3.37,0,0.2,0,3.7,302,0,0,0
STU102344,12. Sınıf,Eşit Ağırlık,Tier 1 (Büyükşehir),Düşük,3 Aylık,4547.0,2026-05-07,3.6,0.637,13.6,8.4,4.6,16,37.9,2,8,56.2,1.16,3,3.8,0,4.7,303,0,0,0
STU101323,Mezun,Eşit Ağırlık,Tier 1 (Büyükşehir),Yüksek,Yıllık,16032.0,2026-05-07,3.6,0.776,14.0,12.7,4.4,18,21.9,3,6,34.9,-1.42,0,5.8,2,4.6,301,0,0,0
STU102637,11. Sınıf,Sayısal,Tier 1 (Büyükşehir),Yüksek,Yıllık,16338.0,2026-01-20,7.1,0.684,12.1,7.3,3.4,4,3.4,0,10,61.7,1.84,4,2.8,2,4.8,668,0,0,0
STU102302,12. Sınıf,Sözel,Tier 2,Yüksek,Aylık,1741.0,2026-05-16,3.3,0.99,9.1,9.8,6.3,9,25.2,0,5,80.9,0.0,0,2.4,4,3.6,303,0,0,1
STU100465,12. Sınıf,Sayısal,Tier 1 (Büyükşehir),Orta,Aylık,1837.0,2026-05-04,3.7,0.418,11.6,4.4,5.1,10,6.4,1,9,66.1,0.72,2,2.7,2,3.3,298,1,0,0
STU101600,Mezun,Eşit Ağırlık,Tier 1 (Büyükşehir),Orta,3 Aylık,4929.0,2025-07-10,13.5,0.671,14.4,10.5,4.6,5,44.1,0,24,54.7,-0.9,1,8.2,1,3.6,299,0,0,0
STU103442,11. Sınıf,Eşit Ağırlık,Tier 1 (Büyükşehir),Orta,Yıllık,15991.0,2026-07-25,1.0,0.743,23.9,19.8,6.0,4,1.1,1,2,73.4,-4.31,1,3.7,3,3.6,662,0,0,1
STU100871,11. Sınıf,Sayısal,Tier 1 (Büyükşehir),Düşük,Aylık,1842.0,2025-12-24,8.0,0.273,13.8,4.1,3.5,15,22.1,5,13,58.6,-0.39,1,3.5,0,3.2,666,1,0,0
STU101098,Mezun,Sayısal,Tier 1 (Büyükşehir),Orta,3 Aylık,5060.0,2026-04-22,4.1,0.265,9.1,2.4,4.3,4,13.3,0,9,69.3,5.14,3,13.8,0,3.5,297,0,0,1
STU102700,12. Sınıf,Eşit Ağırlık,Tier 1 (Büyükşehir),Orta,Aylık,1784.0,2026-04-16,4.3,0.548,15.6,8.2,3.4,4,14.5,2,7,68.2,-0.49,2,4.7,2,3.4,302,0,0,0
STU102659,11. Sınıf,Dil,Tier 1 (Büyükşehir),Yüksek,Aylık,1765.0,2026-05-01,3.8,0.528,8.3,4.6,4.3,4,46.5,1,9,24.1,0.94,3,0.3,1,3.2,668,0,0,0
STU100561,11. Sınıf,Eşit Ağırlık,Tier 1 (Büyükşehir),Orta,Aylık,1895.0,2026-01-23,7.0,0.493,10.0,5.4,4.6,13,8.8,6,10,64.6,1.12,0,1.5,5,3.5,664,0,0,0
STU100684,12. Sınıf,Sözel,Tier 1 (Büyükşehir),Orta,Aylık,2005.0,2026-07-10,1.5,0.5,9.2,3.2,4.7,13,12.1,7,3,62.5,-0.06,0,1.7,2,3.0,299,1,0,0
STU101749,12. Sınıf,Sözel,Tier 3,Orta,3 Aylık,4544.0,2026-05-04,3.7,0.905,17.7,15.9,5.5,5,29.6,2,9,46.2,-1.56,2,8.8,1,5.0,297,0,0,0
STU103205,12. Sınıf,Eşit Ağırlık,Tier 1 (Büyükşehir),Orta,3 Aylık,5289.0,2026-07-16,1.3,0.605,13.7,8.3,6.0,17,4.5,2,3,66.1,-3.63,0,1.7,0,3.5,300,0,0,1
STU103308,12. Sınıf,Eşit Ağırlık,Tier 1 (Büyükşehir),Yüksek,3 Aylık,5161.0,2026-06-19,2.2,0.849,10.5,7.5,3.4,7,39.3,1,5,69.6,-3.68,1,3.0,1,4.3,303,0,0,0
STU100997,11. Sınıf,Eşit Ağırlık,Tier 1 (Büyükşehir),Orta,3 Aylık,4981.0,2026-07-13,1.4,0.37,13.1,5.5,3.2,17,7.9,1,2,47.2,-2.01,1,0.5,1,2.8,663,0,0,0
STU101319,Mezun,Eşit Ağırlık,Tier 1 (Büyükşehir),Orta,Aylık,1851.0,2025-08-24,12.0,0.99,12.3,11.4,4.5,2,6.5,0,21,51.4,1.85,2,10.5,1,2.9,299,0,0,0
STU102866,12. Sınıf,Eşit Ağırlık,Tier 1 (Büyükşehir),Orta,Aylık,1773.0,2026-03-13,5.4,0.655,18.6,11.0,3.2,0,28.2,1,9,63.3,2.07,2,1.9,1,3.6,300,0,0,1
STU103046,12. Sınıf,Sayısal,Tier 1 (Büyükşehir),Düşük,3 Aylık,5083.0,2026-06-03,2.7,0.406,13.1,5.3,3.2,7,21.7,1,6,55.9,0.19,0,5.2,3,3.3,298,1,0,0
STU102817,12. Sınıf,Eşit Ağırlık,Tier 3,Orta,Aylık,1747.0,2026-03-13,5.4,0.689,14.9,10.7,3.6,12,7.6,4,13,47.2,-3.03,1,2.6,0,3.5,297,1,0,0
STU103423,12. Sınıf,Eşit Ağırlık,Tier 1 (Büyükşehir),Orta,Aylık,1908.0,2025-05-28,14.9,0.611,15.7,7.6,5.3,3,19.9,1,30,37.5,-2.39,0,3.1,2,2.9,298,0,0,0
STU103394,12. Sınıf,Sayısal,Tier 3,Yüksek,3 Aylık,4855.0,2026-05-13,3.4,0.683,10.3,6.4,3.7,9,4.8,3,5,42.7,2.23,0,0.8,0,2.8,301,1,0,0
STU100041,Mezun,Eşit Ağırlık,Tier 2,Orta,Aylık,1727.0,2025-09-18,11.2,0.99,9.6,7.5,5.0,10,2.1,2,13,52.1,-1.18,4,11.3,1,4.3,300,0,0,0
STU102850,12. Sınıf,Sözel,Tier 3,Orta,Aylık,1718.0,2026-07-19,1.2,0.727,13.5,11.5,5.3,10,8.7,3,2,43.3,-1.12,1,1.2,1,4.4,297,1,0,0
STU100314,12. Sınıf,Eşit Ağırlık,Tier 1 (Büyükşehir),Orta,Aylık,1735.0,2026-02-20,6.1,0.464,11.8,6.4,4.1,7,5.9,5,17,40.5,2.81,1,13.7,2,3.5,302,0,0,0
STU102254,Mezun,Sayısal,Tier 2,Yüksek,Yıllık,17244.0,2026-06-03,2.7,0.619,14.1,7.3,3.7,0,13.3,1,6,65.9,-0.56,1,6.8,0,3.7,300,0,0,0
STU103397,11. Sınıf,Sayısal,Tier 2,Orta,Aylık,1711.0,2026-04-06,4.6,0.706,17.4,10.6,5.4,4,13.4,1,6,60.2,0.62,3,2.3,2,3.9,665,0,0,0
STU100243,12. Sınıf,Eşit Ağırlık,Tier 1 (Büyükşehir),Düşük,Yıllık,17221.0,2026-03-01,5.8,0.599,9.8,5.6,3.4,10,13.2,5,12,28.0,-0.84,3,6.4,1,2.7,297,0,0,0
STU101664,Mezun,Eşit Ağırlık,Tier 2,Düşük,Aylık,1719.0,2026-05-25,3.0,0.524,11.9,5.3,4.2,26,29.5,3,5,20.6,1.72,1,0.7,0,3.5,299,0,0,0
STU101757,Mezun,Eşit Ağırlık,Tier 3,Orta,Aylık,1698.0,2026-05-04,3.7,0.791,6.8,5.3,5.1,24,13.6,4,7,52.5,-1.88,1,2.1,4,3.6,297,1,0,1
STU100116,Mezun,Sayısal,Tier 1 (Büyükşehir),Orta,Aylık,1745.0,2026-05-25,3.0,0.631,15.4,9.3,3.0,39,21.4,3,7,48.9,-3.53,0,0.3,2,3.7,297,0,0,0
STU102300,Mezun,Sayısal,Tier 2,Düşük,3 Aylık,4926.0,2026-02-23,6.0,0.748,9.4,8.2,4.0,1,11.3,3,10,84.0,-0.01,1,0.7,2,3.5,303,0,0,1
STU100519,Mezun,Eşit Ağırlık,Tier 2,Düşük,Aylık,1756.0,2026-06-06,2.6,0.658,15.6,9.0,5.7,2,36.4,2,6,49.7,0.76,0,1.9,0,4.1,299,0,0,0
STU100092,12. Sınıf,Sözel,Tier 1 (Büyükşehir),Orta,Yıllık,16920.0,2026-01-17,7.2,0.655,10.4,7.1,4.9,3,11.5,1,13,54.8,2.37,1,13.9,1,3.6,303,0,0,1
STU101559,Mezun,Sayısal,Tier 3,Orta,Yıllık,15971.0,2025-12-24,8.0,0.884,11.5,7.9,3.6,6,8.2,1,20,60.6,-0.42,0,6.6,1,2.5,301,0,0,0
STU102123,11. Sınıf,Eşit Ağırlık,Tier 1 (Büyükşehir),Orta,Aylık,1782.0,2025-08-18,12.2,0.709,15.3,9.8,3.3,2,18.0,3,26,30.0,2.3,1,3.6,0,3.4,667,0,0,0
STU101543,11. Sınıf,Sayısal,Tier 2,Düşük,Yıllık,16784.0,2025-10-15,10.3,0.562,15.7,7.1,4.0,6,40.9,2,18,53.7,-0.63,1,12.1,3,3.5,663,0,0,0
STU101670,12. Sınıf,Eşit Ağırlık,Tier 2,Yüksek,Aylık,1775.0,2026-05-13,3.4,0.73,13.5,7.9,3.6,2,16.2,3,7,66.1,0.74,1,2.8,1,3.6,303,1,0,1
STU102348,11. Sınıf,Sayısal,Tier 1 (Büyükşehir),Orta,3 Aylık,4944.0,2025-12-30,7.8,0.722,17.0,10.6,3.1,7,17.9,1,18,57.9,1.19,3,2.4,1,3.5,664,0,0,0
STU102755,Mezun,Sözel,Tier 1 (Büyükşehir),Yüksek,Aylık,1680.0,2026-08-09,0.5,0.34,12.8,9.0,1.7,1,60.0,4,1,23.0,-0.74,1,1.9,3,1.7,301,0,1,0
STU100028,11. Sınıf,Sözel,Tier 2,Orta,3 Aylık,4939.0,2026-06-25,2.0,0.7,11.8,9.0,5.6,5,2.3,3,3,67.7,1.2,1,1.0,1,3.8,664,0,1,0
STU100940,11. Sınıf,Sayısal,Tier 1 (Büyükşehir),Yüksek,Aylık,1746.0,2026-05-28,2.9,0.591,16.1,9.0,4.7,31,47.1,3,6,55.1,0.99,1,3.1,0,3.5,665,0,0,0
STU102385,Mezun,Sayısal,Tier 1 (Büyükşehir),Orta,3 Aylık,5083.0,2026-07-13,1.4,0.914,11.5,10.5,5.3,14,4.1,1,2,56.5,1.63,1,1.8,2,2.2,299,0,0,0
STU102207,12. Sınıf,Sözel,Tier 3,Orta,Aylık,1850.0,2026-06-25,2.0,0.44,18.0,8.1,1.2,68,30.5,2,4,61.2,-3.07,1,2.1,1,2.5,298,1,0,0
STU103065,12. Sınıf,Eşit Ağırlık,Tier 2,Düşük,Yıllık,16985.0,2026-02-20,6.1,0.536,14.1,6.7,4.7,51,1.2,2,13,56.8,2.45,5,1.4,1,5.0,298,1,0,0
STU100056,12. Sınıf,Eşit Ağırlık,Tier 1 (Büyükşehir),Orta,Yıllık,17747.0,2026-05-25,3.0,0.845,14.8,14.8,7.9,7,16.2,3,8,61.0,0.35,1,2.4,1,4.5,301,0,0,0
STU102881,11. Sınıf,Sözel,Tier 3,Orta,Aylık,1811.0,2025-11-14,9.3,0.524,14.1,8.0,2.9,77,37.5,3,22,75.7,-2.37,2,1.2,4,4.7,665,0,0,0
STU102042,12. Sınıf,Eşit Ağırlık,Tier 1 (Büyükşehir),Orta,Aylık,1833.0,2026-04-19,4.2,0.616,17.8,9.0,1.9,7,14.3,2,9,47.7,3.19,2,0.5,1,5.0,301,0,1,0
STU103340,12. Sınıf,Eşit Ağırlık,Tier 1 (Büyükşehir),Orta,3 Aylık,5008.0,2026-02-08,6.5,0.947,11.3,10.5,6.0,7,3.5,2,12,49.0,1.6,2,0.6,2,3.5,298,0,0,1
STU100200,Mezun,Sözel,Tier 2,Düşük,Aylık,1822.0,2026-04-25,4.0,0.641,15.7,10.0,3.9,7,27.4,2,9,57.0,1.97,1,3.0,1,2.5,302,1,0,0
STU102125,12. Sınıf,Eşit Ağırlık,Tier 1 (Büyükşehir),Yüksek,Yıllık,16941.0,2026-03-31,4.8,0.86,14.4,10.4,5.0,11,14.7,0,10,62.5,-1.57,2,10.8,1,3.3,300,1,0,0
STU100257,11. Sınıf,Sayısal,Tier 2,Yüksek,Yıllık,15482.0,2026-03-19,5.2,0.811,20.1,14.1,4.2,34,4.4,1,11,69.0,-3.48,0,3.0,1,4.3,665,0,0,0
STU101672,Mezun,Sözel,Tier 3,Orta,Yıllık,15984.0,2026-06-15,2.3,0.695,9.1,7.2,7.1,2,16.5,3,5,51.1,1.29,1,0.3,2,3.3,302,0,0,0
STU102974,12. Sınıf,Sayısal,Tier 3,Düşük,3 Aylık,4994.0,2026-05-07,3.6,0.563,16.0,9.0,5.0,7,21.6,1,9,37.4,-0.7,2,0.8,1,3.5,297,0,0,1
STU102375,11. Sınıf,Eşit Ağırlık,Tier 1 (Büyükşehir),Yüksek,Aylık,1720.0,2026-05-22,3.1,0.878,12.9,14.1,3.7,20,8.8,4,4,78.8,0.68,1,9.2,2,2.9,665,0,0,0
STU101622,Mezun,Eşit Ağırlık,Tier 2,Orta,Aylık,1804.0,2026-07-22,1.1,0.796,13.8,10.4,6.9,12,43.6,0,3,63.5,2.47,1,5.1,3,3.8,300,0,0,0
STU101821,12. Sınıf,Eşit Ağırlık,Tier 2,Düşük,Aylık,1720.0,2026-05-01,3.8,0.795,19.4,13.8,4.5,12,15.4,1,5,50.2,1.29,0,2.8,1,3.6,298,1,0,1
STU103093,Mezun,Sözel,Tier 2,Orta,3 Aylık,5133.0,2026-03-13,5.4,0.703,18.3,10.9,3.9,1,30.4,1,12,54.9,0.99,2,7.6,3,2.4,299,0,0,0
STU103409,11. Sınıf,Sayısal,Tier 3,Yüksek,Aylık,1766.0,2026-05-04,3.7,0.549,6.2,3.6,3.0,30,3.1,1,7,49.7,-0.15,0,10.4,3,3.6,666,0,0,1
STU101400,12. Sınıf,Eşit Ağırlık,Tier 1 (Büyükşehir),Orta,3 Aylık,4949.0,2026-05-28,2.9,0.672,15.1,9.0,4.4,25,1.8,3,6,32.3,-0.07,4,0.2,4,3.5,301,0,1,1
STU102150,12. Sınıf,Sözel,Tier 1 (Büyükşehir),Düşük,Aylık,1818.0,2026-04-22,4.1,0.504,14.3,6.8,2.5,33,43.0,1,9,55.8,-2.47,1,3.2,2,3.6,301,0,0,1
STU102346,Mezun,Dil,Tier 1 (Büyükşehir),Düşük,Aylık,1872.0,2026-03-07,5.6,0.865,12.4,11.9,4.7,4,26.0,0,11,46.8,-0.14,1,2.6,0,3.0,298,0,0,0
STU101041,12. Sınıf,Sayısal,Tier 3,Orta,Aylık,1676.0,2026-01-17,7.2,0.834,10.1,8.8,2.9,14,42.0,2,15,67.3,-2.03,0,9.2,0,4.9,298,1,0,0
STU102100,12. Sınıf,Eşit Ağırlık,Tier 1 (Büyükşehir),Yüksek,Aylık,1835.0,2026-06-09,2.5,0.645,10.6,6.8,3.6,0,26.0,1,6,56.6,0.65,4,6.9,2,2.7,297,0,0,0
STU103171,12. Sınıf,Sayısal,Tier 2,Yüksek,Aylık,1954.0,2026-04-13,4.4,0.966,16.6,15.6,3.5,12,19.1,2,8,59.6,3.83,1,8.4,0,3.6,297,1,0,1
STU102448,12. Sınıf,Sayısal,Tier 3,Orta,Aylık,1946.0,2026-05-10,3.5,0.744,17.9,13.4,2.1,1,77.0,1,5,50.6,1.08,2,9.4,4,3.6,297,0,0,0
STU101170,12. Sınıf,Sayısal,Tier 1 (Büyükşehir),Yüksek,Yıllık,17386.0,2025-11-20,9.1,0.547,11.2,6.1,3.6,19,12.0,4,20,57.9,1.26,2,2.2,1,2.7,303,1,0,0
STU102230,12. Sınıf,Sayısal,Tier 1 (Büyükşehir),Orta,Aylık,1687.0,2026-03-28,4.9,0.704,16.4,11.1,3.9,11,53.7,1,10,57.1,-0.87,0,8.2,0,3.9,299,0,0,0
STU101216,12. Sınıf,Sayısal,Tier 1 (Büyükşehir),Orta,Yıllık,16659.0,2026-02-11,6.4,0.709,18.7,13.0,5.1,29,24.2,3,12,47.5,-0.25,1,0.7,1,2.9,303,1,0,0
STU103349,12. Sınıf,Dil,Tier 2,Orta,Yıllık,17586.0,2026-04-03,4.7,0.635,15.7,9.2,2.7,38,27.6,0,12,8.0,1.26,4,16.8,3,3.6,303,1,1,1
STU101561,12. Sınıf,Sayısal,Tier 1 (Büyükşehir),Orta,Aylık,1696.0,2026-01-26,6.9,0.99,14.1,15.0,5.3,1,16.5,1,16,36.3,1.39,2,1.3,1,3.9,303,0,0,0
STU102766,12. Sınıf,Sayısal,Tier 1 (Büyükşehir),Orta,Aylık,2006.0,2026-06-12,2.4,0.362,17.5,6.4,4.9,2,16.5,3,6,41.4,2.13,1,13.0,0,3.6,299,1,0,1
STU103464,Mezun,Sayısal,Tier 1 (Büyükşehir),Yüksek,Aylık,1819.0,2025-08-27,11.9,0.814,19.7,13.6,4.9,8,38.2,0,13,70.7,-1.46,0,9.7,3,4.7,300,0,0,0
STU103180,Mezun,Eşit Ağırlık,Tier 1 (Büyükşehir),Orta,Yıllık,16977.0,2026-06-15,2.3,0.731,15.9,10.3,2.4,8,6.1,1,5,66.8,1.4,3,6.7,1,3.6,303,0,0,1
STU100138,Mezun,Sözel,Tier 1 (Büyükşehir),Düşük,3 Aylık,4776.0,2026-07-01,1.8,0.99,10.9,8.9,5.7,5,12.0,0,3,42.0,-0.19,1,0.4,0,4.7,300,1,0,0
STU101805,12. Sınıf,Eşit Ağırlık,Tier 1 (Büyükşehir),Orta,3 Aylık,5191.0,2026-07-16,1.3,0.706,17.2,13.0,4.6,1,50.7,2,3,83.4,-0.09,1,7.7,0,3.5,298,0,0,1
STU101476,12. Sınıf,Eşit Ağırlık,Tier 1 (Büyükşehir),Düşük,3 Aylık,4880.0,2026-03-01,5.8,0.573,13.3,8.9,3.3,41,31.9,1,10,76.2,0.84,4,1.2,0,3.5,299,1,0,0
STU101707,12. Sınıf,Sözel,Tier 3,Düşük,Aylık,1729.0,2026-03-07,5.6,0.686,12.4,7.2,4.5,7,29.4,3,11,50.8,4.66,1,1.5,1,3.6,300,0,0,1
STU101719,Mezun,Sayısal,Tier 1 (Büyükşehir),Orta,Aylık,1787.0,2026-04-25,4.0,0.597,18.4,11.7,4.6,8,27.4,0,9,52.5,3.29,2,14.1,2,4.4,298,0,0,0
STU102246,11. Sınıf,Sayısal,Tier 2,Düşük,3 Aylık,5042.0,2026-03-25,5.0,0.657,10.8,6.6,2.8,7,14.2,1,7,84.8,-1.29,2,0.4,1,3.5,662,1,0,1
STU101970,12. Sınıf,Eşit Ağırlık,Tier 2,Yüksek,Yıllık,16464.0,2026-06-15,2.3,0.563,13.6,8.1,4.3,6,23.1,3,4,40.3,3.33,1,4.8,1,2.9,298,0,0,0
STU100206,11. Sınıf,Sayısal,Tier 2,Orta,3 Aylık,5014.0,2026-07-01,1.8,0.738,15.4,11.6,4.4,21,6.4,0,3,62.2,-3.79,2,2.3,0,4.0,663,0,0,0
STU101504,Mezun,Sayısal,Tier 3,Orta,3 Aylık,4705.0,2026-05-10,3.5,0.679,12.4,8.9,3.6,22,30.1,4,6,58.4,-0.59,1,5.8,1,2.9,299,1,0,0
STU100051,11. Sınıf,Eşit Ağırlık,Tier 2,Orta,Aylık,1673.0,2026-03-13,5.4,0.6,12.6,8.5,4.2,8,12.7,2,11,50.7,-3.35,2,2.2,1,3.5,667,1,0,0
STU101775,12. Sınıf,Sözel,Tier 3,Orta,Aylık,1844.0,2026-05-01,3.8,0.513,15.4,6.9,4.9,7,19.0,0,6,51.8,-0.46,4,0.9,3,3.6,302,0,0,0
STU102664,12. Sınıf,Sözel,Tier 1 (Büyükşehir),Yüksek,Aylık,1527.0,2026-06-12,2.4,0.676,10.5,8.0,5.9,7,9.9,1,5,33.4,3.4,0,1.0,0,3.8,303,0,0,0
STU100366,Mezun,Eşit Ağırlık,Tier 1 (Büyükşehir),Orta,Aylık,1884.0,2026-06-28,1.9,0.552,10.3,5.4,2.4,3,21.9,3,4,48.2,-4.56,0,1.0,2,3.1,300,1,0,0
STU100185,12. Sınıf,Sayısal,Tier 2,Düşük,Aylık,1645.0,2026-05-19,3.2,0.808,11.4,8.8,4.1,5,18.2,1,6,21.5,-3.22,1,7.1,0,3.6,302,0,0,1
STU103203,12. Sınıf,Sayısal,Tier 3,Düşük,3 Aylık,5260.0,2025-12-12,8.4,0.593,13.4,7.8,5.0,10,20.0,2,16,51.8,1.32,4,5.1,1,3.5,301,0,0,1
STU102735,12. Sınıf,Sayısal,Tier 2,Orta,3 Aylık,4936.0,2026-07-22,1.1,0.44,8.8,3.7,4.3,6,7.6,2,2,70.5,-2.17,0,6.4,2,4.6,303,0,0,0
STU101625,12. Sınıf,Sayısal,Tier 2,Orta,Aylık,1904.0,2025-07-07,13.6,0.973,12.6,13.1,5.4,12,43.7,2,28,61.3,-1.68,1,1.5,2,2.7,297,0,0,0
STU101200,12. Sınıf,Dil,Tier 1 (Büyükşehir),Yüksek,Aylık,1927.0,2026-07-10,1.5,0.836,15.1,12.1,6.2,36,38.3,4,3,78.5,0.08,1,3.3,0,2.4,298,0,0,0
STU101846,12. Sınıf,Eşit Ağırlık,Tier 2,Orta,Yıllık,16942.0,2026-06-25,2.0,0.891,6.6,6.1,2.8,1,3.2,1,5,54.0,0.26,2,1.5,1,4.8,299,0,0,0
STU101402,Mezun,Sayısal,Tier 2,Düşük,3 Aylık,4882.0,2026-06-09,2.5,0.467,20.3,8.9,3.2,0,12.2,2,6,31.4,1.49,2,0.0,1,2.8,299,0,0,0
STU102847,11. Sınıf,Eşit Ağırlık,Tier 2,Orta,Aylık,1849.0,2026-06-03,2.7,0.303,13.8,4.1,4.3,21,20.0,2,6,60.9,-2.47,1,1.0,1,2.9,664,1,0,0
STU100744,12. Sınıf,Eşit Ağırlık,Tier 1 (Büyükşehir),Orta,3 Aylık,4745.0,2025-10-06,10.6,0.903,8.0,8.1,4.2,6,17.2,2,23,82.3,-1.26,1,6.0,2,2.4,299,0,0,0
STU102864,12. Sınıf,Sözel,Tier 3,Orta,Aylık,1837.0,2026-06-15,2.3,0.715,10.3,8.5,5.5,56,21.2,2,6,47.0,0.63,2,0.6,0,3.6,302,0,0,1
STU100800,12. Sınıf,Eşit Ağırlık,Tier 3,Düşük,Aylık,1869.0,2026-04-28,3.9,0.85,9.1,7.5,2.2,2,13.5,2,8,46.3,1.08,0,4.6,2,3.6,298,0,0,1
STU101333,Mezun,Eşit Ağırlık,Tier 1 (Büyükşehir),Yüksek,3 Aylık,5193.0,2026-03-04,5.7,0.644,12.2,9.2,4.5,16,11.0,1,12,56.4,-2.17,4,0.3,0,3.5,298,1,0,1
STU100306,12. Sınıf,Eşit Ağırlık,Tier 1 (Büyükşehir),Orta,Aylık,1873.0,2026-06-19,2.2,0.727,12.5,9.1,4.7,40,28.2,1,4,56.7,-0.86,2,1.9,0,3.6,301,1,0,1
STU100960,12. Sınıf,Eşit Ağırlık,Tier 2,Orta,Aylık,1959.0,2026-03-07,5.6,0.761,14.2,8.9,3.9,6,11.9,0,13,61.9,0.09,0,2.0,1,4.1,299,0,0,0
STU102516,11. Sınıf,Sayısal,Tier 2,Orta,Yıllık,18036.0,2026-06-09,2.5,0.488,13.1,6.4,6.4,43,6.8,2,4,74.4,-3.66,0,3.7,0,3.0,665,0,0,0
STU102941,11. Sınıf,Sözel,Tier 1 (Büyükşehir),Düşük,Aylık,1853.0,2026-04-25,4.0,0.492,12.8,7.3,4.7,17,7.4,1,6,45.2,1.32,0,2.4,2,1.6,662,0,0,0
STU103186,12. Sınıf,Dil,Tier 3,Düşük,3 Aylık,5181.0,2026-01-05,7.6,0.8,18.0,12.9,4.1,14,2.3,2,18,55.1,-0.15,1,4.0,2,3.7,301,0,0,0
STU103434,11. Sınıf,Eşit Ağırlık,Tier 2,Düşük,Aylık,1760.0,2026-05-19,3.2,0.668,10.0,7.3,1.8,42,16.5,5,6,45.0,-0.75,1,10.5,0,2.3,668,1,0,0
STU101224,11. Sınıf,Sayısal,Tier 2,Orta,Aylık,1703.0,2026-06-25,2.0,0.739,19.1,11.7,6.1,5,5.3,0,5,68.8,-1.49,2,2.9,2,4.4,663,0,0,0
STU100677,12. Sınıf,Dil,Tier 1 (Büyükşehir),Orta,Yıllık,16871.0,2026-08-09,0.5,0.793,14.8,10.7,6.6,39,28.3,1,1,54.6,-3.71,1,0.8,0,3.6,300,0,0,1
STU101495,12. Sınıf,Sayısal,Tier 2,Orta,3 Aylık,4945.0,2025-07-25,13.0,0.676,8.8,5.7,3.5,6,47.0,2,25,40.1,-3.9,1,5.8,1,2.5,298,1,0,0
STU101542,12. Sınıf,Sayısal,Tier 2,Orta,Aylık,1839.0,2026-05-04,3.7,0.722,9.8,6.9,4.3,6,28.9,0,6,55.7,-0.0,3,3.4,1,3.6,298,0,0,1
STU100830,12. Sınıf,Sayısal,Tier 1 (Büyükşehir),Orta,Yıllık,16188.0,2026-06-28,1.9,0.845,8.4,6.6,6.3,26,14.4,2,5,74.5,-0.08,1,1.0,1,2.9,301,0,0,0
STU102485,12. Sınıf,Sayısal,Tier 3,Orta,Aylık,1926.0,2026-02-26,5.9,0.622,12.2,8.0,4.6,31,32.9,2,11,45.6,3.15,1,1.5,2,3.6,297,0,0,1
STU101431,12. Sınıf,Eşit Ağırlık,Tier 1 (Büyükşehir),Düşük,Aylık,1969.0,2026-05-16,3.3,0.729,17.1,13.3,2.3,19,39.8,3,7,57.1,-1.41,1,5.8,1,2.1,303,1,0,0
STU102807,12. Sınıf,Sözel,Tier 1 (Büyükşehir),Yüksek,Aylık,1728.0,2026-04-16,4.3,0.826,9.9,7.7,5.5,15,17.5,0,7,64.2,-0.38,2,3.5,1,3.6,301,0,0,1
STU100278,Mezun,Sözel,Tier 1 (Büyükşehir),Orta,3 Aylık,5250.0,2025-02-23,18.0,0.745,6.4,5.0,2.9,1,4.3,4,39,68.8,2.28,0,1.3,1,3.5,297,0,0,0
STU100054,12. Sınıf,Sayısal,Tier 3,Orta,Aylık,1741.0,2026-01-11,7.4,0.716,12.6,9.5,6.3,26,14.3,3,23,37.9,-2.69,3,5.4,0,2.8,299,0,0,0
STU101772,12. Sınıf,Sözel,Tier 1 (Büyükşehir),Orta,3 Aylık,4771.0,2026-07-25,1.0,0.546,15.1,9.2,4.3,15,8.5,4,2,39.8,2.32,0,1.1,3,4.9,297,0,0,0
STU102423,11. Sınıf,Sayısal,Tier 1 (Büyükşehir),Yüksek,Aylık,1922.0,2026-07-25,1.0,0.483,15.9,7.0,4.5,5,26.6,1,2,39.9,2.1,2,1.0,2,3.2,665,0,0,0
STU103362,12. Sınıf,Sayısal,Tier 2,Orta,Aylık,1908.0,2026-07-04,1.7,0.396,16.2,6.1,3.7,15,36.6,1,4,58.6,-1.27,1,2.0,1,3.6,302,0,0,1
STU103083,Mezun,Sayısal,Tier 1 (Büyükşehir),Orta,Yıllık,16389.0,2026-07-22,1.1,0.745,18.8,15.4,5.7,5,7.7,0,2,66.3,4.64,2,0.9,1,4.4,302,0,0,0
STU102319,Mezun,Sayısal,Tier 1 (Büyükşehir),Orta,Aylık,1942.0,2026-05-10,3.5,0.771,14.3,10.0,3.3,6,6.8,1,7,70.5,-0.56,1,4.2,0,3.7,299,0,0,0
STU102633,12. Sınıf,Sayısal,Tier 1 (Büyükşehir),Orta,Aylık,1810.0,2026-07-13,1.4,0.724,14.4,10.7,6.1,23,56.4,1,3,52.5,1.94,1,11.1,2,3.6,303,0,0,1
STU103355,12. Sınıf,Sayısal,Tier 2,Düşük,3 Aylık,4505.0,2025-12-18,8.2,0.75,16.1,11.7,4.0,0,18.4,2,15,64.4,0.73,3,1.4,4,2.9,302,0,0,0
STU101473,12. Sınıf,Sözel,Tier 1 (Büyükşehir),Düşük,Aylık,1746.0,2026-07-28,0.9,0.364,16.5,6.4,1.6,34,22.9,2,2,56.0,0.8,2,8.6,1,4.2,297,1,0,0
STU102605,11. Sınıf,Dil,Tier 3,Yüksek,Yıllık,15012.0,2025-12-27,7.9,0.881,13.4,11.0,3.7,25,17.1,1,14,23.8,-3.45,0,3.3,1,3.6,663,1,0,1
STU103331,11. Sınıf,Eşit Ağırlık,Tier 3,Orta,Yıllık,16146.0,2025-11-27,8.9,0.526,17.6,9.1,2.9,24,35.6,0,21,57.2,-0.64,1,1.1,0,3.6,666,0,0,1
STU101109,11. Sınıf,Dil,Tier 2,Orta,3 Aylık,4619.0,2026-02-02,6.7,0.592,12.3,7.3,3.8,1,24.0,2,13,50.0,-1.11,1,1.8,1,3.3,663,1,0,0
STU100618,11. Sınıf,Sayısal,Tier 1 (Büyükşehir),Orta,3 Aylık,4812.0,2026-03-01,5.8,0.495,16.5,8.7,4.3,5,30.2,2,11,52.1,-0.59,1,1.3,1,1.0,668,1,0,0
STU101801,12. Sınıf,Eşit Ağırlık,Tier 2,Yüksek,Aylık,1759.0,2026-04-16,4.3,0.893,20.0,15.7,5.0,17,27.7,2,10,55.0,-1.68,5,5.2,2,4.3,303,0,0,0
STU103399,12. Sınıf,Dil,Tier 1 (Büyükşehir),Yüksek,Yıllık,15927.0,2026-07-16,1.3,0.843,17.8,14.7,7.7,5,4.6,0,4,41.8,1.82,1,2.2,0,4.6,299,0,0,0
STU100187,11. Sınıf,Dil,Tier 3,Yüksek,Aylık,1729.0,2026-05-28,2.9,0.806,14.7,12.4,5.2,8,4.7,1,6,42.7,-1.32,1,1.5,0,3.6,667,0,0,1
STU101731,11. Sınıf,Sözel,Tier 1 (Büyükşehir),Orta,3 Aylık,4629.0,2026-06-19,2.2,0.825,16.3,14.3,4.2,1,4.6,1,6,39.2,-0.28,1,1.7,0,2.0,665,0,0,0
STU103440,11. Sınıf,Eşit Ağırlık,Tier 2,Yüksek,Aylık,1795.0,2026-03-25,5.0,0.646,11.6,7.2,3.2,9,23.5,2,9,60.8,1.24,0,2.5,4,3.6,664,0,0,1
STU100347,11. Sınıf,Eşit Ağırlık,Tier 3,Yüksek,3 Aylık,4876.0,2026-04-03,4.7,0.566,14.0,7.6,5.3,16,11.7,2,12,44.7,2.0,1,0.3,2,3.5,664,1,0,1
STU102366,11. Sınıf,Sözel,Tier 2,Orta,3 Aylık,4486.0,2026-01-14,7.3,0.454,14.3,5.1,3.4,32,20.5,3,13,51.9,5.94,4,2.3,4,3.5,665,1,0,1
STU103441,11. Sınıf,Eşit Ağırlık,Tier 2,Orta,Aylık,1826.0,2026-06-15,2.3,0.384,12.6,5.4,4.7,1,4.7,4,4,66.1,-1.11,0,2.6,2,4.5,666,0,0,0
STU101461,12. Sınıf,Sayısal,Tier 1 (Büyükşehir),Orta,3 Aylık,4430.0,2025-11-14,9.3,0.508,11.9,4.9,4.3,4,2.7,2,17,39.2,2.68,1,2.1,0,3.5,297,0,0,1
STU103499,Mezun,Eşit Ağırlık,Tier 1 (Büyükşehir),Yüksek,3 Aylık,5008.0,2025-06-27,13.9,0.471,12.0,4.7,4.2,3,21.6,0,25,63.3,-2.61,1,1.7,1,3.4,298,0,0,0
STU102322,12. Sınıf,Eşit Ağırlık,Tier 1 (Büyükşehir),Yüksek,Aylık,1879.0,2026-02-17,6.2,0.356,11.3,4.3,2.2,4,1.9,2,13,48.8,3.09,3,15.6,0,4.2,303,1,0,0
STU102006,12. Sınıf,Sayısal,Tier 3,Orta,Aylık,1785.0,2026-06-19,2.2,0.693,9.0,6.2,3.8,14,23.8,3,3,59.6,-0.16,0,3.7,2,3.6,301,0,0,1
STU101798,12. Sınıf,Sayısal,Tier 1 (Büyükşehir),Orta,Aylık,1806.0,2026-08-09,0.5,0.482,15.5,7.8,6.2,21,9.0,0,1,69.4,1.7,1,1.1,1,3.6,301,0,0,0
STU101077,12. Sınıf,Sayısal,Tier 2,Düşük,Aylık,1781.0,2026-03-22,5.1,0.458,14.4,6.0,5.0,30,34.6,4,11,45.3,-0.46,1,10.3,1,3.3,303,1,0,0
STU101418,Mezun,Sözel,Tier 1 (Büyükşehir),Orta,Aylık,1796.0,2026-05-07,3.6,0.767,13.6,9.5,4.1,6,17.5,1,7,45.3,2.78,0,2.0,1,4.0,298,0,0,0
STU102983,12. Sınıf,Eşit Ağırlık,Tier 1 (Büyükşehir),Orta,3 Aylık,4815.0,2026-05-28,2.9,0.639,19.7,13.6,2.8,1,15.9,1,6,30.8,1.97,5,0.4,0,3.5,298,0,0,0
STU100819,11. Sınıf,Sayısal,Tier 3,Orta,3 Aylık,5493.0,2026-08-06,0.6,0.403,13.9,6.5,3.1,1,10.7,7,1,51.7,1.79,1,6.9,0,3.5,662,0,0,1
STU102086,12. Sınıf,Eşit Ağırlık,Tier 1 (Büyükşehir),Orta,Aylık,1672.0,2026-07-22,1.1,0.782,11.6,9.1,3.7,9,18.1,3,3,53.2,-1.44,2,1.4,1,2.5,303,1,0,0
STU102289,12. Sınıf,Eşit Ağırlık,Tier 2,Orta,Aylık,1726.0,2026-06-19,2.2,0.591,12.4,6.8,3.9,9,1.0,0,4,59.8,1.15,1,11.7,2,2.1,302,0,0,0
STU102240,12. Sınıf,Eşit Ağırlık,Tier 2,Orta,Aylık,1768.0,2026-03-13,5.4,0.485,12.5,6.4,5.1,21,19.9,2,11,53.4,1.66,2,1.7,1,5.0,300,0,0,0
STU102551,12. Sınıf,Eşit Ağırlık,Tier 1 (Büyükşehir),Orta,Aylık,1876.0,2026-07-19,1.2,0.99,18.5,16.6,3.3,21,23.7,1,3,57.0,2.53,1,2.9,2,3.6,299,0,0,1
STU101243,11. Sınıf,Sayısal,Tier 2,Orta,Aylık,1807.0,2025-09-21,11.1,0.444,16.3,6.9,3.7,20,25.7,4,15,45.2,1.99,0,7.9,4,3.7,665,1,0,0
STU100338,11. Sınıf,Sözel,Tier 2,Orta,Aylık,1729.0,2025-12-03,8.7,0.689,10.9,6.0,3.0,6,8.4,1,19,63.0,-2.57,2,6.0,2,3.8,666,0,0,0
STU103451,12. Sınıf,Dil,Tier 2,Yüksek,Yıllık,17694.0,2026-03-04,5.7,0.554,17.1,10.1,3.4,19,9.4,0,12,43.8,-1.69,1,0.2,0,2.7,297,0,0,0
STU103184,11. Sınıf,Sayısal,Tier 3,Orta,Aylık,1837.0,2025-10-21,10.1,0.493,9.3,4.8,3.2,8,1.9,1,22,52.8,1.75,2,15.7,2,3.0,664,0,0,0
STU103037,11. Sınıf,Eşit Ağırlık,Tier 2,Yüksek,3 Aylık,5361.0,2026-03-04,5.7,0.442,12.1,5.5,3.8,9,40.8,1,11,30.0,-2.36,3,5.8,1,3.5,665,0,0,1
STU101171,12. Sınıf,Sayısal,Tier 1 (Büyükşehir),Orta,3 Aylık,4774.0,2026-03-13,5.4,0.99,15.7,15.7,5.4,3,11.7,3,6,52.2,-0.63,1,0.5,0,4.2,298,0,0,0
STU102367,12. Sınıf,Eşit Ağırlık,Tier 1 (Büyükşehir),Orta,Yıllık,18241.0,2026-06-15,2.3,0.693,14.2,8.8,4.5,0,8.3,2,6,73.9,1.28,3,11.0,0,3.0,302,1,0,0
STU101294,12. Sınıf,Sayısal,Tier 1 (Büyükşehir),Düşük,3 Aylık,4849.0,2026-04-13,4.4,0.803,16.6,14.6,3.9,9,5.6,0,7,41.0,-1.24,1,0.2,1,3.9,301,0,0,0
STU100633,12. Sınıf,Eşit Ağırlık,Tier 2,Düşük,3 Aylık,4807.0,2026-05-07,3.6,0.216,9.7,2.3,3.4,2,13.2,2,11,35.7,-1.52,2,8.8,0,2.2,300,1,0,0
STU102591,Mezun,Sayısal,Tier 1 (Büyükşehir),Düşük,Aylık,1830.0,2026-07-25,1.0,0.808,12.8,12.1,5.7,6,18.0,1,2,60.3,1.05,1,9.1,1,4.0,303,0,0,0
STU101958,Mezun,Sayısal,Tier 2,Orta,Aylık,1757.0,2026-04-25,4.0,0.633,9.6,6.8,5.3,58,14.9,1,7,74.7,-1.41,1,0.8,2,2.7,300,1,0,0
STU103372,Mezun,Eşit Ağırlık,Tier 1 (Büyükşehir),Yüksek,Aylık,1826.0,2026-04-16,4.3,0.979,10.5,11.1,4.9,10,34.6,1,11,48.7,-3.09,2,5.2,1,2.4,303,0,0,0
STU101906,12. Sınıf,Sayısal,Tier 3,Düşük,Aylık,1753.0,2026-03-16,5.3,0.676,17.7,13.2,5.0,3,33.2,5,8,67.7,2.44,0,6.0,1,4.5,299,0,0,0
STU101164,11. Sınıf,Eşit Ağırlık,Tier 2,Düşük,Aylık,1724.0,2025-10-21,10.1,0.617,17.6,10.6,4.5,20,24.0,2,15,49.6,-1.37,1,8.8,1,2.6,668,1,0,0
STU100601,Mezun,Eşit Ağırlık,Tier 3,Orta,Yıllık,15843.0,2026-04-22,4.1,0.907,19.1,21.2,5.9,5,17.3,3,8,67.5,-1.47,1,1.4,1,3.6,303,0,0,1
STU100304,Mezun,Sayısal,Tier 2,Düşük,3 Aylık,5147.0,2026-07-04,1.7,0.879,11.5,11.5,2.4,8,16.7,3,4,60.2,-0.42,3,1.7,3,2.7,302,1,0,0
STU100263,11. Sınıf,Sayısal,Tier 2,Orta,Aylık,1814.0,2026-04-22,4.1,0.524,15.0,8.3,3.4,6,15.1,1,10,52.7,-0.69,0,13.2,1,4.6,663,0,0,0
STU100876,12. Sınıf,Eşit Ağırlık,Tier 1 (Büyükşehir),Orta,3 Aylık,4577.0,2025-11-17,9.2,0.696,13.0,7.7,5.0,9,16.2,1,21,64.5,0.21,3,0.1,0,2.7,303,0,0,0
STU102116,11. Sınıf,Eşit Ağırlık,Tier 1 (Büyükşehir),Orta,Aylık,1743.0,2026-07-31,0.8,0.912,11.8,10.8,3.3,7,5.8,1,2,66.5,-0.98,0,0.7,2,3.6,664,0,0,1
STU102711,11. Sınıf,Eşit Ağırlık,Tier 1 (Büyükşehir),Orta,Aylık,1837.0,2026-07-07,1.6,0.862,17.0,18.5,1.8,0,34.7,0,3,52.9,-0.28,2,1.8,3,3.5,668,1,0,0
STU103207,11. Sınıf,Eşit Ağırlık,Tier 1 (Büyükşehir),Orta,Aylık,1797.0,2026-02-23,6.0,0.419,10.4,4.5,4.9,2,41.7,3,12,57.9,-4.78,4,1.5,2,1.0,663,1,0,0
STU103226,12. Sınıf,Sayısal,Tier 1 (Büyükşehir),Orta,3 Aylık,4641.0,2025-09-15,11.3,0.752,12.0,6.6,5.4,25,2.3,0,19,65.4,0.36,2,1.0,0,5.0,303,0,0,0
STU102110,12. Sınıf,Sayısal,Tier 2,Düşük,Yıllık,16535.0,2026-07-19,1.2,0.806,13.0,9.8,3.7,10,2.6,2,3,22.2,4.7,1,0.0,0,3.7,299,0,0,0
STU101095,12. Sınıf,Dil,Tier 2,Düşük,Yıllık,16001.0,2026-05-25,3.0,0.418,17.7,7.4,4.4,2,18.0,0,5,54.7,-1.2,0,1.6,2,3.6,301,0,0,1
STU102917,Mezun,Sayısal,Tier 2,Orta,Aylık,1978.0,2026-06-12,2.4,0.775,11.0,9.5,3.8,16,4.6,1,5,57.9,0.53,1,1.5,1,3.1,303,0,0,0
STU102160,12. Sınıf,Sayısal,Tier 1 (Büyükşehir),Orta,Aylık,1930.0,2026-02-14,6.3,0.907,14.0,10.5,5.5,20,36.2,6,12,67.7,0.19,2,2.1,1,2.7,299,0,0,0
STU103001,12. Sınıf,Sayısal,Tier 1 (Büyükşehir),Orta,3 Aylık,5219.0,2026-01-26,6.9,0.911,15.1,15.3,5.2,5,18.2,3,9,47.1,-3.86,0,7.6,0,4.3,299,0,0,0
STU101852,12. Sınıf,Eşit Ağırlık,Tier 2,Düşük,Aylık,1987.0,2026-03-07,5.6,0.582,20.6,12.8,2.5,4,26.7,2,8,61.1,-0.19,2,2.2,1,3.6,302,0,0,1
STU101082,Mezun,Sözel,Tier 3,Düşük,Aylık,1825.0,2026-05-22,3.1,0.724,19.9,15.8,1.7,15,31.4,2,7,54.7,0.65,1,2.6,1,3.6,301,1,0,1
STU101337,12. Sınıf,Sayısal,Tier 2,Düşük,Aylık,1890.0,2026-03-28,4.9,0.52,15.9,8.0,5.4,29,45.9,1,6,56.7,1.62,1,3.5,3,2.0,298,0,0,0
STU101166,Mezun,Sözel,Tier 1 (Büyükşehir),Yüksek,3 Aylık,4568.0,2025-12-06,8.6,0.591,15.1,8.5,5.2,17,26.2,1,22,38.1,-0.71,2,2.4,2,3.4,298,0,0,0
STU100853,Mezun,Sayısal,Tier 1 (Büyükşehir),Düşük,3 Aylık,5116.0,2026-05-01,3.8,0.529,12.0,5.3,3.9,45,33.5,3,7,64.2,0.93,4,16.8,1,3.5,297,1,0,1
STU100523,12. Sınıf,Sözel,Tier 1 (Büyükşehir),Orta,Aylık,1691.0,2026-02-23,6.0,0.437,20.4,9.5,5.5,15,4.1,1,9,62.4,0.54,2,3.1,1,2.9,303,0,0,0
STU102239,12. Sınıf,Sayısal,Tier 1 (Büyükşehir),Orta,Yıllık,16424.0,2026-03-22,5.1,0.648,14.2,7.5,6.0,15,6.3,1,11,57.4,2.11,0,5.7,0,3.6,300,1,0,1
STU101123,11. Sınıf,Sözel,Tier 3,Yüksek,Aylık,1723.0,2026-05-22,3.1,0.771,17.3,10.9,6.9,10,17.6,2,6,53.4,7.12,2,0.5,0,3.6,662,0,0,1
STU101629,12. Sınıf,Dil,Tier 2,Düşük,Yıllık,16990.0,2025-11-17,9.2,0.591,15.4,10.4,3.0,9,18.5,5,16,45.9,-1.36,1,2.7,0,4.9,299,0,0,0
STU102028,12. Sınıf,Dil,Tier 1 (Büyükşehir),Orta,Aylık,1834.0,2026-03-25,5.0,0.439,15.7,7.5,3.2,18,8.6,3,11,63.3,-2.77,1,5.7,1,3.3,298,1,0,0
STU101977,Mezun,Eşit Ağırlık,Tier 1 (Büyükşehir),Yüksek,Yıllık,16365.0,2026-06-06,2.6,0.662,8.4,5.1,4.1,11,34.0,2,4,66.9,1.02,0,3.1,2,2.3,299,0,0,0
STU101424,12. Sınıf,Eşit Ağırlık,Tier 1 (Büyükşehir),Düşük,Aylık,1796.0,2026-05-25,3.0,0.414,14.8,6.3,2.4,28,2.6,0,6,35.3,1.25,2,1.0,4,3.6,300,1,0,1
STU100533,12. Sınıf,Eşit Ağırlık,Tier 1 (Büyükşehir),Düşük,Aylık,1869.0,2025-10-03,10.7,0.374,9.9,3.1,1.4,1,10.8,4,22,44.1,1.03,1,7.2,4,4.7,298,0,0,0
STU102621,Mezun,Sayısal,Tier 1 (Büyükşehir),Düşük,3 Aylık,5300.0,2026-02-17,6.2,0.732,11.0,8.0,4.0,25,17.5,1,10,37.8,3.91,0,2.3,0,3.5,298,0,0,1
STU101025,12. Sınıf,Eşit Ağırlık,Tier 3,Orta,3 Aylık,4868.0,2026-05-13,3.4,0.677,9.0,5.9,4.6,3,36.0,1,6,54.9,1.04,3,2.2,1,4.5,300,0,0,0
STU102171,11. Sınıf,Sözel,Tier 3,Orta,3 Aylık,5193.0,2025-08-30,11.8,0.453,10.0,4.4,3.4,11,33.9,1,25,49.4,2.85,0,1.9,4,4.6,665,0,0,0
STU100949,12. Sınıf,Sayısal,Tier 3,Yüksek,Yıllık,15600.0,2026-03-16,5.3,0.325,16.9,4.2,4.9,2,11.1,1,12,37.5,2.31,1,0.3,3,3.1,303,0,0,0
STU102258,11. Sınıf,Sayısal,Tier 1 (Büyükşehir),Düşük,Aylık,1873.0,2026-01-05,7.6,0.594,21.8,12.0,5.0,6,23.7,1,16,49.7,-0.88,1,1.0,1,3.6,666,0,0,1
STU101823,12. Sınıf,Sayısal,Tier 1 (Büyükşehir),Yüksek,3 Aylık,4810.0,2026-03-25,5.0,0.641,16.2,10.8,4.8,11,11.0,5,15,26.8,-2.28,2,11.7,0,2.8,297,1,0,0
STU101886,11. Sınıf,Sayısal,Tier 2,Orta,Aylık,1870.0,2026-05-31,2.8,0.502,10.6,5.0,3.0,8,11.8,0,5,44.7,0.37,2,1.8,2,2.0,663,0,0,0
STU100483,12. Sınıf,Sayısal,Tier 3,Orta,3 Aylık,4845.0,2026-05-22,3.1,0.449,13.9,6.8,4.6,3,2.0,3,5,45.5,2.39,1,14.1,0,3.5,303,0,0,1
STU102657,12. Sınıf,Sayısal,Tier 1 (Büyükşehir),Orta,Aylık,1855.0,2026-06-06,2.6,0.802,12.7,9.6,5.3,2,18.6,7,5,68.1,-1.85,2,1.3,0,2.5,302,0,0,0
STU102235,Mezun,Dil,Tier 1 (Büyükşehir),Orta,Aylık,1845.0,2026-07-07,1.6,0.396,10.8,3.9,4.7,44,23.1,4,3,53.7,-1.55,1,0.3,0,3.7,298,0,0,0
STU102967,12. Sınıf,Eşit Ağırlık,Tier 2,Yüksek,3 Aylık,5220.0,2026-08-06,0.6,0.735,14.0,12.0,4.3,6,2.7,0,1,39.3,-0.18,0,0.9,1,4.7,302,0,0,0
STU101196,11. Sınıf,Sayısal,Tier 2,Orta,3 Aylık,4656.0,2025-10-30,9.8,0.944,14.1,12.5,3.3,1,4.4,2,23,53.0,2.16,0,1.6,1,3.6,668,0,0,0
STU101785,Mezun,Sayısal,Tier 2,Yüksek,Aylık,1829.0,2026-06-09,2.5,0.564,14.9,9.5,5.6,18,3.4,0,6,53.0,3.26,0,9.7,2,3.1,299,0,0,0
STU101060,Mezun,Dil,Tier 1 (Büyükşehir),Orta,3 Aylık,4516.0,2026-02-11,6.4,0.478,15.1,6.9,2.8,7,12.8,1,13,25.5,1.97,0,0.4,0,4.5,300,0,0,0
STU102081,11. Sınıf,Sayısal,Tier 1 (Büyükşehir),Düşük,Aylık,1765.0,2026-03-07,5.6,0.89,14.8,12.6,4.8,5,18.5,2,16,50.2,-0.85,0,0.6,1,4.0,668,0,0,0
STU100277,12. Sınıf,Sayısal,Tier 1 (Büyükşehir),Orta,3 Aylık,4933.0,2025-10-24,10.0,0.468,13.1,6.1,3.0,14,42.8,0,14,64.1,1.86,2,5.1,1,3.1,302,1,0,0
STU101718,12. Sınıf,Sayısal,Tier 2,Orta,3 Aylık,4700.0,2026-03-10,5.5,0.654,13.5,8.4,4.3,14,25.9,2,7,54.9,-4.9,1,0.1,2,3.5,303,0,0,0
STU101885,12. Sınıf,Sözel,Tier 2,Düşük,Aylık,1711.0,2026-04-06,4.6,0.872,19.8,17.5,5.3,8,16.1,0,11,37.3,-1.94,1,3.8,3,2.5,303,0,0,0
STU101568,12. Sınıf,Sayısal,Tier 3,Orta,3 Aylık,4602.0,2026-04-19,4.2,0.738,16.1,14.2,2.8,10,13.0,3,6,71.0,0.33,0,2.2,0,2.4,298,0,0,0
STU103411,11. Sınıf,Eşit Ağırlık,Tier 3,Yüksek,Aylık,1946.0,2026-05-25,3.0,0.327,10.7,3.6,2.1,2,9.4,1,6,54.2,0.62,1,1.0,0,3.6,666,1,0,1
STU101644,11. Sınıf,Sayısal,Tier 1 (Büyükşehir),Düşük,Aylık,1809.0,2025-08-30,11.8,0.789,14.9,9.6,3.3,3,30.6,2,19,53.1,1.85,2,0.9,1,3.6,663,0,0,1
STU101686,12. Sınıf,Sayısal,Tier 1 (Büyükşehir),Yüksek,3 Aylık,4876.0,2025-04-15,16.3,0.684,15.2,11.2,4.8,15,11.0,2,40,44.7,1.61,1,8.1,3,3.0,302,0,0,0
STU102094,Mezun,Eşit Ağırlık,Tier 1 (Büyükşehir),Düşük,Aylık,1776.0,2025-02-23,18.0,0.914,15.2,14.8,5.9,12,4.5,0,42,78.9,3.74,1,8.2,0,4.9,297,0,0,0
STU100473,11. Sınıf,Sayısal,Tier 1 (Büyükşehir),Orta,3 Aylık,4386.0,2026-03-25,5.0,0.915,13.5,11.2,3.9,18,66.4,2,11,51.1,-1.18,4,3.1,0,4.0,667,1,0,0
STU101937,12. Sınıf,Sayısal,Tier 2,Yüksek,Aylık,2002.0,2026-07-19,1.2,0.752,14.7,12.2,3.8,10,80.8,5,2,61.3,2.05,0,2.9,2,2.2,302,0,0,0
STU100573,Mezun,Sayısal,Tier 3,Orta,Aylık,1757.0,2025-11-30,8.8,0.661,14.6,12.1,2.5,15,15.4,2,24,60.1,0.94,1,1.0,1,4.4,302,1,0,0
STU102927,12. Sınıf,Sayısal,Tier 2,Yüksek,Aylık,1799.0,2026-07-10,1.5,0.763,13.1,11.7,4.0,1,29.4,4,2,58.3,-1.63,1,4.0,3,2.9,300,0,0,0
STU102783,12. Sınıf,Sayısal,Tier 2,Orta,Aylık,1962.0,2026-04-03,4.7,0.712,10.7,7.8,3.2,34,8.3,5,11,41.6,2.27,2,1.9,1,3.5,302,0,0,0
STU102446,11. Sınıf,Sayısal,Tier 1 (Büyükşehir),Yüksek,3 Aylık,4960.0,2026-06-19,2.2,0.654,11.4,7.4,5.1,47,4.2,1,4,61.5,1.26,2,6.8,2,4.3,663,1,0,0
STU103077,12. Sınıf,Sözel,Tier 1 (Büyükşehir),Orta,Aylık,1956.0,2025-10-21,10.1,0.451,15.7,7.2,4.0,20,2.4,2,25,61.3,-0.18,1,1.0,1,3.6,298,0,0,1
STU101903,11. Sınıf,Sayısal,Tier 2,Düşük,Aylık,1683.0,2026-03-10,5.5,0.482,17.6,7.3,3.2,20,3.0,1,10,51.9,-3.22,2,2.3,1,3.6,666,0,0,1
STU100756,12. Sınıf,Sayısal,Tier 2,Yüksek,Aylık,1748.0,2026-07-07,1.6,0.672,15.7,9.4,6.3,5,5.5,2,3,48.6,1.03,3,1.7,0,4.7,299,0,0,0
STU100952,11. Sınıf,Eşit Ağırlık,Tier 2,Orta,Yıllık,17619.0,2026-03-19,5.2,0.581,16.0,8.9,2.7,9,8.4,2,10,57.3,2.51,2,6.9,1,3.9,662,1,0,0
STU101994,12. Sınıf,Sözel,Tier 1 (Büyükşehir),Yüksek,Aylık,1721.0,2026-02-17,6.2,0.723,12.9,10.7,5.7,19,5.3,2,12,68.3,3.66,1,2.3,1,3.6,303,0,0,1
STU103222,Mezun,Sayısal,Tier 2,Yüksek,3 Aylık,4754.0,2026-05-16,3.3,0.99,9.9,8.9,5.1,4,17.0,2,10,59.6,5.33,0,11.2,0,5.0,297,0,0,0
STU100593,12. Sınıf,Sayısal,Tier 2,Orta,Yıllık,17675.0,2026-07-10,1.5,0.725,14.3,10.5,4.7,18,1.6,1,2,43.5,-1.9,2,3.0,1,5.0,301,0,0,0
STU101612,Mezun,Sözel,Tier 2,Orta,3 Aylık,4824.0,2026-03-01,5.8,0.656,16.0,8.7,3.8,11,45.1,1,14,45.5,2.61,2,2.4,2,2.9,303,1,0,0
STU100082,Mezun,Sayısal,Tier 1 (Büyükşehir),Düşük,3 Aylık,4563.0,2026-03-10,5.5,0.668,13.9,10.0,2.8,8,22.0,2,10,36.6,-1.77,0,1.0,0,3.0,297,0,0,0
STU102046,12. Sınıf,Dil,Tier 1 (Büyükşehir),Orta,Aylık,1944.0,2026-08-03,0.7,0.724,14.5,12.4,5.8,26,5.3,1,2,59.8,2.92,2,13.8,0,5.0,301,0,0,0
STU101472,11. Sınıf,Sayısal,Tier 2,Düşük,Aylık,1936.0,2026-03-07,5.6,0.586,14.1,8.4,5.3,2,18.4,1,7,49.5,2.07,3,0.8,3,3.6,667,1,0,1
STU101590,11. Sınıf,Sayısal,Tier 2,Düşük,3 Aylık,4546.0,2026-02-26,5.9,0.913,13.8,13.5,3.1,3,10.0,2,11,67.7,0.2,3,4.4,1,3.5,664,0,0,1
STU102269,Mezun,Eşit Ağırlık,Tier 3,Düşük,Yıllık,16597.0,2026-03-31,4.8,0.812,19.2,17.2,4.5,14,25.9,0,8,37.5,5.84,1,0.2,2,3.5,300,0,0,0
STU101262,12. Sınıf,Sözel,Tier 2,Orta,Yıllık,17880.0,2026-02-20,6.1,0.527,10.8,5.6,4.5,1,19.5,3,14,51.8,1.66,2,2.0,2,1.9,300,0,0,0
STU101273,12. Sınıf,Eşit Ağırlık,Tier 2,Orta,3 Aylık,4993.0,2025-07-28,12.9,0.604,21.0,13.5,5.0,27,30.6,1,37,58.1,-1.96,1,0.5,2,3.2,298,0,0,0
STU102378,11. Sınıf,Eşit Ağırlık,Tier 3,Yüksek,Aylık,1761.0,2026-04-16,4.3,0.63,11.6,6.5,2.4,29,20.9,4,7,46.0,-2.73,0,0.5,1,3.8,667,0,0,0
STU103249,12. Sınıf,Eşit Ağırlık,Tier 1 (Büyükşehir),Yüksek,Yıllık,16201.0,2026-07-10,1.5,0.801,10.7,7.0,3.9,13,31.2,3,3,50.0,2.71,3,2.4,0,3.6,300,1,0,1
STU100190,Mezun,Sayısal,Tier 3,Orta,3 Aylık,4723.0,2026-04-16,4.3,0.749,12.4,8.3,3.7,13,16.0,2,9,51.9,0.31,2,3.3,2,4.1,298,1,0,0
STU102932,12. Sınıf,Sayısal,Tier 1 (Büyükşehir),Düşük,3 Aylık,5121.0,2025-12-06,8.6,0.732,12.1,9.3,4.8,5,49.9,4,15,64.7,0.3,1,3.2,1,3.8,297,0,0,0
STU102249,12. Sınıf,Dil,Tier 3,Düşük,Yıllık,16392.0,2026-02-26,5.9,0.803,12.7,12.3,2.5,4,14.4,2,8,42.9,3.09,1,8.9,5,3.6,298,0,0,1
STU101228,Mezun,Eşit Ağırlık,Tier 2,Orta,Yıllık,15645.0,2026-05-31,2.8,0.44,12.1,6.5,5.4,10,33.6,2,4,62.0,-1.14,1,8.2,3,3.6,301,1,0,1
STU100617,12. Sınıf,Sözel,Tier 3,Orta,3 Aylık,4445.0,2026-01-17,7.2,0.571,15.4,7.6,4.3,40,16.8,1,15,47.1,1.11,1,6.2,0,3.6,299,1,0,0
STU102780,11. Sınıf,Sözel,Tier 2,Orta,Aylık,1726.0,2026-05-07,3.6,0.655,12.8,9.1,4.2,1,47.6,3,5,53.1,-5.67,1,0.1,3,3.6,664,0,0,1
STU100459,12. Sınıf,Sayısal,Tier 3,Yüksek,3 Aylık,5028.0,2026-07-01,1.8,0.564,16.3,10.2,4.2,8,15.9,0,4,56.0,0.06,2,1.9,0,3.8,298,1,0,0
STU100972,11. Sınıf,Eşit Ağırlık,Tier 1 (Büyükşehir),Orta,3 Aylık,4529.0,2026-06-09,2.5,0.67,13.6,9.9,1.8,2,33.5,2,5,48.5,2.12,1,1.0,1,3.5,662,0,0,0
STU102408,12. Sınıf,Sayısal,Tier 2,Yüksek,3 Aylık,5448.0,2026-03-01,5.8,0.642,8.1,5.0,4.2,4,12.9,0,13,34.1,2.54,3,0.5,1,2.7,301,0,0,0
STU102698,12. Sınıf,Eşit Ağırlık,Tier 2,Orta,Aylık,1701.0,2025-10-06,10.6,0.476,19.1,8.1,2.4,4,33.6,1,23,25.6,-0.66,2,8.4,2,2.9,300,0,0,0
STU101532,12. Sınıf,Sayısal,Tier 3,Düşük,Aylık,1722.0,2026-05-13,3.4,0.646,18.6,13.7,5.7,29,4.1,0,4,82.3,0.21,2,0.7,0,4.4,300,0,0,0
STU102986,11. Sınıf,Sayısal,Tier 3,Orta,Yıllık,16811.0,2025-12-18,8.2,0.581,14.0,8.9,4.6,25,31.3,0,16,58.9,1.65,2,0.9,0,3.1,667,0,0,0
STU101488,Mezun,Sözel,Tier 2,Orta,3 Aylık,4972.0,2026-04-10,4.5,0.843,17.1,14.8,2.5,3,21.3,2,12,30.8,-2.28,1,10.6,0,2.9,299,1,0,0
STU102166,Mezun,Sayısal,Tier 2,Yüksek,3 Aylık,4737.0,2025-07-19,13.2,0.878,15.5,12.6,5.8,24,7.0,2,27,66.4,-0.44,1,0.7,1,3.5,303,0,0,1
STU100613,Mezun,Eşit Ağırlık,Tier 1 (Büyükşehir),Orta,Aylık,1753.0,2026-06-06,2.6,0.99,14.7,15.0,6.8,10,9.2,1,4,61.0,2.17,2,3.7,1,4.6,302,0,0,0
STU100875,Mezun,Sayısal,Tier 1 (Büyükşehir),Orta,Aylık,1762.0,2026-02-20,6.1,0.701,18.9,9.0,5.1,6,4.8,1,13,57.1,-1.14,1,0.9,0,4.5,298,0,1,0
STU101597,11. Sınıf,Eşit Ağırlık,Tier 1 (Büyükşehir),Orta,3 Aylık,4732.0,2026-03-13,5.4,0.668,12.9,8.6,4.7,0,32.1,3,9,50.8,1.74,0,2.5,0,3.4,664,0,0,0
STU101385,11. Sınıf,Sözel,Tier 3,Yüksek,Aylık,1726.0,2026-07-22,1.1,0.59,13.8,7.2,5.5,13,20.6,1,3,59.1,3.62,3,0.9,1,4.7,665,0,0,0
STU103277,12. Sınıf,Eşit Ağırlık,Tier 2,Düşük,3 Aylık,4773.0,2026-03-16,5.3,0.753,9.3,6.9,3.1,6,34.8,0,10,59.9,-2.08,2,8.4,0,5.0,301,0,0,0
STU102632,Mezun,Eşit Ağırlık,Tier 1 (Büyükşehir),Orta,Aylık,1972.0,2026-01-11,7.4,0.73,10.9,7.9,3.7,4,32.1,2,12,73.1,-2.52,1,1.8,2,4.0,298,0,0,0
STU100105,12. Sınıf,Sayısal,Tier 3,Orta,Aylık,1723.0,2026-05-13,3.4,0.772,17.4,12.7,5.3,7,20.0,4,9,54.3,-1.12,1,2.7,0,2.6,298,0,0,0
STU102030,11. Sınıf,Sayısal,Tier 2,Yüksek,Aylık,1588.0,2025-10-06,10.6,0.68,9.6,7.1,5.7,6,30.3,0,15,64.3,0.56,1,7.1,2,4.4,663,0,0,0
STU100908,11. Sınıf,Sözel,Tier 1 (Büyükşehir),Düşük,3 Aylık,4840.0,2025-11-02,9.7,0.571,13.7,8.6,2.5,2,15.4,3,23,43.3,-1.94,0,1.9,2,2.7,663,1,0,0
STU103166,11. Sınıf,Sözel,Tier 1 (Büyükşehir),Orta,Yıllık,17535.0,2026-05-28,2.9,0.632,11.1,7.2,6.2,3,16.9,0,6,45.2,1.5,0,2.0,2,3.6,664,0,0,1
STU103498,12. Sınıf,Sözel,Tier 1 (Büyükşehir),Orta,3 Aylık,3947.0,2026-07-04,1.7,0.722,16.4,11.9,5.0,20,19.3,1,3,59.9,-1.34,0,5.3,1,3.5,301,1,0,1
STU101240,Mezun,Sayısal,Tier 2,Düşük,Aylık,1789.0,2026-07-10,1.5,0.6,17.2,11.3,4.0,1,30.6,2,3,56.1,-0.16,2,2.7,2,3.5,298,0,0,0
STU102933,Mezun,Sözel,Tier 1 (Büyükşehir),Düşük,Aylık,1686.0,2025-08-27,11.9,0.608,17.3,10.9,3.8,7,19.3,2,23,47.5,-3.05,0,1.1,0,3.6,300,1,0,1
STU100544,11. Sınıf,Eşit Ağırlık,Tier 1 (Büyükşehir),Yüksek,3 Aylık,4764.0,2026-04-10,4.5,0.806,12.3,7.3,6.5,16,3.7,1,9,58.3,3.54,1,0.9,0,5.0,662,0,0,0
STU101398,12. Sınıf,Sözel,Tier 1 (Büyükşehir),Düşük,Yıllık,17021.0,2026-05-04,3.7,0.393,18.1,6.4,3.7,3,20.4,3,6,67.5,-2.01,0,0.7,0,3.4,302,0,0,0
STU102854,Mezun,Sayısal,Tier 2,Orta,Aylık,1878.0,2026-06-15,2.3,0.965,10.7,11.7,6.9,12,8.4,0,4,35.0,1.85,1,0.1,1,3.6,297,0,0,1
STU101344,Mezun,Sayısal,Tier 2,Yüksek,Yıllık,16787.0,2026-07-01,1.8,0.588,14.6,8.8,4.0,15,11.7,1,5,39.1,-1.45,0,8.8,3,4.6,297,1,0,0
STU102822,11. Sınıf,Sözel,Tier 3,Yüksek,3 Aylık,4941.0,2026-02-23,6.0,0.941,20.3,20.8,5.4,5,21.2,0,10,62.7,2.96,0,1.9,0,5.0,662,0,0,0
STU102096,11. Sınıf,Sözel,Tier 1 (Büyükşehir),Düşük,3 Aylık,4975.0,2026-03-22,5.1,0.725,12.5,7.6,4.8,44,10.5,1,13,28.1,1.65,1,1.4,2,4.9,666,1,0,0
STU100584,Mezun,Eşit Ağırlık,Tier 3,Orta,3 Aylık,4843.0,2026-02-20,6.1,0.865,10.7,8.6,5.0,10,43.5,2,17,48.3,3.54,2,0.8,0,4.4,301,1,0,0
STU100680,11. Sınıf,Eşit Ağırlık,Tier 3,Yüksek,Yıllık,16372.0,2026-03-07,5.6,0.375,16.8,6.2,1.8,12,31.7,3,13,45.5,0.74,2,3.5,4,4.1,668,0,0,0
STU101059,12. Sınıf,Eşit Ağırlık,Tier 3,Orta,Yıllık,14677.0,2025-02-23,18.0,0.509,19.8,9.4,2.9,54,32.0,4,48,41.0,-4.65,2,0.3,1,2.0,298,1,0,0
STU101099,11. Sınıf,Sayısal,Tier 2,Yüksek,Yıllık,17395.0,2026-03-07,5.6,0.625,12.2,5.9,4.9,31,8.7,3,11,49.9,1.29,3,8.0,6,3.3,663,0,0,0
STU101630,12. Sınıf,Sayısal,Tier 2,Orta,3 Aylık,4693.0,2026-05-01,3.8,0.272,10.9,2.9,3.2,3,32.7,1,7,44.4,0.36,0,0.6,3,2.7,301,0,0,0
STU103048,Mezun,Eşit Ağırlık,Tier 2,Yüksek,Yıllık,16995.0,2026-06-25,2.0,0.777,14.6,12.4,5.6,5,16.4,3,4,55.0,1.91,0,7.5,1,3.6,302,0,0,1
STU100315,12. Sınıf,Sayısal,Tier 1 (Büyükşehir),Orta,Aylık,1766.0,2026-07-04,1.7,0.58,11.7,7.4,4.2,6,58.7,0,3,48.0,-4.39,1,5.9,1,2.2,302,0,0,0
STU101053,11. Sınıf,Eşit Ağırlık,Tier 1 (Büyükşehir),Yüksek,3 Aylık,5012.0,2026-07-28,0.9,0.61,16.3,11.6,1.9,23,26.6,1,2,47.0,-0.09,1,0.2,1,1.0,668,1,0,0
STU101248,Mezun,Sözel,Tier 2,Orta,Aylık,1797.0,2026-03-19,5.2,0.926,13.2,14.2,4.4,3,17.8,1,12,42.6,-0.26,1,2.3,2,2.5,298,0,0,0
STU101218,12. Sınıf,Eşit Ağırlık,Tier 1 (Büyükşehir),Orta,Aylık,1779.0,2026-04-19,4.2,0.72,15.0,9.0,4.3,26,12.0,1,10,75.8,0.53,0,11.4,0,4.1,299,0,1,0
STU100526,Mezun,Eşit Ağırlık,Tier 2,Yüksek,3 Aylık,4501.0,2026-03-19,5.2,0.99,11.8,13.57,5.2,0,56.7,1,12,62.7,0.82,1,4.4,2,5.0,302,0,0,0
STU101317,11. Sınıf,Eşit Ağırlık,Tier 2,Orta,Yıllık,16562.0,2026-07-22,1.1,0.707,15.9,10.8,6.4,17,5.5,1,2,65.9,-0.66,0,6.4,4,4.4,664,0,0,0
STU102982,11. Sınıf,Sözel,Tier 1 (Büyükşehir),Yüksek,Yıllık,15622.0,2026-05-16,3.3,0.906,15.6,12.8,4.4,3,40.9,1,5,61.3,-1.8,1,1.2,1,3.4,663,0,0,0
STU102313,11. Sınıf,Eşit Ağırlık,Tier 2,Orta,3 Aylık,4959.0,2025-08-15,12.3,0.99,12.9,10.6,2.1,4,26.6,3,25,58.2,6.62,1,12.8,1,3.5,663,0,0,0
STU100700,11. Sınıf,Sayısal,Tier 1 (Büyükşehir),Orta,Aylık,1804.0,2026-03-22,5.1,0.595,16.0,10.6,3.0,3,20.8,3,10,53.0,-5.46,3,5.9,1,2.5,668,1,0,0
STU100769,12. Sınıf,Sözel,Tier 1 (Büyükşehir),Yüksek,3 Aylık,5249.0,2026-08-09,0.5,0.638,9.0,5.3,3.9,3,22.4,0,1,63.5,-1.76,1,2.9,1,3.4,298,0,0,0
STU100444,11. Sınıf,Sayısal,Tier 2,Düşük,Aylık,1714.0,2026-03-22,5.1,0.77,17.1,15.0,5.6,6,0.7,1,10,55.3,5.77,1,0.4,1,5.0,668,0,0,0
STU102761,Mezun,Sayısal,Tier 1 (Büyükşehir),Orta,Aylık,1807.0,2026-02-20,6.1,0.99,11.5,11.9,4.0,5,15.3,2,12,37.6,2.69,4,1.6,2,4.9,302,0,0,0
STU101152,11. Sınıf,Sayısal,Tier 1 (Büyükşehir),Orta,3 Aylık,4921.0,2026-06-19,2.2,0.853,10.6,8.4,4.6,13,2.5,2,4,62.7,1.22,0,0.0,3,2.2,664,0,0,0
STU101789,11. Sınıf,Eşit Ağırlık,Tier 1 (Büyükşehir),Yüksek,Yıllık,16649.0,2025-10-09,10.5,0.486,12.6,6.0,6.3,12,18.8,2,23,48.9,-0.52,0,1.7,0,1.9,664,0,0,0
STU101898,11. Sınıf,Eşit Ağırlık,Tier 1 (Büyükşehir),Yüksek,Aylık,1914.0,2025-10-27,9.9,0.472,14.2,7.5,5.6,3,14.3,2,25,56.3,2.3,3,2.2,0,3.5,664,0,0,0
STU100430,Mezun,Eşit Ağırlık,Tier 3,Orta,Yıllık,16412.0,2026-01-23,7.0,0.744,12.6,9.4,5.9,7,7.4,4,10,40.5,-1.13,1,5.6,0,4.6,300,0,0,0
STU103332,11. Sınıf,Sayısal,Tier 1 (Büyükşehir),Düşük,3 Aylık,4700.0,2026-04-22,4.1,0.565,12.4,7.1,4.1,32,8.1,1,6,53.9,0.99,2,0.8,2,3.0,664,0,0,0
STU100787,12. Sınıf,Sayısal,Tier 2,Yüksek,Yıllık,16345.0,2025-07-07,13.6,0.501,14.1,7.2,4.1,5,31.5,3,34,56.4,1.21,1,1.6,0,3.6,300,1,0,1
STU102841,12. Sınıf,Sözel,Tier 1 (Büyükşehir),Düşük,Aylık,1749.0,2026-01-23,7.0,0.4,11.0,4.7,5.7,38,12.7,2,13,72.4,-0.27,3,2.9,0,4.4,301,0,0,0
STU102419,Mezun,Sayısal,Tier 3,Orta,Yıllık,17661.0,2026-01-23,7.0,0.742,13.9,7.8,4.2,1,8.5,1,14,27.3,-2.6,2,7.8,2,3.6,300,0,0,1
STU102892,12. Sınıf,Sayısal,Tier 1 (Büyükşehir),Orta,Aylık,1955.0,2026-04-22,4.1,0.192,11.6,2.0,1.5,9,13.2,1,10,40.9,-3.22,3,1.0,2,3.3,301,1,0,0
STU103390,11. Sınıf,Eşit Ağırlık,Tier 1 (Büyükşehir),Orta,3 Aylık,5173.0,2026-05-01,3.8,0.643,13.4,7.7,5.0,16,19.7,1,7,29.4,0.41,2,4.2,1,2.7,667,0,0,0
STU102090,12. Sınıf,Eşit Ağırlık,Tier 2,Yüksek,3 Aylık,5016.0,2026-05-01,3.8,0.568,12.7,7.9,4.5,1,11.1,0,11,54.4,0.46,2,7.2,0,3.5,299,0,0,1
STU101814,Mezun,Sayısal,Tier 3,Orta,Yıllık,14990.0,2025-10-21,10.1,0.564,11.0,6.9,4.1,14,29.4,1,20,67.5,2.06,3,0.9,1,3.1,301,0,0,0
STU101689,12. Sınıf,Eşit Ağırlık,Tier 1 (Büyükşehir),Orta,Yıllık,18097.0,2025-11-20,9.1,0.827,12.1,10.4,4.9,8,9.5,1,10,47.2,-2.86,0,2.5,0,5.0,298,0,0,0
STU102541,12. Sınıf,Sayısal,Tier 3,Düşük,Yıllık,15502.0,2026-04-22,4.1,0.452,17.0,8.4,4.8,69,8.5,8,8,76.3,-1.58,5,0.1,2,3.2,297,0,0,0
STU103251,12. Sınıf,Sayısal,Tier 1 (Büyükşehir),Orta,Yıllık,15761.0,2026-07-31,0.8,0.99,16.7,13.2,5.0,2,5.4,0,1,46.5,0.73,0,0.9,2,4.1,302,0,0,0
STU101027,12. Sınıf,Eşit Ağırlık,Tier 1 (Büyükşehir),Orta,3 Aylık,4857.0,2026-05-28,2.9,0.545,14.9,7.1,4.6,1,1.4,4,7,35.7,1.49,4,7.5,0,4.9,302,0,0,0
STU101755,12. Sınıf,Sözel,Tier 1 (Büyükşehir),Düşük,Aylık,1781.0,2026-06-25,2.0,0.803,11.4,9.4,4.7,1,63.5,1,5,62.2,-0.36,1,0.7,1,3.7,303,1,0,0
STU101586,12. Sınıf,Sözel,Tier 2,Orta,Aylık,1931.0,2026-06-12,2.4,0.412,17.8,8.1,2.6,16,21.1,2,6,53.8,-0.28,3,5.9,1,3.3,299,0,0,0
STU103415,11. Sınıf,Sözel,Tier 1 (Büyükşehir),Orta,Yıllık,15980.0,2026-01-17,7.2,0.629,15.5,9.7,3.3,16,31.7,1,13,55.2,0.45,2,1.5,0,3.7,662,1,0,0
STU102281,11. Sınıf,Dil,Tier 1 (Büyükşehir),Yüksek,Yıllık,17223.0,2026-02-14,6.3,0.688,9.3,9.2,2.4,59,22.9,2,13,56.9,2.31,1,1.0,3,3.8,665,1,1,0
STU100673,12. Sınıf,Sayısal,Tier 2,Yüksek,Aylık,1836.0,2026-01-20,7.1,0.932,12.0,12.6,3.2,7,27.5,1,13,53.6,2.68,1,3.4,2,4.8,302,1,0,0
STU100654,Mezun,Eşit Ağırlık,Tier 2,Düşük,Aylık,1833.0,2025-11-24,9.0,0.6,15.4,9.0,4.9,7,51.7,1,17,55.4,-1.04,2,17.8,3,4.2,297,1,0,0
STU103268,Mezun,Sözel,Tier 2,Düşük,3 Aylık,4321.0,2026-05-31,2.8,0.419,13.6,6.3,2.5,14,32.5,3,6,34.1,-2.41,1,3.3,2,2.1,299,1,0,0
STU100628,12. Sınıf,Sözel,Tier 1 (Büyükşehir),Orta,Aylık,1779.0,2026-08-09,0.5,0.861,18.9,16.4,4.5,14,13.9,0,1,70.3,-0.64,1,0.5,2,3.8,297,0,0,0
STU100117,12. Sınıf,Sayısal,Tier 3,Yüksek,3 Aylık,5436.0,2025-10-30,9.8,0.755,16.2,12.9,5.6,20,7.1,4,20,45.6,-1.7,3,0.9,2,2.5,303,0,0,0
STU101379,12. Sınıf,Sayısal,Tier 1 (Büyükşehir),Yüksek,Aylık,1789.0,2025-10-27,9.9,0.555,16.3,9.5,2.1,21,16.8,0,20,65.4,3.36,0,14.8,0,3.6,301,1,0,1
STU103261,12. Sınıf,Eşit Ağırlık,Tier 3,Yüksek,Yıllık,17517.0,2026-05-31,2.8,0.721,12.9,8.8,3.4,15,23.2,0,7,56.1,-1.78,3,1.3,0,3.6,300,0,0,1
STU103421,12. Sınıf,Sözel,Tier 1 (Büyükşehir),Orta,Aylık,1809.0,2026-02-20,6.1,0.682,9.2,6.5,5.1,5,2.7,4,12,46.6,3.88,2,21.2,0,4.1,301,0,0,0
STU102517,11. Sınıf,Sözel,Tier 2,Yüksek,Aylık,1755.0,2026-05-22,3.1,0.53,15.1,8.5,2.7,16,18.7,0,5,56.8,0.17,2,8.7,1,3.2,662,0,0,0
STU101569,12. Sınıf,Eşit Ağırlık,Tier 2,Yüksek,3 Aylık,5207.0,2026-04-13,4.4,0.877,14.2,10.6,4.2,20,27.8,1,8,54.2,-0.07,0,0.5,0,2.1,298,0,0,0
STU103188,11. Sınıf,Eşit Ağırlık,Tier 2,Orta,Aylık,1882.0,2026-04-28,3.9,0.68,16.4,12.0,4.4,13,13.4,0,9,65.1,-0.28,1,1.2,1,3.5,664,0,0,0
STU101788,Mezun,Sayısal,Tier 2,Orta,Aylık,1795.0,2026-06-22,2.1,0.813,14.3,11.3,5.3,25,8.7,2,4,80.9,-0.45,2,0.1,1,3.6,301,1,0,1
STU103422,12. Sınıf,Eşit Ağırlık,Tier 1 (Büyükşehir),Yüksek,Aylık,1785.0,2026-06-06,2.6,0.373,11.9,4.2,5.9,5,17.2,6,3,67.3,0.12,2,6.4,0,3.7,302,0,0,0
STU103400,11. Sınıf,Sayısal,Tier 1 (Büyükşehir),Orta,Yıllık,15229.0,2026-03-25,5.0,0.656,11.6,6.2,4.4,14,37.5,3,9,43.5,2.93,3,1.7,1,3.4,662,1,0,0
STU102111,12. Sınıf,Eşit Ağırlık,Tier 1 (Büyükşehir),Yüksek,Aylık,1702.0,2026-06-15,2.3,0.694,15.6,9.6,4.3,9,19.1,4,3,49.0,1.11,0,1.2,0,2.8,299,0,0,0
STU102920,Mezun,Sayısal,Tier 2,Yüksek,Aylık,1832.0,2026-08-03,0.7,0.877,18.7,14.6,4.1,9,6.7,1,2,54.3,2.86,0,2.2,1,2.5,298,0,0,0
STU100996,12. Sınıf,Eşit Ağırlık,Tier 1 (Büyükşehir),Orta,Aylık,1902.0,2026-07-22,1.1,0.655,10.7,8.3,2.8,1,10.5,1,2,43.8,-0.39,2,12.8,0,4.0,300,0,0,0
STU102211,12. Sınıf,Eşit Ağırlık,Tier 1 (Büyükşehir),Orta,Aylık,1866.0,2026-03-22,5.1,0.748,19.3,13.8,1.6,7,30.1,2,9,65.8,-4.21,3,7.8,1,3.8,299,0,0,0
STU100019,12. Sınıf,Sözel,Tier 1 (Büyükşehir),Yüksek,3 Aylık,5337.0,2025-09-11,11.4,0.691,16.4,8.9,3.0,2,6.9,3,18,44.3,0.24,0,0.3,1,3.8,300,0,0,0
STU102486,Mezun,Sayısal,Tier 1 (Büyükşehir),Düşük,3 Aylık,4678.0,2026-04-19,4.2,0.792,11.0,7.7,3.1,4,16.0,3,9,52.1,-1.85,1,2.2,0,3.5,300,0,0,1
STU101746,12. Sınıf,Eşit Ağırlık,Tier 2,Orta,3 Aylık,4560.0,2026-05-22,3.1,0.829,19.5,15.2,3.7,43,28.4,1,6,53.4,-1.2,2,8.5,2,3.9,297,0,0,0
STU102312,12. Sınıf,Eşit Ağırlık,Tier 3,Orta,Aylık,1776.0,2026-03-10,5.5,0.583,10.5,4.6,4.1,40,39.3,4,14,29.7,-0.11,2,1.0,0,3.6,298,0,0,1
STU102202,Mezun,Sayısal,Tier 3,Yüksek,Aylık,1719.0,2026-07-16,1.3,0.99,14.7,12.2,3.5,5,8.2,2,2,28.7,-0.25,1,1.2,1,3.6,303,0,0,1
STU101149,Mezun,Eşit Ağırlık,Tier 1 (Büyükşehir),Düşük,Aylık,1651.0,2026-04-03,4.7,0.725,15.9,10.0,1.9,31,5.1,0,8,59.1,4.19,0,0.8,2,3.4,299,0,0,0
STU102928,12. Sınıf,Eşit Ağırlık,Tier 1 (Büyükşehir),Düşük,3 Aylık,4772.0,2025-12-30,7.8,0.492,12.0,4.2,5.3,9,47.0,2,13,57.2,2.45,2,1.4,0,4.5,300,0,0,0
STU100345,Mezun,Eşit Ağırlık,Tier 1 (Büyükşehir),Orta,3 Aylık,4954.0,2025-07-28,12.9,0.719,18.1,15.6,6.0,6,13.2,4,25,47.4,-0.22,2,7.7,1,3.5,302,0,0,0
STU101265,Mezun,Sayısal,Tier 1 (Büyükşehir),Düşük,Yıllık,17463.0,2026-05-22,3.1,0.728,9.7,6.2,4.0,0,27.5,2,7,32.9,0.46,0,1.3,0,4.1,300,0,0,0
STU100481,11. Sınıf,Eşit Ağırlık,Tier 2,Yüksek,Yıllık,15698.0,2026-01-05,7.6,0.769,9.0,7.9,1.7,24,16.8,3,15,51.2,-2.23,4,3.4,1,4.1,668,0,0,0
STU101225,Mezun,Sayısal,Tier 2,Yüksek,Aylık,1833.0,2026-04-22,4.1,0.705,9.7,7.7,4.8,6,7.6,0,9,64.1,2.92,0,1.8,1,3.9,301,0,0,0
STU102859,12. Sınıf,Eşit Ağırlık,Tier 1 (Büyükşehir),Orta,3 Aylık,5150.0,2026-03-22,5.1,0.685,14.1,10.7,4.0,19,7.9,2,11,24.3,1.85,1,8.4,1,3.9,299,1,0,0
STU103491,11. Sınıf,Sayısal,Tier 3,Orta,3 Aylık,4896.0,2026-05-25,3.0,0.273,10.9,2.8,3.3,5,8.1,3,6,60.2,-5.37,0,19.8,3,4.6,667,0,0,0
STU102057,12. Sınıf,Sayısal,Tier 1 (Büyükşehir),Orta,Yıllık,16109.0,2026-05-22,3.1,0.914,20.1,22.1,6.4,8,21.4,2,5,55.2,-0.99,4,4.0,2,4.6,297,0,0,0
STU102443,12. Sınıf,Sözel,Tier 2,Orta,Aylık,1892.0,2026-08-09,0.5,0.745,15.9,11.8,4.4,27,31.8,2,1,47.8,3.32,0,2.1,1,4.0,301,0,0,0
STU100361,11. Sınıf,Sayısal,Tier 2,Yüksek,3 Aylık,5279.0,2026-02-17,6.2,0.392,12.7,3.9,5.0,21,35.3,1,13,62.2,1.57,1,1.7,3,3.7,664,1,0,0
STU100902,11. Sınıf,Sayısal,Tier 1 (Büyükşehir),Yüksek,Yıllık,17583.0,2026-04-10,4.5,0.439,12.5,4.8,4.0,8,6.5,1,11,83.3,-2.54,0,4.4,2,3.6,662,0,0,1
STU100602,Mezun,Eşit Ağırlık,Tier 1 (Büyükşehir),Orta,3 Aylık,4986.0,2026-06-22,2.1,0.841,16.4,13.7,4.8,38,11.4,2,4,50.4,-0.29,0,1.4,2,4.0,299,0,0,0
STU100537,11. Sınıf,Sözel,Tier 3,Orta,Yıllık,18364.0,2026-04-28,3.9,0.902,17.4,14.9,6.0,5,11.9,2,7,64.9,1.49,3,1.5,2,3.6,666,0,0,1
STU101259,Mezun,Dil,Tier 1 (Büyükşehir),Orta,3 Aylık,4683.0,2026-01-05,7.6,0.676,8.6,6.0,4.0,4,12.9,2,17,45.6,-0.79,0,2.6,1,3.1,300,1,0,0
STU100792,12. Sınıf,Sayısal,Tier 2,Yüksek,Aylık,1824.0,2026-06-25,2.0,0.892,17.4,14.6,5.9,4,13.7,1,4,44.9,0.81,1,0.6,1,5.0,301,0,0,0
STU100223,Mezun,Eşit Ağırlık,Tier 2,Orta,Aylık,1825.0,2026-06-12,2.4,0.52,11.8,5.7,3.5,22,12.1,1,5,72.9,-3.5,3,1.1,2,3.6,302,0,0,1
STU101565,12. Sınıf,Eşit Ağırlık,Tier 2,Orta,Aylık,1672.0,2025-06-03,14.7,0.71,14.1,10.6,5.5,5,3.0,0,25,59.5,2.79,2,2.2,0,5.0,298,0,0,0
STU102080,12. Sınıf,Eşit Ağırlık,Tier 1 (Büyükşehir),Düşük,3 Aylık,4855.0,2026-06-19,2.2,0.576,15.6,8.0,5.9,13,15.0,1,5,56.0,2.16,1,3.1,3,4.9,298,0,0,0
STU102640,12. Sınıf,Sayısal,Tier 1 (Büyükşehir),Yüksek,3 Aylık,4801.0,2026-05-22,3.1,0.79,17.3,12.2,4.9,13,16.5,1,6,50.8,-0.51,3,3.5,0,2.6,298,1,0,0
STU100307,12. Sınıf,Eşit Ağırlık,Tier 1 (Büyükşehir),Orta,3 Aylık,4329.0,2026-08-03,0.7,0.922,11.4,7.6,7.9,4,2.5,2,2,58.7,-2.95,1,2.5,0,4.4,301,0,0,0
STU103131,Mezun,Sayısal,Tier 1 (Büyükşehir),Yüksek,Aylık,1885.0,2026-04-19,4.2,0.468,13.2,7.1,5.9,10,4.2,1,6,53.4,-1.32,1,7.7,2,3.4,298,0,0,0
STU102745,Mezun,Sayısal,Tier 1 (Büyükşehir),Yüksek,3 Aylık,5115.0,2026-05-01,3.8,0.704,13.9,12.1,2.5,7,12.8,4,7,38.3,-1.12,2,10.7,0,2.7,298,0,0,0
STU101211,Mezun,Sayısal,Tier 2,Düşük,Yıllık,15876.0,2026-06-09,2.5,0.709,14.3,8.5,2.6,10,7.0,2,5,40.4,-2.42,0,12.9,1,3.6,302,1,0,1
STU100969,11. Sınıf,Sayısal,Tier 1 (Büyükşehir),Düşük,Aylık,1841.0,2026-03-28,4.9,0.936,14.7,13.5,5.0,10,21.5,2,7,67.9,1.7,0,2.6,4,4.7,663,0,0,0
STU103134,12. Sınıf,Sözel,Tier 1 (Büyükşehir),Yüksek,3 Aylık,5027.0,2026-04-13,4.4,0.869,13.0,12.3,4.8,5,8.8,3,10,72.9,1.54,2,0.1,0,3.3,302,0,0,0
STU102940,Mezun,Eşit Ağırlık,Tier 1 (Büyükşehir),Yüksek,Yıllık,16159.0,2025-06-12,14.4,0.663,16.7,10.3,5.4,4,4.9,3,31,60.1,-2.46,1,0.3,0,3.6,298,0,0,1
STU102325,Mezun,Sayısal,Tier 1 (Büyükşehir),Yüksek,3 Aylık,5195.0,2025-12-30,7.8,0.803,17.1,13.8,4.2,14,8.1,4,12,39.6,-3.6,1,3.9,0,3.5,301,0,0,1
STU101859,11. Sınıf,Sözel,Tier 1 (Büyükşehir),Yüksek,Aylık,1646.0,2026-06-09,2.5,0.543,16.5,8.3,5.2,24,20.9,2,4,38.4,-2.51,3,4.5,1,3.6,665,0,0,1
STU102440,Mezun,Eşit Ağırlık,Tier 1 (Büyükşehir),Orta,3 Aylık,4819.0,2026-02-26,5.9,0.78,13.5,9.8,3.6,6,19.3,4,7,33.6,1.26,2,1.5,0,2.0,298,0,0,0
STU101114,Mezun,Sayısal,Tier 3,Orta,Aylık,1716.0,2026-08-09,0.5,0.81,8.5,6.1,2.2,4,32.5,6,1,36.1,-1.67,1,0.2,0,3.5,303,1,0,0
STU102926,12. Sınıf,Sayısal,Tier 1 (Büyükşehir),Düşük,3 Aylık,5225.0,2026-05-16,3.3,0.576,12.3,6.7,3.7,23,6.6,2,5,47.0,-3.73,1,2.7,0,4.2,300,0,0,0
STU102388,12. Sınıf,Sözel,Tier 1 (Büyükşehir),Yüksek,Aylık,1771.0,2026-05-04,3.7,0.68,11.5,8.3,6.5,14,5.9,1,7,44.5,-0.26,1,7.3,0,3.6,299,0,0,1
STU103281,11. Sınıf,Sayısal,Tier 2,Orta,Yıllık,16443.0,2026-06-06,2.6,0.808,12.7,10.8,5.5,1,16.5,1,5,49.0,2.45,1,1.3,2,4.3,665,0,0,0
STU101410,Mezun,Sayısal,Tier 1 (Büyükşehir),Düşük,3 Aylık,4826.0,2026-04-10,4.5,0.87,14.6,13.1,6.2,4,5.8,4,11,52.5,0.15,0,7.8,1,3.5,298,0,0,1
STU102357,12. Sınıf,Eşit Ağırlık,Tier 2,Orta,3 Aylık,5117.0,2026-02-11,6.4,0.212,14.8,2.9,1.4,17,33.6,2,14,64.3,0.61,1,0.8,4,3.5,303,1,0,1
STU102769,Mezun,Sayısal,Tier 1 (Büyükşehir),Yüksek,Aylık,1711.0,2026-07-28,0.9,0.683,13.9,10.3,6.4,1,8.5,3,1,27.8,-3.63,0,1.9,1,3.6,297,1,0,1
STU100282,11. Sınıf,Dil,Tier 1 (Büyükşehir),Orta,Aylık,1738.0,2026-06-12,2.4,0.441,10.3,4.7,5.2,7,31.8,2,5,64.5,-2.8,2,2.1,1,4.8,665,0,0,0
STU102363,Mezun,Eşit Ağırlık,Tier 2,Yüksek,3 Aylık,5044.0,2026-05-16,3.3,0.643,14.3,11.5,4.0,21,32.0,4,6,45.9,-0.45,1,13.5,0,3.7,298,1,0,0
STU100706,Mezun,Sayısal,Tier 1 (Büyükşehir),Düşük,Aylık,1946.0,2026-07-25,1.0,0.703,13.0,9.3,6.9,1,7.4,0,2,57.0,3.2,0,0.4,1,4.2,297,1,0,0
STU102382,11. Sınıf,Sözel,Tier 2,Yüksek,3 Aylık,4798.0,2026-02-26,5.9,0.827,15.5,12.9,3.5,67,42.9,3,15,50.0,3.18,1,0.3,4,2.9,662,1,0,0
STU102379,12. Sınıf,Sayısal,Tier 1 (Büyükşehir),Orta,Aylık,1720.0,2025-03-13,17.4,0.34,12.4,4.5,3.8,3,12.8,1,28,48.8,0.63,1,1.4,0,3.5,300,0,0,0
STU102528,Mezun,Sözel,Tier 1 (Büyükşehir),Orta,Yıllık,15612.0,2026-03-31,4.8,0.659,16.3,9.8,3.8,9,7.2,2,11,56.4,-1.37,4,0.2,0,1.1,297,0,0,0
STU100310,12. Sınıf,Eşit Ağırlık,Tier 2,Orta,Aylık,1957.0,2026-04-25,4.0,0.9,15.0,13.0,5.2,9,14.8,2,8,46.0,1.2,0,4.6,0,4.3,301,0,0,0
STU102658,11. Sınıf,Sayısal,Tier 1 (Büyükşehir),Orta,Yıllık,14811.0,2025-11-11,9.4,0.862,10.6,8.9,5.2,4,23.6,0,17,52.9,2.63,2,0.0,0,3.6,667,0,0,0
STU102773,11. Sınıf,Sayısal,Tier 2,Düşük,3 Aylık,5109.0,2026-03-07,5.6,0.51,10.9,6.9,4.0,0,20.8,3,11,31.4,-0.28,2,5.1,2,3.3,668,0,0,0
STU100502,Mezun,Sözel,Tier 1 (Büyükşehir),Yüksek,Aylık,1807.0,2026-01-26,6.9,0.625,16.9,9.4,4.2,15,13.6,0,13,60.9,0.85,2,1.0,1,3.6,297,1,0,0
STU100389,Mezun,Sayısal,Tier 1 (Büyükşehir),Yüksek,Aylık,1829.0,2026-02-20,6.1,0.488,18.5,9.0,0.9,0,14.7,0,10,38.2,0.63,2,4.3,4,3.9,301,0,0,0
STU102685,12. Sınıf,Eşit Ağırlık,Tier 1 (Büyükşehir),Orta,Aylık,1792.0,2026-02-20,6.1,0.832,15.4,12.2,6.9,36,2.4,3,14,75.3,-2.98,4,2.1,0,4.5,298,1,0,0
STU103116,11. Sınıf,Sayısal,Tier 2,Orta,Yıllık,17254.0,2026-02-26,5.9,0.636,16.2,10.0,4.4,25,6.9,2,13,30.5,0.59,3,2.5,1,3.1,663,1,0,0
STU101239,11. Sınıf,Eşit Ağırlık,Tier 2,Yüksek,Aylık,1794.0,2026-05-16,3.3,0.966,16.4,13.6,3.3,4,24.2,1,5,35.6,-0.57,1,0.6,1,2.3,668,0,0,0
STU102152,Mezun,Eşit Ağırlık,Tier 1 (Büyükşehir),Orta,3 Aylık,4855.0,2026-01-14,7.3,0.818,17.1,11.2,3.5,15,12.7,0,15,70.9,0.85,1,0.7,0,3.7,298,0,0,0
STU100783,12. Sınıf,Sayısal,Tier 1 (Büyükşehir),Düşük,Aylık,1705.0,2025-11-24,9.0,0.513,14.1,7.4,0.3,10,2.2,1,18,48.6,-1.91,1,3.6,1,3.0,298,1,0,0
STU100716,12. Sınıf,Eşit Ağırlık,Tier 2,Yüksek,3 Aylık,5268.0,2026-04-16,4.3,0.879,13.0,10.4,3.9,4,2.2,0,8,79.9,1.8,1,7.6,2,3.0,303,1,0,0
STU100303,12. Sınıf,Sayısal,Tier 2,Orta,3 Aylık,4760.0,2026-02-17,6.2,0.694,15.1,10.3,3.1,2,19.8,2,10,45.0,-0.32,1,2.3,0,4.3,300,0,0,0
STU101330,Mezun,Eşit Ağırlık,Tier 1 (Büyükşehir),Düşük,Aylık,1729.0,2026-05-28,2.9,0.776,8.6,6.5,3.8,16,9.4,3,5,45.0,-5.7,2,2.0,0,3.6,297,1,0,1
STU100125,12. Sınıf,Eşit Ağırlık,Tier 2,Orta,Yıllık,18442.0,2026-01-17,7.2,0.675,9.3,6.4,4.5,13,7.4,4,16,69.0,0.08,1,0.7,2,2.4,301,0,0,0
STU100714,Mezun,Eşit Ağırlık,Tier 1 (Büyükşehir),Düşük,Aylık,1588.0,2025-10-18,10.2,0.639,14.4,8.2,3.6,34,48.0,4,16,66.2,-0.84,0,0.7,1,1.5,301,1,0,0
STU101518,11. Sınıf,Eşit Ağırlık,Tier 1 (Büyükşehir),Düşük,3 Aylık,4621.0,2025-09-02,11.7,0.99,21.2,18.7,3.5,3,18.9,1,19,38.5,2.12,3,8.6,2,2.5,666,1,0,0
STU102915,11. Sınıf,Sayısal,Tier 2,Orta,Aylık,1731.0,2026-02-14,6.3,0.744,11.5,10.9,2.3,5,12.2,2,12,51.3,1.7,1,1.5,1,4.5,664,0,0,0
STU101363,11. Sınıf,Sözel,Tier 3,Düşük,Aylık,1807.0,2026-07-25,1.0,0.654,14.1,9.7,4.0,2,55.1,1,2,47.4,4.53,2,1.3,1,3.2,666,0,0,0
STU102714,Mezun,Sayısal,Tier 2,Orta,Aylık,1694.0,2026-07-22,1.1,0.803,10.5,8.9,4.4,19,21.6,2,1,63.6,1.41,1,5.7,1,3.6,299,0,0,1
STU101866,Mezun,Eşit Ağırlık,Tier 1 (Büyükşehir),Yüksek,Aylık,1848.0,2025-08-30,11.8,0.95,9.6,8.2,4.1,14,11.6,3,33,30.5,0.66,0,4.5,1,3.9,302,0,0,0
STU101552,12. Sınıf,Eşit Ağırlık,Tier 1 (Büyükşehir),Orta,3 Aylık,4901.0,2026-03-07,5.6,0.574,15.5,11.2,5.4,6,10.2,2,15,40.8,2.42,2,6.1,1,3.8,303,0,0,0
STU100240,Mezun,Sayısal,Tier 1 (Büyükşehir),Orta,3 Aylık,4858.0,2025-09-21,11.1,0.415,13.6,4.8,5.7,23,19.5,1,32,56.9,-0.39,2,3.4,3,4.0,297,0,0,0
STU101233,12. Sınıf,Sayısal,Tier 1 (Büyükşehir),Yüksek,3 Aylık,5109.0,2026-05-10,3.5,0.641,16.3,9.7,3.8,5,34.2,3,5,64.3,1.53,0,2.6,0,3.5,303,0,0,1
STU102879,11. Sınıf,Eşit Ağırlık,Tier 2,Yüksek,Aylık,1670.0,2026-04-28,3.9,0.712,10.4,8.8,3.5,39,18.1,3,9,43.1,-0.28,2,2.5,0,3.0,662,0,0,0
STU100352,12. Sınıf,Sayısal,Tier 1 (Büyükşehir),Orta,Yıllık,16708.0,2025-06-30,13.8,0.552,14.6,8.8,6.3,6,16.6,0,26,43.4,-4.54,2,2.6,1,3.9,297,0,0,0
STU101075,12. Sınıf,Sayısal,Tier 3,Yüksek,3 Aylık,5118.0,2026-01-26,6.9,0.697,14.3,8.7,4.5,4,10.9,4,9,45.1,-2.52,0,1.5,1,4.0,302,1,0,0
STU100344,Mezun,Dil,Tier 3,Yüksek,Aylık,1698.0,2026-06-09,2.5,0.506,15.9,6.8,3.4,10,15.8,4,6,73.8,-2.47,1,3.3,2,4.9,297,1,0,0
STU101381,11. Sınıf,Eşit Ağırlık,Tier 1 (Büyükşehir),Yüksek,3 Aylık,5075.0,2026-06-22,2.1,0.602,17.0,9.8,4.8,11,15.1,2,6,63.9,0.34,4,2.8,3,3.8,667,0,0,0
STU100313,12. Sınıf,Sayısal,Tier 1 (Büyükşehir),Yüksek,3 Aylık,5159.0,2026-06-03,2.7,0.489,14.2,7.1,3.7,18,25.7,6,6,44.6,-0.94,1,6.8,2,3.5,303,1,0,1
STU102960,Mezun,Sayısal,Tier 2,Düşük,3 Aylık,4799.0,2025-11-27,8.9,0.667,15.1,9.0,4.4,8,2.6,1,22,65.9,-1.3,1,0.1,0,5.0,299,0,0,0
STU102812,12. Sınıf,Dil,Tier 1 (Büyükşehir),Düşük,3 Aylık,5125.0,2026-05-07,3.6,0.917,12.8,13.3,5.6,9,15.8,1,7,49.6,0.02,1,4.1,3,3.5,298,0,0,1
STU100931,12. Sınıf,Sözel,Tier 2,Yüksek,3 Aylık,4711.0,2026-07-16,1.3,0.701,14.2,10.1,6.7,10,5.6,1,2,83.3,0.48,0,1.9,1,3.5,298,0,0,1
STU101786,12. Sınıf,Sözel,Tier 2,Yüksek,3 Aylık,4990.0,2026-06-03,2.7,0.534,12.1,6.5,4.0,37,7.8,3,4,48.0,1.71,4,2.4,0,3.4,297,0,0,0
STU103257,12. Sınıf,Sözel,Tier 1 (Büyükşehir),Yüksek,Aylık,1687.0,2026-06-15,2.3,0.536,10.4,5.9,5.1,10,14.0,1,4,50.1,-3.27,2,3.3,1,5.0,299,0,0,0
STU103179,12. Sınıf,Eşit Ağırlık,Tier 1 (Büyükşehir),Orta,3 Aylık,4966.0,2026-05-13,3.4,0.589,14.3,8.6,3.0,7,14.8,1,5,65.2,-4.21,5,3.2,0,3.5,298,0,0,1
STU102309,Mezun,Sözel,Tier 1 (Büyükşehir),Düşük,3 Aylık,4547.0,2026-02-11,6.4,0.554,14.7,6.7,3.1,25,26.0,3,16,57.6,-0.81,1,2.8,1,2.1,301,0,0,0
STU102622,11. Sınıf,Eşit Ağırlık,Tier 1 (Büyükşehir),Yüksek,Yıllık,16965.0,2026-07-22,1.1,0.794,17.6,14.6,3.5,35,3.7,2,2,49.5,0.26,1,0.5,2,3.6,666,0,0,1
STU102194,12. Sınıf,Eşit Ağırlık,Tier 1 (Büyükşehir),Orta,3 Aylık,4701.0,2026-01-20,7.1,0.742,16.4,12.2,5.7,2,4.7,3,16,32.9,0.29,2,0.9,2,2.9,299,0,0,0
STU101740,11. Sınıf,Sayısal,Tier 1 (Büyükşehir),Orta,Aylık,1875.0,2026-02-05,6.6,0.922,15.5,13.6,6.2,1,11.1,1,13,62.4,-1.9,1,8.7,2,5.0,667,0,0,0
STU101396,12. Sınıf,Sayısal,Tier 1 (Büyükşehir),Düşük,3 Aylık,4746.0,2026-08-09,0.5,0.99,17.0,18.7,4.6,8,37.3,2,1,42.5,-3.3,1,0.4,1,3.5,299,0,0,1
STU101187,Mezun,Eşit Ağırlık,Tier 2,Orta,Aylık,1687.0,2026-05-22,3.1,0.595,12.9,7.1,4.1,3,36.6,3,5,49.8,1.36,1,0.4,0,3.3,301,0,0,0
STU102157,11. Sınıf,Sözel,Tier 3,Düşük,Aylık,1698.0,2026-02-26,5.9,0.626,10.0,5.7,3.8,0,15.3,0,10,43.6,1.57,3,0.1,2,4.1,667,0,0,0
STU100771,12. Sınıf,Eşit Ağırlık,Tier 2,Düşük,Aylık,1927.0,2026-02-23,6.0,0.636,14.1,8.8,4.2,8,24.4,1,15,48.7,-1.88,1,5.5,3,4.7,300,0,0,0
STU102529,12. Sınıf,Sayısal,Tier 1 (Büyükşehir),Orta,Aylık,1933.0,2026-08-09,0.5,0.789,17.7,13.2,6.1,42,8.1,2,1,70.7,0.14,1,11.7,1,3.3,301,1,0,0
STU102275,11. Sınıf,Sayısal,Tier 1 (Büyükşehir),Orta,Aylık,1954.0,2026-06-28,1.9,0.73,19.6,11.9,4.5,7,20.5,3,4,70.3,-3.16,2,2.1,2,3.3,664,1,0,0
STU101637,Mezun,Sayısal,Tier 1 (Büyükşehir),Yüksek,Aylık,1724.0,2026-05-31,2.8,0.608,18.4,9.0,2.7,21,4.9,1,6,65.5,3.14,3,6.5,0,4.5,297,0,1,0
STU103486,12. Sınıf,Eşit Ağırlık,Tier 1 (Büyükşehir),Orta,Aylık,1789.0,2026-04-25,4.0,0.34,10.7,3.8,3.4,19,22.8,1,10,65.7,1.75,1,0.8,1,4.5,303,0,0,0
STU102076,Mezun,Dil,Tier 1 (Büyükşehir),Orta,Yıllık,17260.0,2025-10-30,9.8,0.668,19.7,12.3,5.6,1,8.0,2,18,44.3,-2.11,1,0.9,2,2.4,300,0,0,0
STU102824,Mezun,Eşit Ağırlık,Tier 1 (Büyükşehir),Yüksek,Aylık,1776.0,2026-02-11,6.4,0.294,14.4,3.9,6.9,2,10.4,1,7,78.7,-2.51,1,3.5,1,1.0,298,0,0,0
STU100818,12. Sınıf,Sözel,Tier 2,Yüksek,Yıllık,14210.0,2026-05-04,3.7,0.845,12.7,12.1,5.5,7,12.8,2,8,48.8,2.69,1,0.2,2,4.8,297,0,0,0
STU101770,12. Sınıf,Dil,Tier 1 (Büyükşehir),Yüksek,Aylık,2054.0,2026-01-23,7.0,0.522,10.1,5.1,3.2,59,36.4,2,14,33.8,-0.16,4,4.2,1,3.9,298,1,0,0
STU100531,12. Sınıf,Sayısal,Tier 1 (Büyükşehir),Orta,Aylık,1770.0,2026-05-31,2.8,0.504,14.3,7.6,2.7,12,19.2,4,7,53.5,1.78,4,3.7,1,3.3,299,0,0,0
STU101340,11. Sınıf,Sözel,Tier 1 (Büyükşehir),Yüksek,Aylık,1685.0,2026-02-02,6.7,0.653,12.6,8.8,4.2,18,17.2,5,13,57.2,1.27,1,3.2,2,3.6,662,1,0,1
STU101700,Mezun,Sayısal,Tier 1 (Büyükşehir),Orta,Aylık,1758.0,2026-06-03,2.7,0.892,9.7,9.1,7.1,23,27.4,5,6,50.3,-1.11,2,1.9,1,3.6,298,0,0,1
STU103070,11. Sınıf,Eşit Ağırlık,Tier 1 (Büyükşehir),Orta,3 Aylık,4739.0,2026-06-12,2.4,0.636,11.1,7.0,4.4,15,10.9,2,4,39.5,2.11,1,4.6,0,3.5,663,0,0,1
STU100558,12. Sınıf,Sayısal,Tier 2,Orta,Yıllık,15915.0,2026-07-19,1.2,0.711,16.3,11.2,5.8,6,8.1,2,2,64.2,0.03,1,1.4,2,3.3,301,0,0,0
STU101355,11. Sınıf,Dil,Tier 1 (Büyükşehir),Düşük,3 Aylık,5355.0,2025-12-30,7.8,0.654,9.1,6.0,5.9,24,29.2,1,11,33.1,3.1,1,5.5,0,3.5,662,1,0,1
STU100216,11. Sınıf,Eşit Ağırlık,Tier 1 (Büyükşehir),Yüksek,3 Aylık,4976.0,2026-05-07,3.6,0.425,12.5,4.8,3.0,12,41.3,4,6,81.6,-0.89,1,11.0,4,3.5,663,0,0,1
STU100753,12. Sınıf,Eşit Ağırlık,Tier 1 (Büyükşehir),Orta,Yıllık,17151.0,2026-02-23,6.0,0.792,13.0,10.1,5.2,3,27.1,1,13,45.8,-0.82,0,3.3,0,3.2,297,0,0,0
STU100629,Mezun,Sözel,Tier 2,Yüksek,Yıllık,16348.0,2026-04-06,4.6,0.617,15.1,9.8,3.5,37,88.5,3,11,57.9,-0.03,3,0.3,1,3.6,302,0,0,1
STU103213,12. Sınıf,Eşit Ağırlık,Tier 1 (Büyükşehir),Düşük,3 Aylık,4931.0,2026-03-13,5.4,0.373,7.6,3.1,3.3,4,23.3,4,10,37.8,-0.37,2,3.1,1,3.3,300,0,0,0
STU100042,12. Sınıf,Sözel,Tier 3,Düşük,Aylık,1778.0,2026-08-09,0.5,0.5,11.0,4.8,1.9,10,14.0,2,1,16.0,2.12,1,1.0,1,4.4,303,0,0,0
STU101768,11. Sınıf,Sözel,Tier 2,Orta,3 Aylık,5111.0,2026-04-06,4.6,0.474,15.7,5.3,3.0,0,12.0,4,10,51.8,-0.13,2,7.7,3,2.4,665,0,0,0
STU101926,12. Sınıf,Dil,Tier 3,Düşük,3 Aylık,4830.0,2025-12-03,8.7,0.709,18.6,14.7,4.2,11,18.6,3,22,41.8,6.1,1,2.6,3,4.1,301,0,0,0
STU100485,12. Sınıf,Sayısal,Tier 1 (Büyükşehir),Düşük,3 Aylık,4962.0,2025-09-30,10.8,0.849,13.5,10.7,4.3,8,57.5,3,25,60.4,-3.53,1,6.5,0,4.2,299,1,0,0
STU103128,12. Sınıf,Sayısal,Tier 1 (Büyükşehir),Orta,Aylık,1849.0,2026-07-10,1.5,0.882,15.1,15.0,3.9,8,78.8,0,4,33.7,-1.33,2,1.6,0,3.6,297,0,0,1
STU101029,12. Sınıf,Eşit Ağırlık,Tier 1 (Büyükşehir),Orta,3 Aylık,5151.0,2026-04-16,4.3,0.736,12.9,8.8,2.9,11,7.3,1,6,57.5,-1.27,2,2.3,1,5.0,303,1,0,0
STU100799,12. Sınıf,Eşit Ağırlık,Tier 1 (Büyükşehir),Yüksek,Aylık,1812.0,2025-12-27,7.9,0.701,17.4,13.2,4.2,4,6.8,0,16,45.7,-2.89,0,26.2,0,5.0,303,1,0,0
STU103319,12. Sınıf,Dil,Tier 1 (Büyükşehir),Orta,Aylık,1750.0,2026-03-10,5.5,0.622,15.4,11.9,4.1,25,24.5,2,8,64.7,-0.3,3,4.9,0,3.6,301,0,0,1
STU102334,12. Sınıf,Eşit Ağırlık,Tier 1 (Büyükşehir),Yüksek,3 Aylık,5107.0,2026-05-13,3.4,0.684,12.2,9.5,6.2,4,7.7,0,9,54.9,-0.47,2,0.8,1,3.3,300,0,0,0
STU103068,12. Sınıf,Eşit Ağırlık,Tier 1 (Büyükşehir),Yüksek,Aylık,1631.0,2026-02-14,6.3,0.632,13.7,9.8,4.5,28,28.6,2,17,29.8,1.15,0,0.6,0,3.6,301,0,0,1
STU103462,11. Sınıf,Eşit Ağırlık,Tier 1 (Büyükşehir),Yüksek,Aylık,1724.0,2026-05-31,2.8,0.654,16.8,8.3,3.4,16,22.3,2,5,61.2,0.68,0,5.0,1,4.3,668,0,0,0
STU103359,12. Sınıf,Sayısal,Tier 2,Orta,3 Aylık,4579.0,2026-04-10,4.5,0.841,10.2,8.4,4.6,10,10.7,1,9,40.2,3.75,1,2.3,1,3.8,302,0,0,0
STU100909,12. Sınıf,Sayısal,Tier 3,Yüksek,Aylık,1679.0,2026-01-17,7.2,0.722,17.7,10.2,3.0,11,46.0,3,16,48.9,1.92,4,7.0,5,4.0,298,1,0,0
STU102409,Mezun,Sayısal,Tier 1 (Büyükşehir),Orta,3 Aylık,4775.0,2026-06-22,2.1,0.612,12.5,7.6,4.2,3,41.4,4,3,60.5,1.16,2,1.9,5,3.4,301,1,0,0
STU102559,11. Sınıf,Sözel,Tier 1 (Büyükşehir),Orta,3 Aylık,4962.0,2026-08-03,0.7,0.764,12.5,10.6,3.2,6,4.9,2,1,33.2,-1.42,1,2.9,0,3.9,665,0,0,0
STU102404,Mezun,Eşit Ağırlık,Tier 1 (Büyükşehir),Yüksek,3 Aylık,4940.0,2026-03-22,5.1,0.624,12.6,7.1,2.5,23,2.9,1,13,58.6,2.09,1,2.0,0,5.0,300,1,0,0
STU102287,Mezun,Sözel,Tier 1 (Büyükşehir),Orta,3 Aylık,5311.0,2026-06-28,1.9,0.684,11.9,8.6,5.0,8,11.3,1,5,53.8,-0.95,1,3.3,0,2.3,300,0,0,0
STU103050,Mezun,Sözel,Tier 2,Orta,Aylık,1780.0,2026-05-16,3.3,0.317,17.1,9.0,4.6,3,19.3,2,7,43.6,4.21,3,0.8,1,4.2,299,0,1,0
STU103017,11. Sınıf,Eşit Ağırlık,Tier 1 (Büyükşehir),Orta,3 Aylık,5188.0,2026-04-19,4.2,0.969,15.6,14.7,4.1,32,27.8,1,10,54.2,0.62,2,1.3,2,3.5,668,1,0,1
STU102422,Mezun,Eşit Ağırlık,Tier 3,Yüksek,3 Aylık,4839.0,2026-06-09,2.5,0.64,14.6,10.2,5.3,1,3.7,1,6,56.5,3.2,2,6.5,3,3.6,301,1,0,0
STU100118,12. Sınıf,Sayısal,Tier 3,Yüksek,Aylık,1857.0,2026-07-01,1.8,0.849,17.3,16.2,5.1,4,18.4,2,4,62.4,0.76,3,11.2,2,3.5,297,0,0,0
STU102461,12. Sınıf,Sayısal,Tier 1 (Büyükşehir),Yüksek,Aylık,1890.0,2026-02-20,6.1,0.445,14.2,6.5,3.3,8,5.2,2,12,56.4,2.07,3,2.3,2,3.2,301,0,0,0
STU102725,12. Sınıf,Sayısal,Tier 2,Düşük,Yıllık,18099.0,2026-07-01,1.8,0.272,13.1,4.1,3.5,1,14.7,2,3,71.2,-5.4,3,1.6,2,3.4,300,0,0,0
STU100091,12. Sınıf,Sayısal,Tier 1 (Büyükşehir),Düşük,3 Aylık,5334.0,2026-03-10,5.5,0.957,12.5,13.0,4.3,2,8.4,2,10,70.1,-1.83,2,0.7,1,5.0,303,0,0,0
STU102823,Mezun,Sayısal,Tier 1 (Büyükşehir),Düşük,Aylık,2004.0,2025-06-21,14.1,0.688,18.5,13.8,2.3,1,50.6,3,23,48.5,-3.49,1,1.6,0,1.7,300,0,0,0
STU100758,11. Sınıf,Dil,Tier 1 (Büyükşehir),Orta,Aylık,1785.0,2026-02-02,6.7,0.957,18.8,14.5,3.8,12,47.2,4,14,61.6,2.15,0,0.6,0,4.4,663,0,0,0
STU101267,Mezun,Eşit Ağırlık,Tier 1 (Büyükşehir),Düşük,Aylık,1898.0,2026-07-22,1.1,0.635,8.9,9.0,4.3,5,40.0,0,2,46.3,-0.54,0,0.5,0,3.6,298,1,1,1
STU101690,Mezun,Eşit Ağırlık,Tier 2,Yüksek,3 Aylık,4901.0,2026-03-04,5.7,0.462,14.4,6.5,5.4,4,21.7,2,12,56.3,-2.5,1,2.1,1,4.8,297,0,0,0
STU101135,12. Sınıf,Sayısal,Tier 1 (Büyükşehir),Orta,Aylık,1745.0,2026-04-13,4.4,0.667,19.5,12.8,3.8,16,22.3,2,6,58.4,-0.4,1,0.8,0,3.6,297,0,0,1
STU101794,Mezun,Sözel,Tier 3,Orta,3 Aylık,4926.0,2026-05-13,3.4,0.874,11.3,8.7,4.9,6,17.9,2,8,57.4,3.01,1,0.7,0,3.2,298,0,0,0
STU101494,12. Sınıf,Eşit Ağırlık,Tier 3,Düşük,3 Aylık,4934.0,2026-05-25,3.0,0.758,14.6,10.3,4.1,7,10.0,3,7,62.7,-1.38,2,0.4,1,4.4,300,0,0,0
STU103455,Mezun,Eşit Ağırlık,Tier 1 (Büyükşehir),Yüksek,3 Aylık,4974.0,2025-12-24,8.0,0.839,15.6,14.4,4.9,1,15.7,1,15,53.5,-4.27,0,11.1,0,3.6,297,0,0,0
STU101566,11. Sınıf,Eşit Ağırlık,Tier 2,Yüksek,Yıllık,17928.0,2026-07-28,0.9,0.55,13.2,7.6,3.9,11,39.7,2,2,46.5,-2.71,2,2.1,0,3.9,664,1,0,0
STU101979,11. Sınıf,Dil,Tier 1 (Büyükşehir),Orta,3 Aylık,5098.0,2026-02-26,5.9,0.58,13.8,9.0,5.2,7,24.0,3,11,57.6,-0.09,1,0.0,1,4.3,666,0,1,0
STU102212,Mezun,Dil,Tier 1 (Büyükşehir),Orta,Aylık,1861.0,2026-05-16,3.3,0.52,15.2,9.2,2.6,2,3.7,3,6,57.9,1.58,2,4.0,0,4.9,300,0,0,0
STU100796,11. Sınıf,Eşit Ağırlık,Tier 3,Orta,Aylık,1901.0,2026-06-15,2.3,0.687,14.9,10.0,4.9,7,11.4,3,4,59.4,1.02,1,2.4,1,2.6,662,0,0,0
STU101018,11. Sınıf,Sözel,Tier 2,Orta,Aylık,1930.0,2026-06-25,2.0,0.477,18.7,8.9,0.9,3,47.0,0,5,58.1,-0.07,2,3.8,1,3.6,665,1,0,0
STU102609,12. Sınıf,Eşit Ağırlık,Tier 3,Yüksek,Aylık,1971.0,2026-04-25,4.0,0.664,15.4,11.4,4.6,2,20.0,5,9,34.1,1.87,2,0.3,2,3.4,299,0,0,0
STU102445,12. Sınıf,Sayısal,Tier 1 (Büyükşehir),Orta,Aylık,1792.0,2026-05-19,3.2,0.403,15.5,6.0,3.1,3,24.3,2,6,38.3,-0.7,1,11.7,0,3.0,297,0,0,0
STU102503,Mezun,Sayısal,Tier 1 (Büyükşehir),Orta,Aylık,1822.0,2025-05-07,15.6,0.673,11.4,9.6,5.1,21,15.8,3,12,65.9,0.72,0,1.9,2,4.0,298,0,0,0
STU103454,Mezun,Eşit Ağırlık,Tier 3,Düşük,Aylık,1736.0,2026-05-22,3.1,0.713,10.9,7.3,4.8,9,6.7,0,8,56.5,3.17,0,2.5,4,2.7,298,0,0,0
STU101415,Mezun,Sözel,Tier 1 (Büyükşehir),Düşük,Yıllık,18321.0,2026-06-25,2.0,0.738,17.5,14.5,3.2,4,42.7,3,6,72.4,2.6,0,0.8,2,3.7,298,0,0,0
STU102467,12. Sınıf,Sayısal,Tier 3,Yüksek,3 Aylık,4916.0,2026-01-26,6.9,0.796,13.8,8.5,4.6,11,20.8,4,13,40.7,3.11,3,11.5,5,2.7,300,0,0,0
STU100274,12. Sınıf,Sözel,Tier 1 (Büyükşehir),Orta,3 Aylık,4800.0,2026-07-13,1.4,0.586,7.3,3.3,2.1,8,34.3,1,2,66.8,2.71,1,0.8,2,3.5,298,0,0,0
STU100388,11. Sınıf,Sözel,Tier 1 (Büyükşehir),Yüksek,Aylık,1924.0,2026-02-14,6.3,0.587,18.7,10.2,4.8,32,38.2,0,13,43.8,1.07,0,1.1,0,2.1,665,1,0,0
STU100014,12. Sınıf,Sözel,Tier 1 (Büyükşehir),Orta,Aylık,1761.0,2026-05-16,3.3,0.695,9.7,4.1,2.0,2,11.1,1,9,34.2,-1.71,0,5.6,3,3.6,303,0,0,1
STU102330,12. Sınıf,Eşit Ağırlık,Tier 3,Orta,3 Aylık,5420.0,2026-06-15,2.3,0.402,13.3,5.4,4.0,7,3.9,4,5,46.3,-2.1,0,11.4,3,3.5,300,1,0,1
STU101081,Mezun,Sözel,Tier 2,Düşük,3 Aylık,4849.0,2026-06-25,2.0,0.638,11.8,8.8,2.3,10,11.8,4,5,46.4,-0.57,3,8.2,0,3.4,298,0,0,0
STU101372,12. Sınıf,Eşit Ağırlık,Tier 1 (Büyükşehir),Orta,Aylık,1632.0,2026-06-19,2.2,0.457,12.2,6.0,4.7,5,3.6,3,6,56.1,1.55,1,6.4,2,1.9,302,0,0,0
STU100794,11. Sınıf,Sözel,Tier 1 (Büyükşehir),Orta,3 Aylık,4762.0,2026-02-20,6.1,0.902,20.5,18.6,5.4,1,21.6,0,11,24.5,2.11,0,19.0,3,3.2,666,0,0,0
STU100911,Mezun,Sayısal,Tier 2,Orta,Aylık,1805.0,2026-06-12,2.4,0.503,8.9,4.5,5.6,0,12.9,0,5,59.3,-0.57,0,0.2,2,3.6,303,0,0,0
STU102093,11. Sınıf,Sayısal,Tier 2,Orta,Aylık,1693.0,2025-06-24,14.0,0.726,14.7,10.4,4.5,3,7.6,2,29,51.4,-2.35,0,0.7,1,2.5,664,0,0,0
STU102451,12. Sınıf,Eşit Ağırlık,Tier 1 (Büyükşehir),Düşük,Aylık,2033.0,2026-03-04,5.7,0.941,6.9,6.9,4.1,8,13.5,2,11,69.9,0.7,3,4.8,1,4.7,300,1,0,0
STU103395,Mezun,Sayısal,Tier 3,Düşük,Aylık,1752.0,2025-11-08,9.5,0.456,11.8,5.6,1.8,20,28.7,1,15,47.4,-1.22,0,13.7,2,3.6,301,1,0,1
STU100155,12. Sınıf,Sayısal,Tier 3,Orta,3 Aylık,5079.0,2026-05-19,3.2,0.596,13.7,7.6,2.9,6,10.9,1,6,45.0,-0.87,2,5.1,0,3.2,302,0,0,0
STU102317,Mezun,Sayısal,Tier 2,Orta,Aylık,1777.0,2026-07-10,1.5,0.806,14.4,12.5,3.7,0,23.3,1,3,44.0,-0.75,1,2.1,0,2.9,300,0,0,0
STU103137,11. Sınıf,Eşit Ağırlık,Tier 1 (Büyükşehir),Orta,3 Aylık,4909.0,2026-07-25,1.0,0.642,10.2,5.7,3.3,3,67.4,1,1,70.5,-2.65,1,1.9,0,4.7,664,1,0,0
STU101924,11. Sınıf,Dil,Tier 1 (Büyükşehir),Orta,Aylık,1667.0,2026-04-25,4.0,0.595,9.7,6.5,4.0,18,14.7,1,10,61.2,0.31,4,2.2,0,2.5,664,0,0,0
STU102521,12. Sınıf,Sözel,Tier 1 (Büyükşehir),Düşük,3 Aylık,5066.0,2026-03-19,5.2,0.797,11.9,9.0,3.7,0,11.8,5,10,53.1,1.57,2,7.7,6,4.5,297,0,0,0
STU103196,12. Sınıf,Sayısal,Tier 1 (Büyükşehir),Yüksek,Aylık,1789.0,2025-09-24,11.0,0.424,13.0,5.2,3.2,10,5.1,4,15,59.7,3.2,0,0.9,1,2.1,300,1,0,0
STU100239,11. Sınıf,Eşit Ağırlık,Tier 1 (Büyükşehir),Yüksek,Yıllık,16527.0,2026-06-06,2.6,0.758,12.1,9.8,2.6,15,26.4,1,5,61.5,-1.38,0,6.3,1,3.8,665,1,0,0
STU100412,11. Sınıf,Sözel,Tier 2,Yüksek,Aylık,1899.0,2026-05-04,3.7,0.974,17.7,18.8,3.2,4,31.6,2,9,26.5,-1.1,1,3.0,2,2.8,664,0,0,0
STU101334,Mezun,Sayısal,Tier 1 (Büyükşehir),Orta,Aylık,1893.0,2025-11-24,9.0,0.89,16.8,13.3,4.9,29,20.5,1,19,46.6,-0.44,4,1.5,1,4.4,303,0,0,0
STU103306,11. Sınıf,Eşit Ağırlık,Tier 1 (Büyükşehir),Orta,3 Aylık,4881.0,2026-07-04,1.7,0.512,20.8,8.3,3.1,13,15.0,2,4,37.8,0.93,1,0.2,0,3.9,665,0,0,0
STU100453,11. Sınıf,Eşit Ağırlık,Tier 3,Yüksek,3 Aylık,4944.0,2026-03-13,5.4,0.45,12.9,5.9,3.1,38,8.1,3,6,48.7,0.89,2,5.3,1,3.0,664,1,0,0
STU102054,12. Sınıf,Eşit Ağırlık,Tier 2,Yüksek,Yıllık,17118.0,2026-05-07,3.6,0.592,10.8,6.9,3.9,3,9.9,2,5,48.5,-1.22,1,2.5,1,5.0,303,0,0,0
STU102818,12. Sınıf,Eşit Ağırlık,Tier 1 (Büyükşehir),Orta,Aylık,1926.0,2025-12-24,8.0,0.877,12.2,11.3,4.0,16,18.4,3,13,46.9,0.64,2,4.0,0,3.6,298,1,0,1
STU100549,12. Sınıf,Eşit Ağırlık,Tier 2,Yüksek,Aylık,1777.0,2026-03-22,5.1,0.552,10.4,5.8,4.0,19,6.1,1,7,49.8,2.23,2,0.9,0,4.2,302,0,0,0
STU100463,12. Sınıf,Sayısal,Tier 1 (Büyükşehir),Düşük,Yıllık,17465.0,2026-05-04,3.7,0.835,13.8,9.6,5.4,5,12.9,2,8,54.4,-2.73,2,2.0,0,4.4,303,1,0,0
STU102964,11. Sınıf,Eşit Ağırlık,Tier 1 (Büyükşehir),Yüksek,Aylık,1932.0,2025-08-18,12.2,0.699,18.4,10.5,2.2,16,25.4,2,21,56.7,0.18,2,3.4,2,3.6,665,1,0,1
STU103333,11. Sınıf,Dil,Tier 1 (Büyükşehir),Düşük,Aylık,1803.0,2026-05-25,3.0,0.433,15.6,6.6,5.3,4,19.3,2,6,43.7,-1.05,2,9.8,0,2.1,666,0,0,0
STU102156,11. Sınıf,Sözel,Tier 1 (Büyükşehir),Düşük,3 Aylık,4885.0,2026-05-25,3.0,0.618,12.9,7.4,4.8,7,19.2,1,6,48.8,-0.35,1,1.1,1,2.0,668,0,0,0
STU102852,Mezun,Sözel,Tier 1 (Büyükşehir),Orta,Aylık,1862.0,2026-06-22,2.1,0.574,15.5,6.6,4.3,13,17.3,1,5,39.1,-2.22,2,3.2,0,3.5,297,1,0,0
STU100889,12. Sınıf,Eşit Ağırlık,Tier 1 (Büyükşehir),Orta,3 Aylık,4562.0,2026-01-11,7.4,0.79,12.6,9.1,5.0,5,10.2,0,12,56.7,-2.69,1,2.9,2,3.3,303,0,0,0
STU100158,12. Sınıf,Sözel,Tier 1 (Büyükşehir),Yüksek,Aylık,1652.0,2026-03-10,5.5,0.686,14.6,9.0,6.7,27,30.5,2,7,46.1,-3.47,0,3.3,1,3.6,299,0,1,1
STU101179,11. Sınıf,Sözel,Tier 1 (Büyükşehir),Orta,Aylık,1846.0,2025-11-08,9.5,0.626,13.4,8.9,5.2,21,33.0,4,22,71.3,1.69,1,10.9,3,2.5,667,0,0,0
STU101314,11. Sınıf,Eşit Ağırlık,Tier 1 (Büyükşehir),Düşük,Aylık,1841.0,2026-07-31,0.8,0.766,16.8,13.0,3.5,15,19.5,1,1,51.9,0.85,1,4.0,1,3.6,662,0,0,1
STU102343,12. Sınıf,Eşit Ağırlık,Tier 1 (Büyükşehir),Orta,Aylık,1955.0,2026-06-22,2.1,0.59,13.7,8.6,5.4,6,5.3,0,4,65.7,-3.39,1,2.1,1,4.4,298,0,0,0
STU102576,12. Sınıf,Eşit Ağırlık,Tier 2,Düşük,Aylık,1862.0,2026-03-13,5.4,0.88,12.8,12.6,5.3,4,13.2,3,10,40.4,0.14,0,0.3,1,3.3,299,0,0,0
STU102208,11. Sınıf,Sayısal,Tier 3,Orta,Aylık,1792.0,2026-06-09,2.5,0.99,14.4,14.1,4.4,50,35.2,1,4,33.1,3.56,1,2.1,0,4.2,664,0,0,0
STU101030,12. Sınıf,Sözel,Tier 2,Yüksek,3 Aylık,5033.0,2026-04-13,4.4,0.723,9.5,6.5,4.8,22,10.8,1,11,48.6,0.09,2,0.5,0,3.4,301,0,0,0
STU101236,11. Sınıf,Eşit Ağırlık,Tier 2,Orta,Yıllık,16377.0,2026-03-25,5.0,0.818,12.9,10.6,2.9,2,27.3,1,9,67.0,-0.79,1,1.0,0,3.6,668,0,0,1
STU102907,11. Sınıf,Sayısal,Tier 1 (Büyükşehir),Düşük,3 Aylık,4921.0,2025-06-09,14.5,0.554,17.2,7.2,4.5,2,12.8,3,23,60.3,2.48,2,0.0,1,3.9,666,0,0,0
STU100901,11. Sınıf,Eşit Ağırlık,Tier 2,Yüksek,3 Aylık,5442.0,2026-03-22,5.1,0.717,17.7,10.7,3.6,2,23.0,3,9,41.5,-0.36,3,1.5,0,3.5,663,0,0,1
STU102829,12. Sınıf,Sayısal,Tier 1 (Büyükşehir),Orta,3 Aylık,4705.0,2025-07-31,12.8,0.825,16.1,12.8,3.2,21,19.4,4,23,40.8,1.54,0,0.8,0,2.4,299,1,0,0
STU101455,11. Sınıf,Sayısal,Tier 3,Yüksek,Aylık,2009.0,2026-03-16,5.3,0.642,9.0,6.3,3.2,11,21.6,3,8,57.2,-0.38,3,0.6,2,2.4,667,0,0,0
STU101466,12. Sınıf,Sayısal,Tier 1 (Büyükşehir),Düşük,Aylık,1711.0,2025-11-27,8.9,0.321,12.7,3.8,7.1,9,7.9,2,21,52.1,0.31,2,3.4,1,3.7,303,0,0,0
STU100806,12. Sınıf,Eşit Ağırlık,Tier 2,Düşük,3 Aylık,4974.0,2026-05-25,3.0,0.469,12.2,5.3,3.7,14,19.6,2,7,57.7,-4.11,2,3.4,0,3.5,303,0,0,1
STU102903,Mezun,Eşit Ağırlık,Tier 3,Orta,3 Aylık,4727.0,2026-04-13,4.4,0.912,10.6,10.7,4.3,14,15.1,0,10,47.1,0.07,3,2.6,3,3.5,298,0,0,1
STU103247,Mezun,Eşit Ağırlık,Tier 3,Düşük,Aylık,1788.0,2026-06-25,2.0,0.589,13.2,7.9,5.9,6,28.2,2,4,41.1,-2.03,2,6.2,1,4.3,298,0,0,0
STU102500,11. Sınıf,Eşit Ağırlık,Tier 2,Orta,3 Aylık,4621.0,2026-07-13,1.4,0.731,14.9,12.4,2.8,0,34.1,3,2,47.9,1.27,2,0.0,0,3.5,664,0,0,1
STU102693,Mezun,Eşit Ağırlık,Tier 1 (Büyükşehir),Orta,Aylık,1760.0,2026-07-19,1.2,0.5,14.6,7.7,4.2,7,27.2,0,2,55.6,-1.04,2,0.5,1,2.9,301,0,0,0
STU101347,12. Sınıf,Eşit Ağırlık,Tier 1 (Büyükşehir),Düşük,Aylık,1744.0,2026-07-25,1.0,0.895,14.7,14.0,6.2,28,28.5,3,2,52.1,0.36,0,16.6,1,3.6,297,0,0,1
STU100577,12. Sınıf,Eşit Ağırlık,Tier 2,Yüksek,Aylık,1581.0,2025-12-21,8.1,0.624,11.6,6.0,3.2,55,9.6,1,13,56.6,-1.79,6,9.6,0,3.6,299,1,0,1
STU100710,Mezun,Eşit Ağırlık,Tier 2,Orta,Aylık,1709.0,2026-08-09,0.5,0.69,14.1,9.6,2.6,6,26.7,2,1,42.2,-0.23,1,13.4,0,3.8,302,0,0,0
STU100121,12. Sınıf,Sayısal,Tier 2,Yüksek,Aylık,1882.0,2026-04-06,4.6,0.77,14.0,10.6,4.5,20,11.7,0,10,78.6,-2.17,6,3.2,1,3.6,297,1,0,1
STU101969,12. Sınıf,Sayısal,Tier 3,Yüksek,3 Aylık,4866.0,2026-02-02,6.7,0.527,12.8,7.7,4.2,4,12.9,2,12,60.6,-1.4,1,3.3,2,3.4,303,1,0,0
STU101577,Mezun,Sayısal,Tier 1 (Büyükşehir),Düşük,Aylık,1770.0,2026-04-28,3.9,0.757,23.6,15.4,3.0,6,39.0,0,8,36.0,-0.56,3,4.4,0,3.0,298,0,0,0
STU100932,12. Sınıf,Sözel,Tier 2,Yüksek,Aylık,1839.0,2026-06-28,1.9,0.905,10.1,8.1,4.0,28,7.7,0,5,38.7,2.43,1,11.2,0,5.0,299,0,0,0
STU102039,Mezun,Sayısal,Tier 1 (Büyükşehir),Orta,Aylık,1736.0,2026-05-22,3.1,0.802,10.3,9.8,2.8,33,9.8,0,5,56.9,0.74,3,6.4,2,3.6,298,0,0,1
STU101276,11. Sınıf,Eşit Ağırlık,Tier 1 (Büyükşehir),Orta,Aylık,1852.0,2025-11-08,9.5,0.575,12.9,6.3,5.9,3,50.9,1,17,72.1,-3.92,2,4.1,4,3.6,666,1,0,1
STU102390,12. Sınıf,Dil,Tier 2,Orta,3 Aylık,4918.0,2026-07-10,1.5,0.562,21.2,10.5,2.7,6,22.7,1,4,60.0,1.32,2,2.2,0,3.5,300,1,0,1
STU102895,11. Sınıf,Sözel,Tier 3,Orta,Yıllık,16183.0,2026-07-25,1.0,0.69,14.9,9.1,6.0,2,25.8,1,2,66.0,1.13,1,1.9,2,3.6,662,0,0,1
STU100504,12. Sınıf,Eşit Ağırlık,Tier 1 (Büyükşehir),Düşük,3 Aylık,4928.0,2026-05-31,2.8,0.454,14.5,6.3,4.1,17,7.6,4,5,29.6,3.01,0,5.7,1,4.0,298,0,0,0
STU100837,Mezun,Sayısal,Tier 1 (Büyükşehir),Orta,3 Aylık,4768.0,2026-01-23,7.0,0.835,14.3,11.8,5.6,0,55.4,1,16,67.3,-0.33,0,3.3,0,5.0,298,0,0,0
STU103079,11. Sınıf,Dil,Tier 1 (Büyükşehir),Orta,3 Aylık,4608.0,2025-02-23,18.0,0.597,13.6,8.6,3.1,7,16.5,0,33,36.6,-0.84,3,0.5,1,4.0,666,0,0,0
STU101631,Mezun,Sayısal,Tier 2,Düşük,3 Aylık,4918.0,2026-06-19,2.2,0.479,8.7,4.4,4.2,9,5.9,1,5,43.7,-3.11,1,5.1,2,3.9,300,0,0,0
STU102085,11. Sınıf,Dil,Tier 1 (Büyükşehir),Düşük,Aylık,1872.0,2026-06-22,2.1,0.809,10.0,9.6,3.7,9,6.7,1,5,55.5,-0.39,1,5.3,0,4.3,665,0,0,0
STU103279,11. Sınıf,Eşit Ağırlık,Tier 1 (Büyükşehir),Orta,Yıllık,17440.0,2026-04-22,4.1,0.65,16.9,8.9,2.8,16,12.0,2,9,55.5,-1.48,9,5.8,1,2.2,666,1,0,0
STU102032,12. Sınıf,Eşit Ağırlık,Tier 1 (Büyükşehir),Yüksek,Aylık,1966.0,2026-06-19,2.2,0.545,11.6,7.2,3.1,26,30.7,1,4,43.9,2.77,2,7.0,2,4.2,297,1,0,0
STU102805,11. Sınıf,Sayısal,Tier 1 (Büyükşehir),Yüksek,Yıllık,16627.0,2026-05-28,2.9,0.797,15.1,12.9,5.0,5,45.5,5,4,45.7,2.78,1,0.2,5,5.0,668,0,0,0
STU101628,11. Sınıf,Sözel,Tier 1 (Büyükşehir),Orta,Aylık,1898.0,2026-02-05,6.6,0.876,14.2,9.4,6.9,14,14.2,1,15,51.8,0.46,0,0.2,2,5.0,668,0,0,0
STU101484,12. Sınıf,Sayısal,Tier 1 (Büyükşehir),Orta,3 Aylık,5094.0,2025-12-24,8.0,0.765,7.7,6.1,3.2,0,27.2,6,17,58.0,-1.94,0,4.5,1,4.7,303,0,0,0
STU101251,11. Sınıf,Eşit Ağırlık,Tier 2,Yüksek,Aylık,1746.0,2026-07-07,1.6,0.594,7.0,4.0,4.9,1,23.3,0,3,69.2,-0.87,3,0.9,0,2.5,664,0,0,0
STU101483,11. Sınıf,Sayısal,Tier 2,Yüksek,3 Aylık,5285.0,2026-06-22,2.1,0.586,17.7,10.5,5.3,13,25.3,3,4,46.0,-0.06,3,1.0,2,3.9,668,1,0,0
STU100373,12. Sınıf,Sayısal,Tier 3,Orta,Yıllık,17200.0,2026-06-15,2.3,0.702,10.3,7.7,3.7,5,14.0,0,6,35.7,0.68,1,1.1,2,3.5,298,0,0,0
STU102625,12. Sınıf,Sayısal,Tier 3,Yüksek,3 Aylık,4660.0,2026-04-28,3.9,0.725,12.7,9.4,3.9,17,37.2,1,4,55.5,-1.24,0,2.5,1,4.3,301,1,0,0
STU103091,Mezun,Eşit Ağırlık,Tier 3,Orta,Aylık,1729.0,2026-06-22,2.1,0.822,11.1,9.9,4.7,32,36.8,0,4,48.1,3.44,2,2.5,0,3.6,302,1,0,1
STU100228,12. Sınıf,Eşit Ağırlık,Tier 3,Düşük,Aylık,1956.0,2026-05-07,3.6,0.597,16.6,10.9,3.8,1,57.0,2,6,43.2,0.29,1,7.6,1,2.4,303,1,0,0
STU100774,11. Sınıf,Sayısal,Tier 3,Düşük,3 Aylık,5043.0,2026-04-25,4.0,0.638,12.6,7.9,2.7,10,14.0,0,9,37.1,2.3,3,2.9,2,2.0,666,1,0,0
STU102697,11. Sınıf,Sayısal,Tier 1 (Büyükşehir),Orta,Aylık,1728.0,2026-03-22,5.1,0.474,10.9,4.9,2.9,18,39.7,3,10,46.8,2.46,1,0.0,0,2.8,662,0,0,0
STU100547,11. Sınıf,Sayısal,Tier 1 (Büyükşehir),Düşük,Aylık,1757.0,2026-01-11,7.4,0.844,13.4,9.8,2.6,12,6.5,0,14,62.7,2.15,2,1.6,1,4.1,664,0,0,0
STU102384,11. Sınıf,Eşit Ağırlık,Tier 3,Orta,3 Aylık,4637.0,2026-04-25,4.0,0.591,14.1,8.8,4.2,3,10.9,0,9,51.9,-0.17,1,0.4,0,4.6,664,1,0,0
STU102931,11. Sınıf,Eşit Ağırlık,Tier 2,Orta,3 Aylık,4816.0,2025-12-06,8.6,0.427,15.3,6.4,2.0,4,51.1,5,19,28.6,0.73,1,4.4,3,3.6,664,0,0,0
STU100053,12. Sınıf,Eşit Ağırlık,Tier 1 (Büyükşehir),Düşük,Aylık,1785.0,2026-04-10,4.5,0.922,16.2,12.0,4.0,9,4.6,2,6,69.7,0.17,0,6.9,0,4.3,298,0,0,0
STU101136,12. Sınıf,Sayısal,Tier 1 (Büyükşehir),Düşük,3 Aylık,4686.0,2026-01-02,7.7,0.679,11.8,5.6,3.4,8,43.2,1,15,39.7,0.26,0,9.4,0,4.6,299,0,0,0
STU102550,12. Sınıf,Eşit Ağırlık,Tier 1 (Büyükşehir),Yüksek,Yıllık,17914.0,2026-03-16,5.3,0.825,15.2,9.2,3.0,30,18.0,2,7,52.5,-1.53,0,4.8,1,2.5,302,1,1,0
STU101928,11. Sınıf,Sözel,Tier 1 (Büyükşehir),Orta,Aylık,1855.0,2026-03-28,4.9,0.445,12.4,6.0,4.9,6,9.0,3,10,41.0,1.47,2,1.9,0,3.8,664,0,0,0
STU101044,11. Sınıf,Sayısal,Tier 2,Orta,Yıllık,17936.0,2025-12-27,7.9,0.413,13.7,5.2,2.6,21,9.3,1,17,50.0,1.04,0,2.1,2,1.8,668,1,0,0
STU102339,11. Sınıf,Sayısal,Tier 3,Yüksek,Aylık,1784.0,2026-07-10,1.5,0.662,10.9,8.1,3.1,8,40.9,1,2,34.5,-0.07,0,0.1,0,3.6,663,0,0,1
STU102752,Mezun,Eşit Ağırlık,Tier 3,Orta,Aylık,1720.0,2026-02-20,6.1,0.64,21.4,12.9,1.6,20,9.5,2,15,52.0,-3.06,0,4.8,0,2.7,300,0,0,0
STU103215,12. Sınıf,Sözel,Tier 2,Yüksek,3 Aylık,4841.0,2025-11-14,9.3,0.649,14.4,8.0,5.0,2,5.8,1,7,50.5,-1.51,1,0.9,0,3.5,299,0,0,1
STU101606,Mezun,Sayısal,Tier 1 (Büyükşehir),Orta,Aylık,1880.0,2026-06-15,2.3,0.873,11.9,9.3,4.7,35,46.7,1,4,52.4,-4.15,1,1.5,1,4.6,303,0,0,0
STU100380,12. Sınıf,Eşit Ağırlık,Tier 1 (Büyükşehir),Yüksek,Aylık,1959.0,2026-05-25,3.0,0.686,13.5,7.7,4.4,9,0.3,0,7,52.9,5.65,0,6.3,0,3.8,303,0,0,0
STU100044,Mezun,Sayısal,Tier 2,Düşük,Yıllık,17858.0,2026-01-11,7.4,0.96,15.1,17.1,3.9,46,7.5,3,6,61.0,3.6,3,3.4,1,2.8,302,1,0,0
STU102555,12. Sınıf,Sayısal,Tier 1 (Büyükşehir),Düşük,Aylık,1749.0,2026-01-26,6.9,0.652,11.5,7.6,4.7,2,3.4,1,13,56.1,2.48,0,5.5,1,4.7,303,0,0,0
STU102863,11. Sınıf,Sayısal,Tier 1 (Büyükşehir),Düşük,Yıllık,17240.0,2026-06-19,2.2,0.633,14.8,9.0,2.8,6,19.4,3,4,70.4,-1.83,1,1.4,0,3.5,665,0,0,0
STU102683,12. Sınıf,Eşit Ağırlık,Tier 1 (Büyükşehir),Düşük,Aylık,1805.0,2025-09-27,10.9,0.71,13.1,8.1,3.3,2,11.5,0,20,37.0,0.52,1,1.1,1,3.6,303,0,0,1
STU101527,12. Sınıf,Sayısal,Tier 1 (Büyükşehir),Orta,3 Aylık,4787.0,2026-04-28,3.9,0.646,10.8,7.0,2.7,10,28.9,2,5,50.0,1.44,1,2.8,1,3.5,302,1,0,0
STU101185,Mezun,Sayısal,Tier 2,Düşük,Yıllık,15975.0,2026-01-20,7.1,0.452,14.4,5.4,4.6,12,16.4,2,12,43.0,-0.27,1,4.7,1,3.9,298,0,0,0
STU100958,12. Sınıf,Sayısal,Tier 2,Orta,Aylık,1662.0,2026-03-04,5.7,0.909,19.1,18.4,4.7,2,8.6,1,14,56.4,0.33,3,0.5,2,4.8,299,0,0,0
STU100778,Mezun,Sayısal,Tier 2,Orta,Aylık,1929.0,2026-03-19,5.2,0.862,19.8,18.9,4.5,16,10.8,2,12,66.8,1.1,1,5.6,2,4.1,299,0,0,0
STU101557,12. Sınıf,Eşit Ağırlık,Tier 1 (Büyükşehir),Düşük,3 Aylık,4948.0,2025-11-30,8.8,0.821,14.6,11.2,3.2,0,6.1,2,17,38.9,0.93,3,0.1,2,3.6,298,0,0,0
STU102337,12. Sınıf,Eşit Ağırlık,Tier 3,Orta,3 Aylık,4860.0,2026-04-19,4.2,0.745,14.1,12.1,3.8,7,35.5,1,8,50.7,1.91,2,2.5,2,3.5,300,0,0,1
STU101695,12. Sınıf,Dil,Tier 3,Düşük,3 Aylık,5001.0,2026-08-09,0.5,0.849,13.2,11.9,5.2,6,30.8,6,1,55.2,6.15,1,3.1,1,3.2,300,1,0,0
STU101492,12. Sınıf,Eşit Ağırlık,Tier 1 (Büyükşehir),Düşük,Aylık,1700.0,2026-02-02,6.7,0.782,20.6,19.1,2.9,13,27.4,1,9,47.8,0.66,1,4.5,0,2.9,297,0,0,0
STU100586,11. Sınıf,Eşit Ağırlık,Tier 1 (Büyükşehir),Orta,Aylık,1726.0,2026-06-19,2.2,0.458,16.3,8.4,4.0,38,15.9,1,4,40.4,-2.85,2,4.7,1,3.6,666,1,0,1
STU101430,Mezun,Sözel,Tier 1 (Büyükşehir),Orta,Aylık,1826.0,2026-04-19,4.2,0.583,11.8,6.4,4.2,17,12.9,3,8,51.1,1.77,2,3.0,3,3.6,300,0,0,1
STU100316,12. Sınıf,Eşit Ağırlık,Tier 2,Yüksek,Yıllık,16919.0,2026-04-03,4.7,0.779,19.1,12.6,4.5,1,32.4,0,9,47.7,-0.94,0,0.6,3,1.0,299,0,0,0
STU102411,Mezun,Sayısal,Tier 3,Orta,Aylık,1785.0,2026-07-01,1.8,0.55,13.5,8.3,6.1,5,9.7,0,4,49.4,-1.29,0,1.1,1,3.1,299,0,0,0
STU102143,Mezun,Sayısal,Tier 1 (Büyükşehir),Düşük,3 Aylık,5204.0,2025-10-12,10.4,0.503,10.6,5.7,4.2,13,20.9,0,20,67.7,2.1,1,6.6,2,3.6,299,1,0,0
STU103058,11. Sınıf,Sözel,Tier 2,Düşük,3 Aylık,4440.0,2025-12-09,8.5,0.523,15.0,7.6,4.8,7,41.9,1,22,74.4,-2.19,2,3.8,0,4.9,664,1,0,0
STU100745,12. Sınıf,Sayısal,Tier 1 (Büyükşehir),Düşük,3 Aylık,4966.0,2026-05-31,2.8,0.615,9.6,7.0,4.7,24,58.1,2,6,54.2,-0.57,1,7.9,1,5.0,297,0,0,0
STU101393,11. Sınıf,Sayısal,Tier 1 (Büyükşehir),Orta,3 Aylık,4595.0,2026-02-17,6.2,0.986,13.8,13.0,4.8,13,8.0,2,13,59.6,0.14,3,1.9,3,2.9,663,0,0,0
STU101508,11. Sınıf,Eşit Ağırlık,Tier 3,Orta,Yıllık,15625.0,2026-03-07,5.6,0.686,12.1,9.3,3.6,9,15.5,2,15,30.1,-5.53,1,2.2,4,3.3,662,1,0,0
STU100570,12. Sınıf,Sayısal,Tier 1 (Büyükşehir),Yüksek,3 Aylık,4692.0,2026-03-13,5.4,0.67,17.2,11.2,3.1,3,9.0,6,15,41.0,-0.31,4,1.3,2,3.2,300,0,0,0
STU100258,11. Sınıf,Sözel,Tier 1 (Büyükşehir),Düşük,3 Aylık,4404.0,2026-06-19,2.2,0.658,15.7,10.2,5.0,9,8.5,2,4,58.3,2.08,4,16.1,2,3.2,664,0,0,0
STU101365,12. Sınıf,Sayısal,Tier 2,Orta,Yıllık,15692.0,2026-04-06,4.6,0.835,11.3,8.4,4.7,3,5.6,1,9,43.7,0.28,2,2.3,1,4.6,302,0,0,0
STU102479,Mezun,Eşit Ağırlık,Tier 1 (Büyükşehir),Orta,3 Aylık,5378.0,2026-02-08,6.5,0.591,9.7,6.0,5.0,18,12.0,1,8,39.2,-1.49,1,1.5,2,3.4,300,0,0,0
STU102504,11. Sınıf,Sayısal,Tier 2,Orta,3 Aylık,4721.0,2026-06-03,2.7,0.616,15.2,9.6,6.1,50,10.1,1,7,44.4,1.99,1,5.9,3,4.6,665,1,0,0
STU100098,11. Sınıf,Dil,Tier 2,Yüksek,Aylık,1780.0,2025-06-18,14.2,0.99,13.1,11.8,5.5,12,1.7,0,35,44.2,0.99,1,1.6,1,1.7,666,0,0,0
STU101940,11. Sınıf,Sayısal,Tier 2,Yüksek,Aylık,1761.0,2026-04-16,4.3,0.449,13.8,5.6,3.4,1,29.1,3,7,60.8,0.22,2,0.7,0,3.6,667,0,0,1
STU101222,Mezun,Sayısal,Tier 2,Yüksek,Aylık,2049.0,2025-09-02,11.7,0.814,17.9,15.8,2.9,11,13.0,0,25,44.9,-2.33,1,2.8,2,5.0,298,0,0,0
STU102713,11. Sınıf,Eşit Ağırlık,Tier 3,Yüksek,3 Aylık,4875.0,2026-03-22,5.1,0.799,13.8,11.2,4.5,5,20.6,2,10,44.7,-1.65,2,5.9,3,4.5,666,0,0,0
STU100863,12. Sınıf,Dil,Tier 1 (Büyükşehir),Orta,3 Aylık,4680.0,2026-08-06,0.6,0.613,17.3,11.9,4.9,7,25.0,4,1,51.3,1.17,1,0.0,3,3.5,300,0,0,0
STU101375,11. Sınıf,Eşit Ağırlık,Tier 1 (Büyükşehir),Orta,3 Aylık,4547.0,2026-05-31,2.8,0.738,15.8,12.3,6.3,3,21.0,0,5,64.1,1.91,1,2.8,2,3.5,665,0,0,1
STU102791,11. Sınıf,Sözel,Tier 2,Düşük,Aylık,1790.0,2026-03-31,4.8,0.719,12.6,10.1,4.5,37,36.3,2,10,52.0,1.64,0,4.1,1,4.6,667,1,0,0
STU102501,12. Sınıf,Sayısal,Tier 2,Orta,3 Aylık,5077.0,2026-06-28,1.9,0.722,17.5,14.5,2.5,10,17.9,2,4,50.9,1.44,1,10.5,1,3.5,303,0,0,1
STU103092,Mezun,Eşit Ağırlık,Tier 1 (Büyükşehir),Orta,Aylık,1607.0,2026-03-10,5.5,0.771,16.7,13.4,5.3,9,12.8,0,10,50.2,1.06,2,1.5,0,3.7,301,0,0,0
STU103450,12. Sınıf,Eşit Ağırlık,Tier 2,Yüksek,3 Aylık,4984.0,2026-04-19,4.2,0.691,15.3,13.6,5.3,1,6.3,3,8,69.4,2.62,2,2.0,1,3.5,302,0,0,1
STU102963,12. Sınıf,Sayısal,Tier 1 (Büyükşehir),Orta,Yıllık,15535.0,2025-10-15,10.3,0.318,15.9,4.1,1.8,4,4.4,3,20,39.4,4.88,3,7.0,1,3.0,301,0,0,0
STU101206,12. Sınıf,Sayısal,Tier 2,Orta,Aylık,1661.0,2026-06-06,2.6,0.85,13.1,11.2,4.6,7,0.2,0,7,50.6,-0.65,0,2.6,1,2.8,302,0,0,0
STU100114,11. Sınıf,Eşit Ağırlık,Tier 2,Orta,Yıllık,16169.0,2026-07-13,1.4,0.677,11.4,7.4,4.3,7,12.8,1,3,38.4,3.7,3,3.2,3,2.7,666,0,0,0
STU101912,Mezun,Sayısal,Tier 1 (Büyükşehir),Orta,3 Aylık,4878.0,2026-04-13,4.4,0.629,17.4,8.7,6.3,10,5.0,2,11,68.7,1.63,1,1.1,0,2.9,301,0,0,0
STU101876,11. Sınıf,Sayısal,Tier 3,Yüksek,Yıllık,16375.0,2026-04-25,4.0,0.739,19.2,14.0,6.9,9,5.6,3,8,25.7,3.17,1,0.4,2,4.2,663,0,0,0
STU102861,12. Sınıf,Eşit Ağırlık,Tier 1 (Büyükşehir),Orta,3 Aylık,4691.0,2026-07-01,1.8,0.487,16.7,7.5,3.9,5,21.1,5,4,48.1,0.45,1,0.7,2,3.5,301,0,0,1
STU102434,12. Sınıf,Sayısal,Tier 3,Orta,3 Aylık,4875.0,2026-06-15,2.3,0.841,14.3,10.9,5.6,7,25.5,0,4,53.4,0.05,0,0.6,0,4.4,298,0,0,0
STU101761,11. Sınıf,Eşit Ağırlık,Tier 2,Yüksek,Aylık,1795.0,2025-07-19,13.2,0.59,13.7,6.8,4.4,11,39.7,3,26,31.0,2.54,1,2.9,2,2.6,665,0,0,0
STU100442,12. Sınıf,Sayısal,Tier 1 (Büyükşehir),Yüksek,3 Aylık,5351.0,2026-03-13,5.4,0.648,7.2,3.4,3.9,25,28.0,3,8,64.8,-3.04,4,7.4,4,2.4,303,1,0,0
STU101950,Mezun,Sayısal,Tier 1 (Büyükşehir),Orta,Aylık,1785.0,2026-06-15,2.3,0.578,14.7,6.8,1.5,19,17.3,2,4,62.3,0.92,0,3.8,1,3.6,297,1,0,0
STU101039,11. Sınıf,Sayısal,Tier 3,Orta,Yıllık,16595.0,2026-02-20,6.1,0.99,12.6,9.2,4.3,6,2.5,4,12,39.4,2.53,0,1.6,2,2.7,665,0,1,0
STU100336,11. Sınıf,Eşit Ağırlık,Tier 3,Düşük,3 Aylık,5041.0,2026-04-06,4.6,0.605,13.0,7.6,3.9,11,4.2,4,7,55.3,1.19,2,1.3,1,4.3,663,0,0,0
STU101341,Mezun,Eşit Ağırlık,Tier 3,Orta,3 Aylık,5139.0,2026-04-16,4.3,0.803,14.3,10.5,5.8,14,22.0,1,7,76.8,-2.23,2,0.8,0,3.4,298,0,0,0
STU100550,12. Sınıf,Dil,Tier 1 (Büyükşehir),Düşük,Yıllık,16498.0,2025-12-15,8.3,0.583,13.4,7.1,1.5,17,22.7,1,13,50.2,-0.11,2,0.6,2,2.4,297,1,0,0
STU100416,11. Sınıf,Eşit Ağırlık,Tier 1 (Büyükşehir),Yüksek,Aylık,1863.0,2025-09-02,11.7,0.846,12.0,11.1,6.7,9,19.3,6,19,67.2,4.47,1,3.9,0,4.5,668,0,0,0
STU102834,12. Sınıf,Eşit Ağırlık,Tier 1 (Büyükşehir),Yüksek,Yıllık,18492.0,2026-03-07,5.6,0.633,13.6,8.8,3.5,2,16.7,0,10,29.5,0.44,1,1.2,0,4.8,303,1,0,0
STU101895,11. Sınıf,Sayısal,Tier 1 (Büyükşehir),Orta,Aylık,1789.0,2025-07-22,13.1,0.629,13.5,10.4,4.9,2,32.3,2,30,59.1,1.99,2,4.9,2,3.6,666,0,0,1
STU103310,Mezun,Sayısal,Tier 1 (Büyükşehir),Yüksek,Aylık,1804.0,2026-06-12,2.4,0.506,15.7,8.8,5.4,14,6.7,2,5,50.0,3.65,1,0.1,1,2.9,297,0,0,0
STU100487,11. Sınıf,Eşit Ağırlık,Tier 3,Düşük,Aylık,1770.0,2025-08-27,11.9,0.556,21.5,12.6,3.8,44,10.1,4,21,41.1,2.16,3,0.2,0,3.6,663,1,0,1
STU102520,11. Sınıf,Dil,Tier 1 (Büyükşehir),Orta,Yıllık,16802.0,2026-01-05,7.6,0.517,12.1,5.6,3.4,30,23.3,0,14,45.8,1.81,3,2.8,1,2.8,668,0,0,0
STU100929,12. Sınıf,Sayısal,Tier 1 (Büyükşehir),Düşük,3 Aylık,5035.0,2026-06-09,2.5,0.607,16.8,9.9,5.5,8,12.0,1,4,85.3,-2.85,1,4.5,2,3.7,299,0,0,0
STU101176,12. Sınıf,Sayısal,Tier 1 (Büyükşehir),Düşük,3 Aylık,5182.0,2025-11-08,9.5,0.65,16.6,9.9,5.3,26,19.8,2,20,52.1,0.71,2,1.6,0,3.7,301,1,0,0
STU100420,12. Sınıf,Sayısal,Tier 1 (Büyükşehir),Orta,Aylık,1840.0,2026-01-17,7.2,0.603,13.7,9.0,3.6,12,14.9,3,15,55.9,-3.9,2,3.2,2,3.0,302,0,0,0
STU102278,Mezun,Eşit Ağırlık,Tier 1 (Büyükşehir),Orta,Aylık,1839.0,2026-01-08,7.5,0.629,10.8,9.0,3.6,12,16.5,1,14,51.1,0.08,2,1.4,1,4.5,297,0,1,0
STU103049,11. Sınıf,Sayısal,Tier 1 (Büyükşehir),Düşük,3 Aylık,5089.0,2025-10-24,10.0,0.729,14.2,9.5,5.9,7,42.7,1,25,55.1,2.41,2,5.3,0,4.9,666,0,0,0
STU102340,11. Sınıf,Sayısal,Tier 3,Düşük,Aylık,1727.0,2025-12-21,8.1,0.592,16.7,9.6,4.4,40,20.8,0,17,65.4,-0.29,1,2.5,1,2.6,662,1,0,0
STU101636,12. Sınıf,Sayısal,Tier 2,Düşük,Aylık,1906.0,2026-06-25,2.0,0.45,11.3,4.5,3.4,19,33.2,1,4,50.4,2.85,0,11.2,1,3.5,301,1,0,0
STU101371,Mezun,Sayısal,Tier 2,Düşük,3 Aylık,4617.0,2026-05-13,3.4,0.397,12.6,4.9,0.9,42,16.9,2,7,55.1,-0.77,2,5.4,2,4.8,297,1,0,0
STU102883,12. Sınıf,Sözel,Tier 1 (Büyükşehir),Düşük,Aylık,1686.0,2025-12-15,8.3,0.609,14.0,7.2,4.3,31,30.8,1,13,49.9,3.34,0,0.9,2,2.6,297,0,0,0
STU100648,12. Sınıf,Eşit Ağırlık,Tier 1 (Büyükşehir),Yüksek,Aylık,1726.0,2026-03-28,4.9,0.682,17.2,14.1,5.1,9,5.3,1,7,59.9,-4.32,2,3.9,0,5.0,298,0,0,0
STU102431,12. Sınıf,Sayısal,Tier 1 (Büyükşehir),Orta,Aylık,1883.0,2025-11-05,9.6,0.756,16.1,13.1,2.9,14,28.0,3,25,58.9,1.57,1,1.6,0,3.4,299,0,0,0
STU101817,12. Sınıf,Sözel,Tier 1 (Büyükşehir),Orta,3 Aylık,5092.0,2026-03-25,5.0,0.586,13.1,6.7,3.6,5,14.4,0,10,43.6,-2.1,2,0.5,1,3.5,302,0,0,1
STU103052,12. Sınıf,Sözel,Tier 3,Orta,3 Aylık,5100.0,2026-05-22,3.1,0.767,14.3,11.4,4.6,3,10.0,1,9,45.4,0.94,2,6.3,0,2.6,301,1,0,0
STU100764,Mezun,Eşit Ağırlık,Tier 3,Yüksek,3 Aylık,4907.0,2026-07-31,0.8,0.99,7.8,8.969999999999999,5.1,4,14.2,1,2,40.9,1.45,0,3.6,2,5.0,297,0,0,0
STU103064,12. Sınıf,Eşit Ağırlık,Tier 1 (Büyükşehir),Orta,3 Aylık,5373.0,2026-03-01,5.8,0.64,13.0,8.3,4.2,1,25.8,3,11,53.3,0.53,0,2.7,0,2.0,302,0,0,0
STU102868,Mezun,Eşit Ağırlık,Tier 1 (Büyükşehir),Orta,Aylık,1813.0,2026-02-14,6.3,0.781,17.0,12.4,3.6,3,23.3,1,15,69.9,0.18,1,0.0,4,4.3,302,0,0,0
STU102774,Mezun,Sayısal,Tier 2,Orta,3 Aylık,4798.0,2026-07-25,1.0,0.642,14.1,8.9,3.6,13,42.1,4,2,58.3,-0.77,0,4.1,1,3.5,297,0,0,1
STU103391,12. Sınıf,Sayısal,Tier 1 (Büyükşehir),Orta,Yıllık,15529.0,2026-03-04,5.7,0.473,10.8,5.2,3.8,9,10.6,1,10,37.7,0.31,2,3.3,1,3.7,299,0,0,0
STU101391,Mezun,Sayısal,Tier 1 (Büyükşehir),Yüksek,Aylık,1672.0,2026-03-04,5.7,0.762,17.2,11.7,5.1,3,2.5,0,9,39.9,-0.13,0,5.8,0,3.0,303,0,0,0
STU100255,12. Sınıf,Sayısal,Tier 1 (Büyükşehir),Düşük,Aylık,1845.0,2026-05-10,3.5,0.383,13.6,6.0,3.2,27,10.3,4,7,57.8,-3.53,1,7.7,1,4.5,301,1,0,0
STU101070,Mezun,Sayısal,Tier 1 (Büyükşehir),Yüksek,Aylık,1754.0,2026-04-28,3.9,0.785,6.2,4.6,5.7,0,19.0,2,7,50.0,1.63,0,0.5,0,4.7,301,0,0,0
STU100895,Mezun,Eşit Ağırlık,Tier 1 (Büyükşehir),Orta,3 Aylık,4775.0,2026-04-19,4.2,0.762,16.7,10.3,3.3,11,56.9,2,13,64.5,0.32,1,5.4,1,2.9,303,1,0,0
STU102676,12. Sınıf,Eşit Ağırlık,Tier 1 (Büyükşehir),Yüksek,3 Aylık,4607.0,2026-05-13,3.4,0.652,15.9,9.9,4.2,6,31.0,4,8,52.1,-1.65,2,26.5,1,3.5,298,0,0,1
STU101883,12. Sınıf,Sayısal,Tier 1 (Büyükşehir),Orta,Aylık,1853.0,2025-10-27,9.9,0.893,22.1,23.5,2.9,1,18.8,0,18,55.2,4.29,2,2.0,1,3.6,297,0,0,1
STU101469,11. Sınıf,Eşit Ağırlık,Tier 1 (Büyükşehir),Orta,Aylık,1772.0,2026-02-23,6.0,0.64,16.3,9.7,3.8,5,26.2,0,16,54.7,-0.88,3,0.8,0,3.3,664,1,0,0
STU101963,11. Sınıf,Eşit Ağırlık,Tier 1 (Büyükşehir),Orta,3 Aylık,4921.0,2026-07-13,1.4,0.726,14.1,10.4,3.3,12,9.5,2,3,49.3,-0.09,3,0.5,1,3.5,664,0,0,1
STU100439,12. Sınıf,Sayısal,Tier 2,Orta,Yıllık,17246.0,2025-10-09,10.5,0.99,17.4,15.6,4.3,56,28.1,5,23,61.2,2.25,1,0.2,2,3.6,300,1,0,1
STU101935,11. Sınıf,Sayısal,Tier 2,Düşük,Yıllık,16107.0,2026-05-10,3.5,0.585,15.0,8.7,4.9,6,20.5,0,7,34.5,0.43,1,0.1,1,4.2,665,1,0,0
STU103487,12. Sınıf,Sayısal,Tier 2,Düşük,Aylık,1967.0,2025-12-09,8.5,0.622,13.9,7.3,3.6,24,26.4,2,23,59.4,0.35,1,0.4,2,3.6,302,1,0,1
STU102750,11. Sınıf,Sözel,Tier 1 (Büyükşehir),Orta,Yıllık,16913.0,2026-05-10,3.5,0.905,13.1,8.8,4.1,43,10.5,2,8,65.4,-1.89,1,1.7,3,3.7,665,1,0,0
STU103497,Mezun,Sayısal,Tier 1 (Büyükşehir),Orta,3 Aylık,5194.0,2026-05-19,3.2,0.718,15.3,11.8,5.1,0,23.5,2,7,63.0,0.38,0,5.3,2,3.0,300,0,0,0
STU100541,12. Sınıf,Sözel,Tier 2,Yüksek,Aylık,1707.0,2026-06-25,2.0,0.705,11.4,6.4,5.6,2,23.2,2,4,55.5,0.55,0,8.5,0,2.8,300,1,0,0
STU101638,11. Sınıf,Sayısal,Tier 1 (Büyükşehir),Yüksek,3 Aylık,4836.0,2025-06-30,13.8,0.78,12.9,9.0,5.1,4,28.8,2,26,52.8,1.91,4,0.3,0,3.5,662,0,0,0
STU101189,12. Sınıf,Eşit Ağırlık,Tier 1 (Büyükşehir),Orta,Yıllık,17393.0,2026-07-10,1.5,0.634,15.8,9.7,2.8,2,9.9,0,2,44.3,-1.93,0,0.4,2,3.6,299,0,0,1
STU103104,12. Sınıf,Eşit Ağırlık,Tier 1 (Büyükşehir),Düşük,3 Aylık,4482.0,2025-09-18,11.2,0.868,16.4,16.3,3.8,6,7.1,1,25,78.3,-0.48,2,6.7,0,4.6,300,0,0,0
STU101684,11. Sınıf,Sayısal,Tier 1 (Büyükşehir),Orta,Aylık,1847.0,2025-12-03,8.7,0.691,9.8,6.2,5.4,6,20.2,1,21,64.1,0.78,2,2.1,1,5.0,668,0,0,0
STU101919,Mezun,Sayısal,Tier 3,Yüksek,3 Aylık,4766.0,2026-03-25,5.0,0.913,13.5,11.8,6.6,3,3.1,0,11,60.6,1.44,0,3.0,1,5.0,300,0,0,0
STU100976,12. Sınıf,Eşit Ağırlık,Tier 1 (Büyükşehir),Düşük,Yıllık,16546.0,2025-07-25,13.0,0.63,11.5,7.9,4.1,3,46.2,1,29,59.4,-0.62,1,13.3,1,3.6,303,0,0,1
STU102398,11. Sınıf,Eşit Ağırlık,Tier 1 (Büyükşehir),Orta,3 Aylık,4844.0,2026-04-28,3.9,0.667,14.5,7.9,5.4,9,6.5,1,12,66.0,-1.51,1,1.6,1,3.5,665,0,0,1
STU100839,12. Sınıf,Sözel,Tier 3,Orta,Aylık,1820.0,2026-01-05,7.6,0.592,18.7,9.6,3.4,20,3.8,0,13,51.6,-0.07,1,1.3,0,3.9,297,1,0,0
STU103300,Mezun,Sayısal,Tier 2,Düşük,Aylık,1881.0,2025-10-03,10.7,0.466,16.4,8.0,4.3,33,23.4,2,12,51.6,0.78,5,0.4,2,3.6,300,1,0,1
STU103274,12. Sınıf,Eşit Ağırlık,Tier 1 (Büyükşehir),Orta,Aylık,1887.0,2026-03-13,5.4,0.733,13.5,10.6,4.3,8,6.6,3,13,62.7,3.13,0,0.3,2,3.6,299,0,0,1
STU102124,12. Sınıf,Sayısal,Tier 1 (Büyükşehir),Orta,Yıllık,16256.0,2026-05-10,3.5,0.745,20.3,16.6,5.5,5,43.8,0,9,54.5,5.71,1,5.3,0,5.0,301,0,0,0
STU102799,Mezun,Dil,Tier 1 (Büyükşehir),Orta,Aylık,1820.0,2026-03-01,5.8,0.674,10.2,6.8,4.2,0,16.8,1,12,56.2,-2.45,1,3.8,2,3.7,299,0,0,0
STU101734,Mezun,Eşit Ağırlık,Tier 3,Düşük,3 Aylık,4624.0,2026-05-07,3.6,0.649,13.1,7.8,5.0,10,20.6,0,8,43.8,-1.01,3,3.4,1,2.6,303,0,0,0
STU101364,12. Sınıf,Eşit Ağırlık,Tier 2,Düşük,3 Aylık,4878.0,2025-12-09,8.5,0.648,14.4,10.1,3.1,52,18.6,2,18,33.2,-0.11,4,3.8,0,3.9,297,1,0,0
STU100234,Mezun,Sayısal,Tier 1 (Büyükşehir),Orta,3 Aylık,4911.0,2026-05-22,3.1,0.49,15.6,7.2,4.8,13,13.0,1,6,34.5,3.48,3,10.9,3,3.5,298,0,0,1
STU100740,11. Sınıf,Sözel,Tier 1 (Büyükşehir),Yüksek,3 Aylık,5399.0,2025-11-05,9.6,0.678,6.0,3.7,4.6,28,3.2,1,15,58.1,2.68,1,1.8,2,3.7,663,1,0,0
STU102684,12. Sınıf,Sayısal,Tier 2,Orta,Aylık,1776.0,2025-07-31,12.8,0.793,6.0,5.5,4.2,9,13.7,2,22,50.3,-2.56,1,15.4,0,3.0,300,0,0,0
STU100356,Mezun,Sözel,Tier 2,Yüksek,3 Aylık,4821.0,2026-05-16,3.3,0.747,11.1,8.5,5.1,11,7.9,2,5,66.4,1.27,2,4.5,3,5.0,302,0,0,0
STU103158,Mezun,Sözel,Tier 2,Yüksek,Aylık,1730.0,2026-06-03,2.7,0.808,15.0,11.6,5.4,29,30.1,0,5,42.3,-0.32,4,1.5,0,3.2,297,0,0,0
STU102353,12. Sınıf,Sayısal,Tier 1 (Büyükşehir),Düşük,3 Aylık,4924.0,2026-04-19,4.2,0.73,13.4,10.0,3.4,19,13.9,3,5,55.1,2.87,2,3.9,0,4.2,302,0,0,0
STU101592,Mezun,Sayısal,Tier 1 (Büyükşehir),Orta,Yıllık,16181.0,2026-01-20,7.1,0.414,12.6,5.6,2.2,34,40.2,3,20,46.4,1.68,1,0.2,1,2.7,300,1,0,0
STU103296,Mezun,Sözel,Tier 1 (Büyükşehir),Düşük,3 Aylık,4663.0,2026-07-10,1.5,0.59,12.0,7.3,4.2,83,1.9,5,3,38.2,-0.71,1,4.9,0,1.9,303,1,0,0
STU102307,12. Sınıf,Sözel,Tier 2,Orta,Yıllık,15796.0,2026-05-07,3.6,0.633,15.5,9.2,3.1,31,18.8,1,9,48.4,-2.35,2,1.8,1,5.0,298,1,0,0
STU101011,12. Sınıf,Eşit Ağırlık,Tier 2,Düşük,3 Aylık,4341.0,2025-12-12,8.4,0.727,15.1,9.8,4.0,22,29.7,0,13,55.4,4.14,3,0.4,0,3.3,302,0,0,0
STU101720,11. Sınıf,Sayısal,Tier 2,Düşük,Yıllık,17433.0,2026-02-02,6.7,0.846,18.5,12.7,3.0,15,13.3,0,16,51.7,0.06,1,1.2,0,3.7,667,0,0,0
STU100928,12. Sınıf,Sayısal,Tier 2,Orta,Aylık,1792.0,2026-04-28,3.9,0.758,14.5,11.6,4.8,21,10.1,6,9,57.7,0.66,5,3.3,1,3.6,303,0,0,1
STU102119,11. Sınıf,Sayısal,Tier 1 (Büyükşehir),Orta,Yıllık,17596.0,2026-05-04,3.7,0.585,11.8,6.2,4.4,10,12.3,2,9,54.3,-0.94,1,0.3,1,3.6,666,0,0,1
STU100217,11. Sınıf,Sözel,Tier 3,Düşük,3 Aylık,4787.0,2025-11-05,9.6,0.483,17.2,6.6,4.6,22,4.6,2,16,21.3,1.3,1,7.1,3,3.2,663,0,0,0
STU102257,Mezun,Eşit Ağırlık,Tier 1 (Büyükşehir),Orta,Yıllık,16626.0,2026-07-16,1.3,0.563,7.1,4.0,5.1,11,6.8,4,3,56.4,0.16,0,5.5,0,3.6,299,0,0,1
STU102314,12. Sınıf,Eşit Ağırlık,Tier 1 (Büyükşehir),Yüksek,Aylık,1838.0,2025-09-27,10.9,0.557,16.9,9.6,2.1,2,21.3,0,19,54.7,-1.37,1,4.2,0,4.2,301,1,0,0
STU101230,11. Sınıf,Sayısal,Tier 2,Orta,Aylık,1831.0,2026-05-13,3.4,0.536,12.8,6.6,4.7,0,12.2,3,5,77.4,1.32,3,6.3,2,3.6,667,0,0,1
STU102987,12. Sınıf,Eşit Ağırlık,Tier 1 (Büyükşehir),Orta,Yıllık,16356.0,2025-10-18,10.2,0.964,11.4,13.11,5.2,24,7.1,4,22,38.3,-0.67,1,3.6,2,3.6,302,0,0,1
STU100017,11. Sınıf,Sayısal,Tier 3,Düşük,Aylık,1775.0,2026-03-16,5.3,0.576,10.9,6.8,2.6,14,22.5,3,12,58.4,-0.66,3,1.7,2,4.8,662,0,0,0
STU101679,12. Sınıf,Eşit Ağırlık,Tier 2,Orta,3 Aylık,4787.0,2026-04-13,4.4,0.56,15.9,10.4,5.1,40,11.3,3,10,49.5,0.3,2,0.1,1,3.5,299,0,0,1
STU101556,Mezun,Eşit Ağırlık,Tier 2,Orta,3 Aylık,5593.0,2026-03-22,5.1,0.845,14.9,9.8,2.4,2,65.2,4,9,31.5,1.53,1,3.0,2,3.5,297,0,0,1
STU100160,11. Sınıf,Sayısal,Tier 1 (Büyükşehir),Orta,3 Aylık,4820.0,2026-07-19,1.2,0.636,12.2,10.3,5.1,2,7.7,0,3,47.5,3.46,1,3.2,0,3.8,663,0,0,0
STU101129,Mezun,Sayısal,Tier 3,Yüksek,Aylık,1905.0,2025-11-30,8.8,0.422,18.2,8.1,3.4,3,19.4,1,13,41.8,1.33,2,13.4,3,2.4,300,1,0,0
STU100322,12. Sınıf,Eşit Ağırlık,Tier 3,Düşük,Aylık,1810.0,2026-04-22,4.1,0.462,14.3,8.5,4.7,26,20.2,3,7,53.9,3.11,3,3.5,0,4.3,299,0,0,0
STU101313,11. Sınıf,Dil,Tier 2,Orta,Aylık,1796.0,2026-05-16,3.3,0.728,15.8,12.8,3.5,15,66.3,2,8,55.1,-0.07,1,0.6,0,3.4,665,1,0,0
STU102222,12. Sınıf,Sayısal,Tier 3,Düşük,Aylık,1754.0,2026-06-22,2.1,0.229,15.7,3.5,2.4,1,25.1,3,5,48.8,-4.18,3,8.2,0,3.6,299,1,0,1
STU102746,11. Sınıf,Dil,Tier 1 (Büyükşehir),Orta,3 Aylık,4762.0,2026-01-11,7.4,0.737,16.5,12.7,5.1,29,10.6,1,15,64.7,-0.64,0,4.3,1,4.3,663,0,0,0
STU100458,Mezun,Sayısal,Tier 1 (Büyükşehir),Yüksek,Aylık,1814.0,2026-03-31,4.8,0.851,11.1,8.6,5.9,9,15.8,1,12,59.3,-3.05,0,6.7,1,3.6,299,0,0,0
STU100668,12. Sınıf,Eşit Ağırlık,Tier 1 (Büyükşehir),Düşük,3 Aylık,5055.0,2026-06-12,2.4,0.558,12.4,7.5,4.7,22,13.7,2,6,51.9,0.83,5,0.9,1,3.3,298,0,0,0
STU100212,11. Sınıf,Dil,Tier 2,Yüksek,3 Aylık,4837.0,2026-07-04,1.7,0.636,11.6,8.8,2.9,19,23.1,4,4,49.4,2.04,3,4.1,1,3.0,662,1,0,0
STU101140,12. Sınıf,Sayısal,Tier 2,Orta,Aylık,1756.0,2026-05-31,2.8,0.439,15.4,5.7,4.8,5,15.8,3,8,48.1,0.72,3,3.4,1,3.6,299,0,0,0
STU102546,Mezun,Sayısal,Tier 1 (Büyükşehir),Düşük,3 Aylık,4902.0,2026-02-23,6.0,0.849,14.1,14.6,3.9,31,9.7,5,14,44.6,3.15,1,22.4,2,2.6,301,0,0,0
STU102679,12. Sınıf,Eşit Ağırlık,Tier 2,Orta,Aylık,1852.0,2026-02-17,6.2,0.712,11.2,7.4,3.7,1,28.8,2,12,48.5,-0.57,0,4.3,0,3.2,299,0,0,0
STU100535,11. Sınıf,Sayısal,Tier 3,Düşük,Yıllık,16861.0,2026-05-31,2.8,0.662,15.6,8.1,4.4,1,33.4,0,4,65.1,-2.63,1,6.3,2,4.1,664,0,0,0
STU100560,11. Sınıf,Dil,Tier 1 (Büyükşehir),Yüksek,Yıllık,15910.0,2026-06-15,2.3,0.907,21.6,19.5,5.8,11,56.7,3,7,67.2,1.1,1,2.4,0,3.7,663,1,0,0
STU100478,12. Sınıf,Eşit Ağırlık,Tier 2,Orta,Aylık,1712.0,2026-04-16,4.3,0.616,18.4,10.7,5.0,7,10.8,4,7,42.8,-1.43,0,0.7,2,3.5,302,0,0,0
STU101331,12. Sınıf,Sayısal,Tier 1 (Büyükşehir),Orta,3 Aylık,5240.0,2025-11-30,8.8,0.597,13.4,6.9,4.5,33,26.0,2,26,48.7,-0.62,1,4.8,0,1.6,303,0,0,0
STU102089,12. Sınıf,Eşit Ağırlık,Tier 1 (Büyükşehir),Yüksek,Aylık,1814.0,2025-08-27,11.9,0.76,11.9,9.8,5.4,5,8.9,6,27,38.3,-0.43,1,10.0,0,3.6,303,0,0,1
STU101443,11. Sınıf,Dil,Tier 2,Orta,Aylık,1746.0,2026-03-22,5.1,0.918,18.1,16.9,3.4,13,12.5,1,12,68.4,2.25,4,2.0,3,3.4,663,0,0,0
STU101607,11. Sınıf,Sayısal,Tier 1 (Büyükşehir),Orta,3 Aylık,5048.0,2026-07-13,1.4,0.99,14.5,14.0,3.8,12,22.2,2,2,57.2,3.18,1,2.3,2,3.2,662,1,0,0
STU100318,12. Sınıf,Eşit Ağırlık,Tier 2,Yüksek,3 Aylık,4788.0,2026-04-22,4.1,0.947,12.3,12.3,6.2,4,12.2,4,9,58.7,-0.22,1,3.0,2,3.8,303,0,0,0
STU101487,12. Sınıf,Sayısal,Tier 2,Yüksek,Aylık,1636.0,2025-10-03,10.7,0.921,12.3,12.1,4.8,4,14.2,2,21,63.3,-1.56,2,1.2,0,3.5,297,0,0,0
STU101118,11. Sınıf,Eşit Ağırlık,Tier 2,Orta,Aylık,1602.0,2026-05-16,3.3,0.663,17.2,11.3,2.5,16,34.1,2,6,48.6,1.82,3,3.2,0,1.4,664,0,0,0
STU100904,Mezun,Eşit Ağırlık,Tier 1 (Büyükşehir),Yüksek,Yıllık,19487.0,2026-07-07,1.6,0.66,18.1,11.8,4.7,13,22.2,1,3,38.9,2.89,1,2.7,1,3.6,303,0,0,1
STU102886,11. Sınıf,Sayısal,Tier 3,Düşük,3 Aylık,4829.0,2026-06-15,2.3,0.913,13.9,13.0,4.8,15,16.7,1,4,55.3,-0.47,0,5.3,1,3.5,667,0,0,1
STU102131,Mezun,Sayısal,Tier 2,Yüksek,3 Aylık,5340.0,2025-07-13,13.4,0.686,10.9,7.4,2.0,48,26.0,3,23,47.7,4.06,1,21.1,4,3.5,297,1,0,1
STU100980,Mezun,Eşit Ağırlık,Tier 2,Yüksek,Aylık,1710.0,2026-02-26,5.9,0.58,15.2,8.1,4.8,16,2.8,1,5,63.8,4.35,4,9.8,2,4.8,300,0,0,0
STU102058,11. Sınıf,Eşit Ağırlık,Tier 1 (Büyükşehir),Düşük,Aylık,1801.0,2026-08-06,0.6,0.548,11.8,5.8,4.3,17,14.2,0,1,48.1,-4.44,1,11.5,0,3.6,663,0,0,1
STU103369,12. Sınıf,Eşit Ağırlık,Tier 3,Orta,Yıllık,15375.0,2026-07-22,1.1,0.941,12.6,10.2,3.6,21,3.8,3,2,29.2,1.39,1,4.0,4,3.6,298,0,0,1
STU103018,12. Sınıf,Sayısal,Tier 1 (Büyükşehir),Orta,Aylık,1774.0,2026-03-19,5.2,0.526,13.8,7.4,2.9,11,62.2,2,13,53.4,-0.5,3,7.8,1,3.7,297,0,0,0
STU102875,11. Sınıf,Sayısal,Tier 2,Düşük,Aylık,1863.0,2026-04-03,4.7,0.606,12.1,8.8,3.5,2,12.0,1,6,62.9,1.31,2,2.6,1,4.0,665,1,0,0
STU102262,12. Sınıf,Eşit Ağırlık,Tier 3,Düşük,3 Aylık,5076.0,2025-10-24,10.0,0.672,9.9,5.9,5.9,9,17.4,1,19,43.4,-0.73,0,5.6,0,3.1,299,0,0,0
STU103240,Mezun,Eşit Ağırlık,Tier 1 (Büyükşehir),Orta,Aylık,1766.0,2025-12-12,8.4,0.778,6.1,6.3,3.1,14,18.3,3,20,74.8,2.53,3,21.5,1,3.6,298,1,0,1
STU101609,12. Sınıf,Sözel,Tier 1 (Büyükşehir),Yüksek,Aylık,1893.0,2026-06-06,2.6,0.785,16.5,9.5,4.2,8,17.4,2,5,61.2,2.34,0,1.1,1,3.6,302,0,0,0
STU103443,12. Sınıf,Eşit Ağırlık,Tier 2,Orta,3 Aylık,4551.0,2026-07-16,1.3,0.666,15.5,10.8,4.2,18,28.7,2,3,57.4,-1.47,3,7.9,2,4.8,301,1,0,0
STU100933,Mezun,Sayısal,Tier 1 (Büyükşehir),Düşük,Aylık,1528.0,2026-03-22,5.1,0.702,14.3,10.3,2.2,1,7.4,2,15,62.8,-0.11,1,0.2,1,3.1,297,0,0,0
STU100894,Mezun,Sayısal,Tier 2,Düşük,Aylık,1897.0,2026-07-25,1.0,0.753,11.2,9.5,4.9,2,27.4,1,2,55.6,0.87,2,0.4,1,2.4,300,0,0,0
STU102978,12. Sınıf,Sayısal,Tier 1 (Büyükşehir),Yüksek,Aylık,1729.0,2026-07-10,1.5,0.736,11.5,7.6,4.8,1,17.1,4,3,69.1,0.22,3,0.9,3,3.6,301,0,0,1
STU103322,12. Sınıf,Eşit Ağırlık,Tier 1 (Büyükşehir),Yüksek,Aylık,1718.0,2026-03-31,4.8,0.843,13.4,9.1,3.5,28,21.6,0,10,36.7,-1.72,0,1.2,1,4.2,300,1,0,0
STU100236,12. Sınıf,Sayısal,Tier 1 (Büyükşehir),Yüksek,Aylık,1783.0,2026-05-22,3.1,0.859,14.7,12.6,4.2,6,15.8,2,6,64.4,2.81,2,0.0,1,2.3,299,0,0,0
STU102137,Mezun,Eşit Ağırlık,Tier 2,Orta,3 Aylık,4466.0,2026-05-04,3.7,0.714,15.4,10.4,4.0,12,8.4,1,7,49.7,2.49,3,3.3,1,3.1,297,0,0,0
STU100886,12. Sınıf,Sayısal,Tier 1 (Büyükşehir),Orta,Aylık,1953.0,2026-08-03,0.7,0.538,18.7,10.3,4.5,21,10.5,1,1,56.1,-0.42,1,6.6,2,4.5,297,0,0,0
STU101215,12. Sınıf,Sayısal,Tier 1 (Büyükşehir),Orta,Aylık,1776.0,2026-06-03,2.7,0.99,16.0,15.1,4.3,1,43.9,3,5,72.3,2.04,1,3.6,1,4.3,299,0,0,0
STU100178,Mezun,Sayısal,Tier 2,Orta,Yıllık,16236.0,2026-02-11,6.4,0.361,12.7,5.2,0.3,4,26.6,2,12,50.0,5.61,1,5.0,1,5.0,303,1,0,0
STU100536,12. Sınıf,Sayısal,Tier 2,Düşük,3 Aylık,4916.0,2026-07-13,1.4,0.674,14.8,10.4,3.5,3,30.3,4,2,43.7,0.21,2,0.4,2,3.5,301,0,0,0
STU101345,12. Sınıf,Sayısal,Tier 1 (Büyükşehir),Yüksek,3 Aylık,4624.0,2026-04-03,4.7,0.655,14.2,7.5,4.0,27,17.7,1,7,62.7,0.54,1,0.6,1,3.4,302,0,0,0
STU100075,12. Sınıf,Sayısal,Tier 1 (Büyükşehir),Orta,3 Aylık,4837.0,2025-07-10,13.5,0.363,13.2,3.4,2.7,13,19.5,1,30,48.4,-2.05,5,1.9,1,3.2,300,1,0,0
STU100779,Mezun,Eşit Ağırlık,Tier 1 (Büyükşehir),Yüksek,3 Aylık,4904.0,2026-07-19,1.2,0.558,15.6,8.4,4.3,23,14.1,0,3,51.1,-0.61,1,0.3,1,3.2,303,1,0,0
STU101254,11. Sınıf,Sözel,Tier 2,Düşük,3 Aylık,5221.0,2026-07-28,0.9,0.876,17.5,15.8,5.7,8,37.0,4,2,53.6,2.44,0,16.0,0,2.8,664,1,0,0
STU102097,12. Sınıf,Sayısal,Tier 1 (Büyükşehir),Düşük,Aylık,1758.0,2026-04-16,4.3,0.664,10.8,7.1,3.1,26,25.2,2,7,53.0,0.82,0,0.3,0,1.6,303,1,0,0
STU101848,12. Sınıf,Eşit Ağırlık,Tier 1 (Büyükşehir),Orta,3 Aylık,5036.0,2026-03-22,5.1,0.705,10.2,7.3,3.2,19,7.4,0,8,73.9,2.05,0,3.3,1,4.3,303,0,0,0
STU103194,12. Sınıf,Eşit Ağırlık,Tier 1 (Büyükşehir),Yüksek,Aylık,1733.0,2026-07-04,1.7,0.808,14.5,11.7,4.7,2,25.2,1,5,38.5,2.48,1,4.4,1,3.1,301,0,0,0
STU102104,12. Sınıf,Eşit Ağırlık,Tier 2,Düşük,3 Aylık,4958.0,2026-04-25,4.0,0.821,13.2,10.1,4.8,18,2.0,1,8,42.9,1.12,1,5.9,1,3.5,301,0,0,1
STU103468,12. Sınıf,Eşit Ağırlık,Tier 3,Orta,3 Aylık,4649.0,2026-08-09,0.5,0.726,15.7,10.5,2.1,6,12.0,2,1,49.4,0.81,1,0.2,2,3.6,297,1,0,0
STU101699,12. Sınıf,Eşit Ağırlık,Tier 1 (Büyükşehir),Orta,Aylık,1815.0,2026-05-22,3.1,0.729,16.1,11.2,4.3,14,13.7,4,8,60.5,-0.5,4,8.7,1,3.6,301,1,0,1
STU100205,11. Sınıf,Sayısal,Tier 2,Düşük,Aylık,1894.0,2026-05-16,3.3,0.546,13.0,7.9,2.9,1,31.2,0,8,55.6,-1.6,2,4.7,0,3.0,668,1,0,0
STU101156,11. Sınıf,Sözel,Tier 1 (Büyükşehir),Yüksek,Yıllık,16065.0,2026-05-01,3.8,0.638,16.1,11.6,7.2,9,9.5,4,6,40.8,-2.51,2,17.1,0,3.6,665,0,0,1
STU103229,12. Sınıf,Eşit Ağırlık,Tier 1 (Büyükşehir),Yüksek,Aylık,1719.0,2026-05-22,3.1,0.802,12.0,10.1,5.8,24,15.6,0,6,54.3,-1.3,3,16.8,1,4.2,301,0,0,0
STU100195,11. Sınıf,Eşit Ağırlık,Tier 1 (Büyükşehir),Orta,Yıllık,17027.0,2026-05-16,3.3,0.303,17.5,9.2,3.8,14,12.5,0,6,47.0,-3.43,0,0.8,1,3.7,666,0,1,0
STU103420,Mezun,Sözel,Tier 1 (Büyükşehir),Orta,Aylık,1736.0,2026-06-06,2.6,0.515,13.9,7.7,3.7,2,16.5,1,6,55.4,-0.8,0,0.1,0,3.9,299,0,0,0
STU102421,11. Sınıf,Sayısal,Tier 2,Orta,Aylık,1697.0,2026-04-06,4.6,0.796,14.5,11.9,4.9,6,14.8,1,9,25.7,-2.15,2,1.3,1,5.0,663,0,0,0
STU102383,11. Sınıf,Dil,Tier 1 (Büyükşehir),Düşük,Yıllık,16579.0,2026-02-14,6.3,0.636,12.5,8.3,7.2,39,23.3,2,12,53.3,4.6,2,3.4,2,4.1,664,1,0,0
STU100669,12. Sınıf,Eşit Ağırlık,Tier 1 (Büyükşehir),Orta,3 Aylık,4983.0,2026-03-25,5.0,0.914,16.3,14.0,6.0,7,15.6,1,9,69.8,1.39,0,0.2,3,3.5,302,0,0,1
STU100035,11. Sınıf,Sözel,Tier 1 (Büyükşehir),Düşük,3 Aylık,5144.0,2026-06-28,1.9,0.669,13.7,8.5,4.2,2,17.5,0,4,73.6,2.34,1,4.5,2,3.6,662,0,0,0
STU103150,11. Sınıf,Eşit Ağırlık,Tier 1 (Büyükşehir),Düşük,3 Aylık,4992.0,2026-06-25,2.0,0.76,12.5,8.9,3.4,4,11.3,2,4,44.2,-5.25,2,1.2,3,2.7,664,0,0,0
STU101975,11. Sınıf,Sayısal,Tier 2,Yüksek,Aylık,1898.0,2026-04-06,4.6,0.578,11.1,6.5,3.2,13,30.6,2,11,44.1,3.8,1,1.1,3,3.6,668,0,0,1
STU102219,12. Sınıf,Sayısal,Tier 2,Düşük,Aylık,1714.0,2025-06-18,14.2,0.697,10.0,7.5,3.8,4,9.4,1,35,55.2,0.65,3,1.0,2,3.6,298,0,0,1
STU100568,12. Sınıf,Sözel,Tier 2,Düşük,Yıllık,16306.0,2026-05-25,3.0,0.454,15.1,8.8,5.0,4,34.9,2,6,63.5,3.69,1,1.2,2,2.4,297,0,0,0
STU101584,12. Sınıf,Dil,Tier 1 (Büyükşehir),Orta,Yıllık,17702.0,2026-04-10,4.5,0.99,13.2,12.4,3.6,4,6.9,2,6,45.7,-0.44,1,0.4,1,5.0,297,0,0,0
STU100241,Mezun,Sayısal,Tier 1 (Büyükşehir),Orta,Aylık,1990.0,2026-05-16,3.3,0.769,12.0,9.1,3.8,2,27.6,0,5,76.3,1.9,1,5.7,0,4.9,300,0,0,0
STU103113,12. Sınıf,Sayısal,Tier 2,Düşük,Yıllık,16093.0,2026-07-07,1.6,0.67,12.9,9.1,1.7,18,15.7,1,4,68.9,-1.23,1,5.9,0,5.0,298,1,0,0
STU100545,12. Sınıf,Sayısal,Tier 1 (Büyükşehir),Düşük,Aylık,1753.0,2026-05-10,3.5,0.709,12.7,8.9,3.9,3,28.6,3,7,61.7,-1.73,1,9.5,3,3.6,298,0,0,1
STU103231,11. Sınıf,Eşit Ağırlık,Tier 3,Düşük,3 Aylık,4980.0,2026-05-25,3.0,0.795,14.2,11.6,4.8,33,7.4,3,5,55.8,-1.49,0,0.6,0,5.0,666,0,0,0
STU101454,12. Sınıf,Sayısal,Tier 1 (Büyükşehir),Düşük,Aylık,1669.0,2026-04-16,4.3,0.832,17.7,16.3,5.7,5,15.7,1,10,34.7,-1.34,2,0.8,0,3.6,299,0,0,1
STU100024,Mezun,Eşit Ağırlık,Tier 2,Yüksek,Aylık,1722.0,2026-05-31,2.8,0.575,17.6,10.6,4.7,4,12.6,0,3,59.8,1.02,3,0.2,0,4.2,300,0,0,0
STU102519,11. Sınıf,Dil,Tier 1 (Büyükşehir),Orta,Aylık,1747.0,2025-06-09,14.5,0.677,8.1,5.6,5.5,4,1.1,1,26,38.5,-0.34,1,2.7,1,4.4,664,0,0,0
STU101925,11. Sınıf,Eşit Ağırlık,Tier 1 (Büyükşehir),Orta,3 Aylık,5045.0,2026-05-16,3.3,0.55,14.5,6.4,3.0,2,22.2,1,8,29.1,-2.6,3,4.6,3,2.6,663,0,0,0
STU101003,11. Sınıf,Eşit Ağırlık,Tier 1 (Büyükşehir),Yüksek,Aylık,1754.0,2026-05-01,3.8,0.99,12.7,11.6,7.8,14,16.6,1,7,31.9,0.18,1,2.1,1,4.2,664,1,0,0
STU100491,12. Sınıf,Eşit Ağırlık,Tier 3,Orta,Yıllık,15541.0,2026-07-04,1.7,0.72,16.7,12.1,3.2,64,18.2,7,3,70.7,-1.79,1,0.1,0,3.6,303,1,0,1
STU102399,12. Sınıf,Sayısal,Tier 1 (Büyükşehir),Düşük,3 Aylık,5066.0,2026-04-25,4.0,0.6,9.3,5.2,4.9,22,47.0,1,11,48.1,4.15,0,1.8,0,3.3,297,1,0,0
STU101497,12. Sınıf,Eşit Ağırlık,Tier 1 (Büyükşehir),Yüksek,Yıllık,17555.0,2026-06-25,2.0,0.748,20.7,14.0,5.2,8,7.2,1,3,40.7,-3.61,3,5.2,0,2.3,298,0,0,0
STU102784,11. Sınıf,Sözel,Tier 1 (Büyükşehir),Yüksek,3 Aylık,5216.0,2026-06-25,2.0,0.73,11.3,9.0,6.2,8,5.0,1,5,36.6,-2.08,3,3.2,0,3.3,664,0,1,0
STU103387,Mezun,Sayısal,Tier 2,Düşük,3 Aylık,4811.0,2026-07-28,0.9,0.528,11.8,6.4,2.8,0,10.7,1,2,46.5,0.75,2,3.4,0,3.1,298,0,0,0
STU100941,Mezun,Sayısal,Tier 1 (Büyükşehir),Orta,Aylık,1764.0,2026-07-16,1.3,0.837,15.5,9.0,5.6,2,14.4,0,3,42.1,-0.06,1,1.8,0,3.5,302,0,1,0
STU100691,Mezun,Eşit Ağırlık,Tier 1 (Büyükşehir),Yüksek,Aylık,1626.0,2026-07-04,1.7,0.69,11.3,9.8,3.4,13,8.0,2,3,49.9,1.01,0,4.4,1,2.2,299,0,0,0
STU100385,Mezun,Sayısal,Tier 2,Orta,3 Aylık,4692.0,2026-06-09,2.5,0.99,13.5,14.9,3.6,17,36.1,2,6,54.9,-1.6,1,0.5,0,3.1,302,0,0,0
STU102147,Mezun,Sayısal,Tier 2,Orta,3 Aylık,4927.0,2026-07-31,0.8,0.397,18.7,6.8,4.7,10,24.7,4,2,27.9,1.58,2,4.9,1,3.5,299,0,0,1
STU100614,12. Sınıf,Sözel,Tier 1 (Büyükşehir),Orta,Aylık,1682.0,2025-07-22,13.1,0.752,16.1,9.5,4.3,1,0.6,0,26,19.9,-2.38,1,0.3,0,4.7,303,0,0,0
STU101232,11. Sınıf,Sayısal,Tier 2,Orta,Yıllık,17222.0,2026-05-04,3.7,0.448,15.8,7.5,6.5,0,46.7,2,7,40.7,-1.85,0,1.8,2,3.6,665,0,0,1
STU102185,11. Sınıf,Sayısal,Tier 2,Düşük,Yıllık,18254.0,2026-08-09,0.5,0.429,17.1,7.6,3.2,7,14.1,2,1,78.2,-0.38,1,4.0,1,2.9,668,0,0,0
STU102726,Mezun,Eşit Ağırlık,Tier 1 (Büyükşehir),Yüksek,Aylık,1783.0,2025-12-06,8.6,0.787,15.0,11.2,5.6,7,5.7,2,20,47.7,0.54,2,1.4,1,3.6,298,0,0,1
STU103130,12. Sınıf,Eşit Ağırlık,Tier 1 (Büyükşehir),Yüksek,Yıllık,18062.0,2025-11-27,8.9,0.776,18.0,12.5,3.1,3,4.9,5,14,66.0,-0.08,3,6.1,0,4.2,297,0,0,0
STU102177,Mezun,Eşit Ağırlık,Tier 3,Orta,3 Aylık,5042.0,2025-08-09,12.5,0.534,15.2,8.0,3.8,12,48.4,3,27,39.0,-0.2,4,8.2,3,3.5,302,1,0,1
STU102877,12. Sınıf,Sözel,Tier 2,Yüksek,Yıllık,17720.0,2026-07-25,1.0,0.485,13.2,5.9,2.9,16,9.9,2,2,55.4,2.64,1,1.4,0,3.1,303,0,0,0
STU102175,12. Sınıf,Sözel,Tier 1 (Büyükşehir),Orta,Yıllık,17518.0,2026-01-05,7.6,0.089,12.6,1.1,1.4,9,55.0,8,17,43.3,-0.02,5,10.8,2,4.4,297,0,0,0
STU100367,12. Sınıf,Sayısal,Tier 1 (Büyükşehir),Yüksek,3 Aylık,4541.0,2025-03-19,17.2,0.574,16.9,9.7,3.9,4,14.7,0,30,66.5,-1.21,0,12.6,1,3.5,297,0,0,1
STU103244,11. Sınıf,Sayısal,Tier 1 (Büyükşehir),Düşük,Aylık,1892.0,2026-03-31,4.8,0.504,14.6,8.3,3.8,8,42.3,1,12,67.0,-1.71,2,1.6,2,2.1,662,1,0,0
STU100256,Mezun,Sayısal,Tier 2,Yüksek,Aylık,1727.0,2026-02-17,6.2,0.893,8.9,9.1,3.5,24,13.7,0,12,74.7,3.41,0,0.3,2,1.5,298,1,0,0
STU103245,12. Sınıf,Sayısal,Tier 1 (Büyükşehir),Yüksek,3 Aylık,4950.0,2026-07-04,1.7,0.656,9.3,9.0,1.8,4,31.0,0,4,42.6,0.64,3,0.0,2,2.9,301,0,1,0
STU102567,11. Sınıf,Sayısal,Tier 2,Düşük,Yıllık,17029.0,2026-04-25,4.0,0.513,13.0,7.4,4.7,53,4.6,3,13,43.0,2.57,2,2.9,0,5.0,668,0,0,0
STU103315,11. Sınıf,Sayısal,Tier 2,Orta,Yıllık,15196.0,2026-05-16,3.3,0.787,13.6,11.5,5.5,3,9.8,2,5,50.8,3.02,3,0.8,0,4.0,665,0,0,0
STU101237,12. Sınıf,Sayısal,Tier 3,Düşük,3 Aylık,5099.0,2025-11-30,8.8,0.739,8.9,5.5,4.0,10,21.4,0,19,66.6,-1.45,2,1.9,1,2.9,298,0,0,0
STU103248,Mezun,Eşit Ağırlık,Tier 1 (Büyükşehir),Orta,Aylık,1952.0,2026-07-19,1.2,0.643,16.1,11.0,2.8,1,10.4,2,2,57.8,1.14,2,5.4,2,3.6,300,0,0,1
STU103085,12. Sınıf,Sayısal,Tier 2,Yüksek,Yıllık,17121.0,2026-04-22,4.1,0.585,19.4,13.3,3.7,2,28.5,0,10,33.6,1.53,1,0.9,1,2.8,301,0,0,0
STU102238,12. Sınıf,Sözel,Tier 3,Düşük,3 Aylık,4939.0,2026-05-25,3.0,0.559,17.3,10.2,2.7,1,9.6,2,5,52.7,-2.17,3,3.0,0,1.9,303,1,0,0
STU103314,12. Sınıf,Eşit Ağırlık,Tier 2,Yüksek,3 Aylık,4774.0,2026-04-13,4.4,0.864,11.6,12.4,6.5,14,9.4,2,8,32.5,2.62,0,9.7,1,3.5,297,0,0,1
STU102191,12. Sınıf,Sayısal,Tier 3,Düşük,Aylık,1820.0,2026-06-15,2.3,0.834,12.8,12.4,2.7,8,3.7,1,4,73.3,-2.11,3,2.3,2,3.6,303,1,0,1
STU101212,12. Sınıf,Eşit Ağırlık,Tier 1 (Büyükşehir),Orta,3 Aylık,4675.0,2026-04-03,4.7,0.499,14.4,7.5,4.4,12,20.4,2,9,60.2,0.85,0,0.8,1,3.3,299,0,0,0
STU101490,11. Sınıf,Sayısal,Tier 1 (Büyükşehir),Yüksek,Aylık,1654.0,2026-04-25,4.0,0.92,19.0,20.5,4.6,20,3.3,2,8,63.1,1.84,2,5.0,0,3.8,666,0,0,0
STU100254,11. Sınıf,Eşit Ağırlık,Tier 1 (Büyükşehir),Yüksek,3 Aylık,5021.0,2026-03-07,5.6,0.783,14.2,13.3,4.7,16,4.4,2,11,56.8,-0.41,1,1.8,1,4.2,663,0,0,0
STU100429,Mezun,Sözel,Tier 3,Orta,Yıllık,15577.0,2026-05-13,3.4,0.656,15.6,9.9,5.8,14,4.9,1,5,15.3,2.35,1,0.4,2,4.4,297,0,0,0
STU101510,11. Sınıf,Sayısal,Tier 2,Orta,Aylık,1857.0,2026-03-19,5.2,0.631,15.6,8.4,4.7,11,9.1,0,10,40.1,-0.72,2,0.8,2,3.6,663,1,0,1
STU101534,11. Sınıf,Eşit Ağırlık,Tier 3,Düşük,3 Aylık,4483.0,2026-07-25,1.0,0.737,13.2,10.4,4.5,5,22.5,3,2,51.8,0.22,2,0.1,0,3.6,663,1,0,0
STU100637,12. Sınıf,Sözel,Tier 2,Orta,Yıllık,16807.0,2026-06-15,2.3,0.832,14.6,13.6,3.8,5,35.4,1,4,32.3,1.33,1,4.7,1,3.6,300,0,0,1
STU102149,11. Sınıf,Sayısal,Tier 1 (Büyükşehir),Yüksek,Aylık,1798.0,2025-11-17,9.2,0.574,19.0,10.4,3.7,4,25.0,0,18,52.1,1.48,1,8.8,2,5.0,668,1,0,0
STU102923,12. Sınıf,Sözel,Tier 2,Orta,Aylık,1729.0,2026-01-26,6.9,0.748,16.0,12.8,4.2,1,8.4,5,15,52.0,0.05,1,0.4,1,3.6,302,0,0,1
STU102029,12. Sınıf,Sözel,Tier 3,Orta,Aylık,1735.0,2026-05-13,3.4,0.603,14.8,8.4,5.1,0,27.7,3,9,25.8,1.74,1,0.8,1,2.7,303,0,0,0
STU103347,12. Sınıf,Sayısal,Tier 3,Orta,3 Aylık,4877.0,2025-11-17,9.2,0.614,16.7,9.2,2.8,4,32.5,3,19,64.9,-2.68,0,4.5,1,1.0,299,1,0,0
STU100559,12. Sınıf,Sözel,Tier 3,Orta,Yıllık,16032.0,2026-03-13,5.4,0.638,16.1,10.5,4.3,41,36.5,3,16,41.6,2.4,3,4.1,2,4.4,301,0,0,0
STU103495,Mezun,Sözel,Tier 2,Orta,Yıllık,17959.0,2026-04-22,4.1,0.566,10.4,6.4,5.6,5,29.3,3,9,44.9,1.58,3,2.8,3,3.6,303,0,0,1
STU102268,12. Sınıf,Sayısal,Tier 3,Orta,Yıllık,16703.0,2026-07-25,1.0,0.673,14.8,10.1,5.7,44,7.7,3,2,52.8,1.85,1,1.4,1,2.3,297,0,0,0
STU103282,11. Sınıf,Eşit Ağırlık,Tier 2,Düşük,Aylık,1892.0,2026-02-26,5.9,0.928,11.2,12.3,4.7,6,7.5,4,11,51.3,1.93,0,0.7,1,3.5,664,0,0,0
STU102227,11. Sınıf,Sayısal,Tier 1 (Büyükşehir),Orta,3 Aylık,4605.0,2026-05-25,3.0,0.569,16.8,8.0,4.9,9,9.1,2,5,39.3,-1.45,1,1.1,4,4.4,667,0,0,0
STU101167,12. Sınıf,Sayısal,Tier 2,Düşük,Yıllık,17023.0,2026-06-25,2.0,0.605,10.7,6.1,4.3,1,6.2,3,4,28.9,0.83,2,2.3,2,5.0,303,0,0,0
STU100295,Mezun,Eşit Ağırlık,Tier 1 (Büyükşehir),Orta,Yıllık,17031.0,2026-04-22,4.1,0.752,19.0,13.8,5.0,19,5.0,1,9,54.2,-0.68,0,9.2,1,1.1,300,0,0,0
STU100752,11. Sınıf,Sayısal,Tier 3,Orta,Yıllık,17063.0,2026-07-25,1.0,0.88,13.1,12.6,4.5,0,9.5,1,2,44.7,-1.68,0,2.9,0,3.6,665,0,0,0
STU102442,11. Sınıf,Sayısal,Tier 2,Yüksek,3 Aylık,4809.0,2025-05-31,14.8,0.537,16.7,11.0,5.4,2,26.2,2,36,48.2,4.95,0,0.3,0,3.5,663,0,0,1
STU100513,12. Sınıf,Sayısal,Tier 3,Orta,3 Aylık,5057.0,2026-06-15,2.3,0.889,9.6,7.0,4.9,14,8.9,2,4,55.5,-1.16,0,2.0,2,2.8,297,1,0,0
STU101844,11. Sınıf,Sayısal,Tier 1 (Büyükşehir),Yüksek,3 Aylık,4891.0,2026-05-22,3.1,0.99,11.4,10.8,6.9,10,28.5,1,8,45.7,1.55,1,2.8,1,5.0,662,0,0,0
STU100667,Mezun,Sayısal,Tier 1 (Büyükşehir),Düşük,Aylık,1960.0,2025-12-27,7.9,0.704,11.1,6.7,4.3,27,16.6,1,10,44.5,2.09,0,3.7,0,3.6,301,1,0,1
STU100364,12. Sınıf,Dil,Tier 2,Düşük,Aylık,1789.0,2026-08-09,0.5,0.713,12.0,9.0,4.8,11,19.0,3,1,59.1,-1.86,1,4.2,1,5.0,298,0,0,0
STU101615,11. Sınıf,Sözel,Tier 1 (Büyükşehir),Yüksek,3 Aylık,5304.0,2026-04-06,4.6,0.768,12.1,8.7,3.2,21,22.3,1,10,48.2,-1.76,2,1.0,1,3.5,663,1,0,1
STU100248,12. Sınıf,Sayısal,Tier 1 (Büyükşehir),Orta,3 Aylık,5078.0,2026-05-25,3.0,0.5,14.9,7.6,3.4,8,3.9,5,6,45.1,4.16,2,2.8,1,4.3,301,1,0,0
STU101911,11. Sınıf,Sözel,Tier 1 (Büyükşehir),Düşük,3 Aylık,4708.0,2026-04-16,4.3,0.574,16.9,9.0,4.9,3,13.4,2,9,50.2,-1.52,2,3.1,3,2.6,668,0,0,0
STU101653,11. Sınıf,Sayısal,Tier 2,Yüksek,Aylık,1657.0,2025-12-03,8.7,0.893,10.1,8.8,3.3,11,9.1,0,12,52.9,0.67,0,1.4,1,4.1,664,0,0,0
STU101009,12. Sınıf,Sayısal,Tier 3,Yüksek,3 Aylık,4482.0,2026-06-06,2.6,0.927,16.0,12.1,6.1,24,22.0,1,6,47.2,-0.38,3,0.1,2,4.2,300,1,0,0
STU102303,12. Sınıf,Eşit Ağırlık,Tier 1 (Büyükşehir),Orta,3 Aylık,4796.0,2026-05-25,3.0,0.747,15.0,10.4,5.0,2,9.0,1,7,51.5,4.33,1,0.2,1,3.5,299,0,0,1
STU100528,Mezun,Eşit Ağırlık,Tier 1 (Büyükşehir),Düşük,Aylık,1572.0,2025-12-21,8.1,0.643,18.5,9.0,4.5,8,15.2,0,18,53.9,0.33,3,6.5,1,1.8,302,0,1,0
STU101808,12. Sınıf,Sayısal,Tier 1 (Büyükşehir),Yüksek,Yıllık,17744.0,2026-03-07,5.6,0.644,10.1,6.4,3.6,4,5.9,3,12,68.7,1.42,1,0.4,1,4.8,298,1,0,0
STU102216,11. Sınıf,Sözel,Tier 1 (Büyükşehir),Düşük,Yıllık,17451.0,2026-07-25,1.0,0.494,12.6,7.4,3.2,6,21.3,1,2,45.8,0.27,1,1.1,0,4.9,664,0,0,0
STU100365,12. Sınıf,Sayısal,Tier 2,Orta,Aylık,1898.0,2025-12-21,8.1,0.63,10.6,7.9,2.2,58,6.5,2,15,66.9,-2.29,4,0.0,1,3.9,297,1,0,0
STU102483,12. Sınıf,Sayısal,Tier 2,Orta,3 Aylık,4516.0,2025-09-27,10.9,0.638,10.9,7.9,3.8,23,17.1,1,21,51.3,-1.21,2,5.4,2,3.5,303,0,0,1
STU101934,12. Sınıf,Eşit Ağırlık,Tier 3,Orta,Yıllık,17155.0,2026-06-06,2.6,0.857,12.7,12.4,3.4,16,29.6,2,6,90.0,-1.45,3,25.3,0,3.6,297,1,0,1
STU100122,11. Sınıf,Eşit Ağırlık,Tier 1 (Büyükşehir),Düşük,Yıllık,15660.0,2025-12-06,8.6,0.846,16.2,15.2,5.4,9,14.4,0,21,66.6,1.0,1,0.2,3,2.1,668,0,0,0
STU100055,Mezun,Sözel,Tier 2,Orta,Aylık,1777.0,2026-03-19,5.2,0.605,17.6,9.9,3.4,23,36.4,3,10,38.5,-1.62,0,0.4,2,3.3,297,0,0,0
STU100246,12. Sınıf,Sayısal,Tier 1 (Büyükşehir),Düşük,Yıllık,16567.0,2026-07-07,1.6,0.706,11.6,6.5,3.4,20,5.2,2,4,59.7,-1.81,2,1.8,0,4.2,297,0,0,0
STU102856,12. Sınıf,Sayısal,Tier 2,Düşük,3 Aylık,4522.0,2026-05-25,3.0,0.804,18.0,14.9,4.9,0,49.9,2,5,65.1,-2.57,3,0.9,0,3.8,300,0,0,0
STU100936,Mezun,Sözel,Tier 2,Orta,Aylık,1908.0,2026-07-10,1.5,0.99,16.5,16.2,3.5,22,26.8,1,4,56.0,-4.98,2,3.6,0,3.9,299,0,0,0
STU100892,11. Sınıf,Eşit Ağırlık,Tier 1 (Büyükşehir),Yüksek,Aylık,1758.0,2026-06-25,2.0,0.667,10.6,6.1,4.2,9,15.5,2,3,47.2,-0.01,2,2.4,3,3.6,667,0,0,1
STU101614,Mezun,Sayısal,Tier 3,Orta,Aylık,1766.0,2026-02-26,5.9,0.56,10.7,6.1,3.1,2,26.5,0,11,43.7,-4.64,5,5.7,1,4.6,301,1,0,0
STU102321,11. Sınıf,Sözel,Tier 2,Orta,Aylık,1850.0,2026-04-19,4.2,0.622,14.2,8.2,3.7,2,29.3,3,8,36.2,0.67,3,0.6,1,2.1,664,0,0,0
STU102885,11. Sınıf,Sözel,Tier 2,Orta,Yıllık,17397.0,2026-07-22,1.1,0.498,18.9,8.4,3.3,0,6.6,1,3,46.0,5.4,1,17.6,2,4.9,663,1,0,0
STU101103,Mezun,Eşit Ağırlık,Tier 2,Orta,3 Aylık,4749.0,2026-07-04,1.7,0.227,10.9,2.1,2.0,9,24.6,2,4,39.5,-1.91,1,0.2,2,3.4,299,0,0,0
STU103494,11. Sınıf,Sözel,Tier 1 (Büyükşehir),Yüksek,Yıllık,16719.0,2026-04-13,4.4,0.795,16.4,13.7,3.1,5,28.4,1,6,48.9,2.87,0,2.4,0,2.7,665,0,0,0
STU100222,12. Sınıf,Sözel,Tier 2,Orta,3 Aylık,5137.0,2026-06-09,2.5,0.857,16.6,16.0,4.8,6,19.4,3,6,40.3,0.87,0,6.7,1,4.3,299,0,0,0
STU101824,12. Sınıf,Sayısal,Tier 1 (Büyükşehir),Yüksek,Yıllık,16247.0,2026-03-13,5.4,0.301,15.1,4.6,3.9,19,31.8,0,8,36.8,2.91,0,1.9,1,3.3,299,1,0,0
STU100910,Mezun,Sayısal,Tier 1 (Büyükşehir),Orta,Yıllık,17016.0,2025-10-09,10.5,0.877,9.0,7.3,3.1,15,15.7,1,18,65.0,0.9,1,3.6,1,3.1,300,1,0,0
STU100213,Mezun,Sözel,Tier 2,Orta,3 Aylık,4972.0,2026-03-10,5.5,0.99,18.0,18.3,6.0,12,6.6,2,14,50.3,0.51,0,4.2,1,4.7,302,0,0,0
STU101855,Mezun,Sözel,Tier 1 (Büyükşehir),Düşük,Aylık,1841.0,2026-06-03,2.7,0.749,20.6,14.5,3.2,37,16.8,4,7,61.9,-3.18,1,2.5,1,3.6,302,1,0,1
STU102495,12. Sınıf,Sayısal,Tier 2,Yüksek,Aylık,1781.0,2025-12-18,8.2,0.87,12.5,10.7,4.3,13,5.6,0,13,86.5,0.41,0,0.1,0,4.3,299,0,0,0
STU100580,12. Sınıf,Sayısal,Tier 2,Yüksek,Aylık,1871.0,2026-07-16,1.3,0.81,10.0,8.0,3.7,19,12.3,2,3,58.1,0.49,2,0.8,2,4.0,302,0,0,0
STU101829,12. Sınıf,Sayısal,Tier 2,Yüksek,Yıllık,17414.0,2025-11-14,9.3,0.783,13.8,10.3,3.7,4,54.0,3,22,47.2,2.45,1,0.6,0,3.6,297,0,0,1
STU103366,12. Sınıf,Eşit Ağırlık,Tier 2,Yüksek,3 Aylık,5121.0,2026-06-28,1.9,0.297,13.1,3.9,5.3,10,17.1,0,4,62.1,1.5,1,0.3,3,3.5,302,0,0,1
STU100834,12. Sınıf,Sözel,Tier 3,Orta,3 Aylık,4809.0,2025-09-27,10.9,0.598,14.4,9.1,3.4,2,4.6,2,21,52.7,-1.57,1,1.0,1,3.3,302,0,0,0
STU100267,11. Sınıf,Sayısal,Tier 3,Yüksek,3 Aylık,5012.0,2026-07-28,0.9,0.901,12.9,8.1,3.5,8,2.2,2,1,59.1,-3.77,1,5.8,3,4.0,668,0,0,0
STU102023,11. Sınıf,Eşit Ağırlık,Tier 1 (Büyükşehir),Yüksek,3 Aylık,4846.0,2026-07-04,1.7,0.621,15.8,10.3,5.5,2,58.4,2,3,45.3,4.7,1,5.0,0,5.0,667,0,0,0
STU102760,12. Sınıf,Sözel,Tier 1 (Büyükşehir),Orta,Yıllık,16186.0,2026-08-09,0.5,0.726,12.8,11.7,4.2,19,1.9,3,1,50.3,1.57,1,4.1,5,3.9,301,0,0,0
STU102084,12. Sınıf,Eşit Ağırlık,Tier 2,Orta,Aylık,1674.0,2026-05-07,3.6,0.71,13.3,10.6,3.9,19,4.2,1,9,69.4,-0.58,2,1.8,4,3.7,300,0,0,0
STU101284,Mezun,Dil,Tier 3,Yüksek,Aylık,1891.0,2026-05-10,3.5,0.441,13.6,5.3,5.8,5,8.0,1,3,57.5,2.12,0,2.0,1,3.1,302,0,0,0
STU102476,11. Sınıf,Sözel,Tier 1 (Büyükşehir),Yüksek,3 Aylık,4478.0,2025-12-12,8.4,0.982,18.7,17.7,4.7,4,26.4,1,16,70.4,0.12,0,2.4,1,3.8,668,0,0,0
STU100144,12. Sınıf,Sayısal,Tier 1 (Büyükşehir),Yüksek,Yıllık,15905.0,2026-03-10,5.5,0.588,14.0,7.5,5.9,33,20.2,3,9,58.9,2.33,1,5.8,2,4.4,299,0,0,0
STU101298,12. Sınıf,Sözel,Tier 2,Yüksek,Aylık,1681.0,2026-06-03,2.7,0.621,9.4,5.3,5.8,0,13.1,2,5,34.7,-2.66,0,0.0,0,4.0,303,0,0,0
STU101442,11. Sınıf,Eşit Ağırlık,Tier 3,Orta,Aylık,1778.0,2025-12-06,8.6,0.911,8.0,7.5,5.3,38,3.9,0,12,50.6,2.36,2,10.3,0,4.7,668,0,0,0
STU103338,12. Sınıf,Dil,Tier 1 (Büyükşehir),Yüksek,Aylık,1810.0,2026-05-16,3.3,0.599,17.6,10.6,3.4,30,13.3,4,7,58.3,-1.45,1,12.9,2,3.5,297,1,0,0
STU102562,12. Sınıf,Sayısal,Tier 3,Orta,Aylık,1698.0,2025-12-18,8.2,0.409,12.9,4.9,3.0,1,11.2,2,15,27.9,-3.18,6,1.8,0,4.9,300,1,0,0
STU100498,12. Sınıf,Sayısal,Tier 2,Orta,3 Aylık,4758.0,2026-07-13,1.4,0.63,12.8,8.2,4.5,2,7.9,2,2,59.9,-0.6,0,3.1,1,3.5,300,0,0,0
STU101783,11. Sınıf,Sayısal,Tier 1 (Büyükşehir),Düşük,Aylık,1749.0,2025-09-24,11.0,0.463,11.7,5.1,5.1,5,6.3,1,21,39.8,-1.65,1,2.8,1,3.8,668,1,0,0
STU101155,11. Sınıf,Sözel,Tier 1 (Büyükşehir),Orta,Yıllık,16330.0,2026-04-13,4.4,0.46,11.1,5.2,1.3,11,7.9,2,10,61.9,-1.37,4,1.5,0,2.5,664,1,0,0
STU100823,12. Sınıf,Sayısal,Tier 1 (Büyükşehir),Yüksek,Aylık,1842.0,2026-03-28,4.9,0.916,11.8,10.4,3.3,8,12.8,1,10,25.2,-2.7,2,2.2,1,3.6,302,0,0,1
STU103139,12. Sınıf,Sayısal,Tier 1 (Büyükşehir),Orta,Aylık,1599.0,2026-03-25,5.0,0.637,11.5,8.2,2.4,0,53.9,2,12,19.6,2.4,0,14.6,1,2.1,299,0,0,0
STU100058,11. Sınıf,Eşit Ağırlık,Tier 1 (Büyükşehir),Orta,3 Aylık,4694.0,2026-04-10,4.5,0.88,13.5,11.7,3.0,2,80.6,2,10,75.8,0.48,1,10.0,1,3.5,664,0,0,1
STU102400,12. Sınıf,Sözel,Tier 2,Orta,3 Aylık,4660.0,2026-07-16,1.3,0.782,18.3,12.3,4.1,17,1.4,3,3,59.0,-2.65,2,3.0,2,2.5,300,1,0,0
STU103241,12. Sınıf,Sayısal,Tier 1 (Büyükşehir),Orta,Aylık,1870.0,2025-07-07,13.6,0.618,10.3,6.2,6.3,11,15.3,2,22,30.9,-1.19,2,0.4,3,3.6,302,0,0,1
STU101144,12. Sınıf,Sayısal,Tier 1 (Büyükşehir),Orta,3 Aylık,5164.0,2026-04-16,4.3,0.299,18.6,6.1,4.8,3,8.2,2,10,40.3,1.68,2,10.7,0,1.4,301,1,0,0
STU102918,11. Sınıf,Sözel,Tier 1 (Büyükşehir),Düşük,Aylık,1709.0,2026-05-25,3.0,0.699,16.5,12.7,5.3,21,10.4,2,9,40.0,-4.59,2,1.9,2,4.3,664,0,0,0
STU101449,11. Sınıf,Eşit Ağırlık,Tier 2,Yüksek,3 Aylık,4696.0,2026-02-26,5.9,0.57,19.2,12.2,2.8,0,8.2,0,9,45.8,1.41,1,1.6,3,3.5,663,0,0,0
STU100145,11. Sınıf,Sözel,Tier 2,Orta,3 Aylık,4834.0,2026-06-12,2.4,0.833,13.8,10.1,2.3,3,10.0,3,5,49.4,-0.03,1,5.6,1,4.0,664,0,0,0
STU102611,Mezun,Sayısal,Tier 1 (Büyükşehir),Orta,3 Aylık,4888.0,2025-10-24,10.0,0.6,14.4,10.7,5.1,10,6.8,0,15,45.4,2.38,3,2.5,1,3.7,301,0,0,0
STU101739,Mezun,Eşit Ağırlık,Tier 1 (Büyükşehir),Düşük,3 Aylık,4868.0,2026-05-10,3.5,0.83,12.6,11.8,2.7,3,36.9,2,5,45.1,1.07,1,0.9,0,3.3,298,0,0,0
STU102396,11. Sınıf,Sayısal,Tier 2,Düşük,3 Aylık,5042.0,2025-08-21,12.1,0.633,16.1,10.0,3.5,10,17.8,2,22,76.1,0.97,1,3.9,4,3.0,668,1,0,0
STU102912,12. Sınıf,Eşit Ağırlık,Tier 2,Yüksek,Yıllık,18121.0,2026-05-19,3.2,0.826,14.7,10.9,2.9,3,13.6,4,6,62.1,0.27,0,2.1,0,4.2,301,0,0,0
STU100609,12. Sınıf,Eşit Ağırlık,Tier 2,Düşük,Yıllık,17405.0,2026-06-15,2.3,0.809,13.7,12.1,2.1,0,58.3,5,6,70.9,-3.75,4,6.2,2,2.4,299,1,0,0
STU102293,12. Sınıf,Sayısal,Tier 1 (Büyükşehir),Düşük,Aylık,1734.0,2026-06-22,2.1,0.694,15.5,11.1,4.9,0,33.1,4,4,70.8,2.72,1,2.8,1,3.6,303,0,0,1
STU100983,12. Sınıf,Sayısal,Tier 1 (Büyükşehir),Orta,Yıllık,16548.0,2026-07-28,0.9,0.675,13.8,11.2,2.3,10,25.9,1,2,53.3,-0.51,1,0.3,1,3.1,297,1,0,0
STU100175,11. Sınıf,Sözel,Tier 1 (Büyükşehir),Yüksek,Aylık,1892.0,2026-07-31,0.8,0.782,17.0,15.4,6.2,4,17.0,1,2,58.2,2.65,2,4.0,0,4.6,664,0,0,0
STU102316,11. Sınıf,Sayısal,Tier 2,Orta,Yıllık,15791.0,2026-08-06,0.6,0.51,14.2,6.9,3.4,2,14.8,0,1,54.7,0.71,1,3.5,2,2.1,667,1,0,0
STU100457,12. Sınıf,Dil,Tier 2,Orta,Yıllık,17293.0,2026-07-28,0.9,0.672,17.8,10.7,4.4,23,27.7,2,1,66.7,2.61,1,1.5,0,3.2,297,0,0,0
STU100080,12. Sınıf,Sözel,Tier 1 (Büyükşehir),Düşük,Yıllık,17145.0,2026-01-14,7.3,0.876,15.4,15.2,5.6,4,31.7,2,11,23.4,-2.19,2,0.4,1,2.8,300,0,0,0
STU102798,12. Sınıf,Sayısal,Tier 1 (Büyükşehir),Yüksek,Aylık,1743.0,2026-07-13,1.4,0.483,18.4,9.4,4.0,1,15.7,4,4,26.5,-1.98,1,1.4,0,3.6,300,0,0,1
STU102597,12. Sınıf,Eşit Ağırlık,Tier 1 (Büyükşehir),Düşük,Aylık,1836.0,2026-01-08,7.5,0.666,13.5,10.3,5.2,16,12.8,1,11,72.7,1.76,1,0.2,2,3.6,302,0,0,1
STU100842,12. Sınıf,Eşit Ağırlık,Tier 3,Orta,Aylık,1936.0,2026-06-09,2.5,0.61,12.8,8.6,3.6,2,35.7,1,4,64.1,0.14,3,1.4,0,3.0,302,1,0,0
STU103246,12. Sınıf,Eşit Ağırlık,Tier 2,Orta,Aylık,1815.0,2026-07-01,1.8,0.697,15.9,9.3,3.0,18,15.3,1,4,48.1,-0.59,1,0.5,2,2.3,299,0,0,0
STU102997,11. Sınıf,Eşit Ağırlık,Tier 2,Orta,Aylık,1832.0,2025-08-12,12.4,0.63,14.4,6.5,3.5,5,30.9,4,29,39.2,-2.85,2,12.9,0,5.0,667,1,0,0
STU101181,11. Sınıf,Sayısal,Tier 3,Orta,3 Aylık,5093.0,2026-05-25,3.0,0.815,11.9,10.8,3.3,12,2.4,3,6,59.6,-0.9,1,0.7,0,3.5,667,1,0,1
STU102266,Mezun,Sayısal,Tier 1 (Büyükşehir),Orta,3 Aylık,5094.0,2026-05-10,3.5,0.953,17.1,16.9,6.5,2,5.4,1,8,51.9,4.34,0,0.4,1,2.0,302,0,0,0
STU102902,11. Sınıf,Sayısal,Tier 1 (Büyükşehir),Orta,3 Aylık,5206.0,2026-01-02,7.7,0.911,12.3,10.7,5.3,18,4.5,1,11,62.7,-0.76,0,2.2,0,3.5,665,0,0,1
STU100874,12. Sınıf,Eşit Ağırlık,Tier 2,Düşük,3 Aylık,4524.0,2026-05-10,3.5,0.714,13.9,11.3,4.0,0,6.8,0,7,65.7,-3.1,2,0.1,1,3.5,303,1,0,1
STU101996,12. Sınıf,Dil,Tier 1 (Büyükşehir),Yüksek,Yıllık,17095.0,2026-02-02,6.7,0.954,14.2,13.9,4.1,2,28.1,1,18,76.6,0.8,2,0.9,2,5.0,301,0,0,0
STU102220,12. Sınıf,Sözel,Tier 1 (Büyükşehir),Düşük,Yıllık,16678.0,2026-05-25,3.0,0.821,15.3,13.7,2.5,21,14.9,2,5,63.2,0.55,2,25.4,1,3.5,299,0,0,0
STU101142,Mezun,Eşit Ağırlık,Tier 1 (Büyükşehir),Orta,Aylık,1816.0,2026-07-01,1.8,0.559,13.7,8.9,2.4,21,18.8,4,3,31.4,-1.64,2,3.1,2,3.1,298,1,0,0
STU101107,12. Sınıf,Sayısal,Tier 1 (Büyükşehir),Düşük,Yıllık,15560.0,2026-05-13,3.4,0.702,13.0,9.5,4.0,9,19.2,6,9,54.7,3.78,0,0.4,1,4.3,297,0,0,0
STU101428,Mezun,Eşit Ağırlık,Tier 1 (Büyükşehir),Yüksek,Yıllık,16311.0,2025-12-27,7.9,0.674,10.8,7.3,2.6,6,19.0,2,19,62.9,-5.07,2,8.9,1,3.6,301,0,0,1
STU101683,12. Sınıf,Eşit Ağırlık,Tier 3,Yüksek,Yıllık,17431.0,2026-03-28,4.9,0.84,11.7,10.6,4.3,18,13.9,2,5,42.3,-0.91,1,0.7,2,3.2,300,0,0,0
STU102142,Mezun,Sözel,Tier 1 (Büyükşehir),Düşük,Aylık,1808.0,2026-02-20,6.1,0.768,14.2,10.8,4.4,1,24.8,2,9,58.6,-1.14,2,0.8,4,3.6,303,0,0,1
STU103149,11. Sınıf,Sayısal,Tier 3,Orta,3 Aylık,4739.0,2026-02-08,6.5,0.672,12.6,9.0,6.3,24,2.3,2,13,63.4,5.61,3,0.6,0,5.0,664,0,1,0
STU100128,11. Sınıf,Eşit Ağırlık,Tier 2,Düşük,Yıllık,16234.0,2026-03-10,5.5,0.378,14.5,9.2,3.2,7,32.8,3,11,52.9,0.59,2,6.1,3,2.8,666,0,1,0
STU102900,12. Sınıf,Sayısal,Tier 1 (Büyükşehir),Orta,Aylık,1756.0,2026-05-10,3.5,0.711,20.3,11.7,4.5,55,5.6,3,6,59.2,-1.1,2,0.8,1,4.2,299,0,0,0
STU100765,11. Sınıf,Eşit Ağırlık,Tier 3,Yüksek,Aylık,1721.0,2026-05-04,3.7,0.889,14.3,11.7,2.8,0,13.6,1,5,29.7,3.0,3,5.0,0,2.4,667,0,0,0
STU103189,12. Sınıf,Eşit Ağırlık,Tier 1 (Büyükşehir),Düşük,Aylık,1819.0,2026-05-16,3.3,0.901,9.1,10.1,3.9,28,15.3,2,6,48.0,-3.38,1,10.5,0,2.2,297,1,0,0
STU102371,12. Sınıf,Sayısal,Tier 3,Yüksek,Aylık,1877.0,2025-12-30,7.8,0.705,15.5,12.6,3.9,12,9.6,1,22,50.0,0.53,1,4.3,0,3.6,302,1,0,1
STU101064,12. Sınıf,Sayısal,Tier 1 (Büyükşehir),Orta,Yıllık,15755.0,2026-03-01,5.8,0.578,14.3,9.3,5.0,31,37.1,3,10,50.9,-5.05,5,1.1,2,3.6,303,1,0,1
STU101964,12. Sınıf,Sayısal,Tier 2,Orta,Aylık,1896.0,2025-12-09,8.5,0.504,15.5,6.1,3.8,47,3.4,3,10,45.4,0.4,3,6.5,0,2.1,297,1,0,0
STU103056,12. Sınıf,Sözel,Tier 3,Yüksek,Aylık,1793.0,2026-03-04,5.7,0.556,12.1,6.1,1.9,39,22.5,0,10,57.0,-2.09,4,7.7,1,4.8,297,1,0,0
STU101945,Mezun,Sayısal,Tier 3,Düşük,3 Aylık,5341.0,2026-03-19,5.2,0.653,14.3,9.8,4.4,4,29.3,2,12,68.8,0.6,1,4.4,2,3.7,297,1,0,0
STU102413,12. Sınıf,Sayısal,Tier 1 (Büyükşehir),Orta,Yıllık,16122.0,2026-05-16,3.3,0.842,11.6,12.6,2.6,3,5.5,1,8,63.2,-1.41,0,1.3,4,4.9,303,0,0,0
STU100414,11. Sınıf,Sayısal,Tier 1 (Büyükşehir),Orta,3 Aylık,4785.0,2026-04-03,4.7,0.637,16.2,8.2,5.4,22,26.0,5,5,44.6,0.36,5,9.3,0,2.5,664,1,0,0
STU102430,Mezun,Dil,Tier 2,Düşük,3 Aylık,4851.0,2026-03-10,5.5,0.405,7.9,3.2,3.8,4,20.4,2,13,46.8,-0.12,4,8.9,0,3.4,300,0,0,0
STU103267,Mezun,Eşit Ağırlık,Tier 2,Düşük,Aylık,1759.0,2025-11-27,8.9,0.591,15.1,8.6,6.6,8,18.7,4,19,63.9,3.55,2,2.9,0,4.0,303,0,0,0
STU100305,12. Sınıf,Sayısal,Tier 3,Düşük,3 Aylık,4725.0,2025-05-28,14.9,0.799,13.4,11.5,4.2,1,21.1,0,34,44.0,0.74,0,1.9,1,2.5,300,1,0,0
STU101292,12. Sınıf,Sayısal,Tier 1 (Büyükşehir),Düşük,3 Aylık,5079.0,2025-11-30,8.8,0.79,15.2,12.2,3.1,1,14.5,1,17,49.1,1.78,0,6.7,0,3.0,302,0,0,0
STU101721,11. Sınıf,Eşit Ağırlık,Tier 2,Düşük,3 Aylık,4462.0,2026-06-12,2.4,0.805,15.1,12.4,4.8,30,8.0,0,6,55.5,-0.74,0,0.6,1,2.6,664,0,0,0
STU102447,12. Sınıf,Eşit Ağırlık,Tier 2,Orta,3 Aylık,4697.0,2026-01-11,7.4,0.782,15.5,13.7,3.8,2,13.5,2,15,51.0,1.6,0,1.2,1,3.8,302,0,0,0
STU100817,12. Sınıf,Sözel,Tier 2,Yüksek,3 Aylık,4975.0,2026-05-31,2.8,0.435,14.9,7.4,3.4,5,24.0,2,6,53.0,2.42,4,16.7,0,3.4,303,0,0,0
STU100634,11. Sınıf,Eşit Ağırlık,Tier 1 (Büyükşehir),Yüksek,Aylık,1791.0,2026-04-22,4.1,0.805,10.2,8.9,4.3,19,41.0,1,7,71.2,-0.35,2,1.4,1,3.1,668,0,0,0
STU102391,Mezun,Eşit Ağırlık,Tier 1 (Büyükşehir),Yüksek,Yıllık,16211.0,2026-06-03,2.7,0.804,16.3,14.4,6.0,27,10.0,1,6,73.7,-0.6,2,5.2,0,3.8,300,0,0,0
STU103489,12. Sınıf,Sayısal,Tier 2,Yüksek,3 Aylık,5204.0,2025-12-12,8.4,0.615,14.0,7.6,5.0,2,3.2,0,15,39.3,-0.24,2,0.7,2,5.0,302,0,0,0
STU101369,12. Sınıf,Eşit Ağırlık,Tier 1 (Büyükşehir),Orta,Aylık,1773.0,2026-07-13,1.4,0.71,15.4,12.5,2.4,1,9.5,0,3,45.3,-1.35,1,4.7,3,3.1,299,0,0,0
STU103446,12. Sınıf,Eşit Ağırlık,Tier 2,Düşük,Yıllık,15975.0,2026-06-15,2.3,0.596,14.2,6.8,0.8,3,40.4,2,4,43.2,-2.43,0,28.1,2,1.9,303,1,0,0
STU101302,Mezun,Sayısal,Tier 1 (Büyükşehir),Yüksek,Aylık,1745.0,2026-01-14,7.3,0.596,12.2,8.0,4.3,4,5.7,0,15,58.2,-1.04,0,1.4,0,3.6,300,0,0,1
STU100973,Mezun,Sayısal,Tier 3,Orta,Aylık,1724.0,2026-04-13,4.4,0.685,13.5,9.1,5.6,9,25.5,3,7,67.2,1.73,2,1.9,4,4.7,299,0,0,0
STU102407,12. Sınıf,Eşit Ağırlık,Tier 2,Orta,Aylık,1774.0,2026-05-28,2.9,0.644,16.9,10.0,5.1,10,33.0,0,6,29.6,4.42,1,2.2,0,3.6,299,1,0,1
STU101668,11. Sınıf,Sayısal,Tier 1 (Büyükşehir),Yüksek,3 Aylık,5493.0,2026-04-03,4.7,0.752,14.1,9.8,7.1,7,24.8,0,9,55.0,-2.08,1,11.3,0,4.6,663,0,0,0
STU102695,11. Sınıf,Sayısal,Tier 2,Orta,Aylık,1731.0,2026-01-17,7.2,0.914,13.1,12.2,3.8,53,34.8,2,18,47.3,-0.01,5,2.1,2,3.6,665,0,0,1
STU100351,11. Sınıf,Sayısal,Tier 3,Yüksek,Aylık,1838.0,2025-08-15,12.3,0.667,11.4,7.4,6.1,0,31.0,3,25,28.4,0.61,3,5.0,4,1.9,662,1,0,0
STU101991,12. Sınıf,Eşit Ağırlık,Tier 1 (Büyükşehir),Orta,Aylık,1744.0,2026-06-15,2.3,0.662,12.5,8.6,3.4,15,8.9,2,4,27.5,1.62,1,2.9,0,3.4,297,0,0,0
STU102140,Mezun,Sayısal,Tier 3,Yüksek,Aylık,1761.0,2026-08-06,0.6,0.508,10.3,4.8,4.8,13,13.7,3,1,31.0,-0.21,1,9.2,1,3.6,299,0,0,1
STU100631,Mezun,Eşit Ağırlık,Tier 1 (Büyükşehir),Orta,3 Aylık,4734.0,2026-03-25,5.0,0.514,13.9,9.0,2.4,14,42.6,3,11,41.2,-0.62,4,3.1,4,5.0,297,1,1,0
STU100445,12. Sınıf,Sözel,Tier 2,Düşük,3 Aylık,4651.0,2026-06-19,2.2,0.475,13.1,6.1,4.3,35,7.2,0,4,21.2,-0.71,2,12.9,0,3.5,303,1,0,1
STU102365,12. Sınıf,Sayısal,Tier 2,Düşük,Aylık,1973.0,2026-03-28,4.9,0.599,11.5,8.2,6.3,3,5.6,4,10,51.3,-0.08,3,2.3,1,4.1,300,0,0,0
STU101840,11. Sınıf,Sayısal,Tier 1 (Büyükşehir),Yüksek,Aylık,1808.0,2026-04-13,4.4,0.843,14.3,11.4,6.6,15,13.5,1,12,54.6,0.67,1,1.0,1,4.2,662,0,0,0
STU100557,12. Sınıf,Dil,Tier 3,Yüksek,Aylık,1991.0,2026-08-03,0.7,0.771,11.6,9.0,1.9,11,9.1,2,2,54.3,0.3,2,1.0,3,3.6,297,0,1,1
STU101812,12. Sınıf,Sayısal,Tier 1 (Büyükşehir),Orta,3 Aylık,5425.0,2026-04-25,4.0,0.968,14.1,16.215,2.8,13,9.7,2,12,34.2,2.29,2,3.0,0,4.4,299,0,0,0
STU102984,11. Sınıf,Dil,Tier 1 (Büyükşehir),Orta,3 Aylık,4577.0,2026-05-28,2.9,0.464,12.2,5.4,3.3,1,10.2,2,6,56.0,1.95,0,3.1,3,3.3,664,0,0,0
STU101709,12. Sınıf,Sayısal,Tier 1 (Büyükşehir),Orta,Aylık,1858.0,2026-08-09,0.5,0.626,11.6,9.0,4.9,5,12.5,2,1,55.9,1.73,1,0.3,2,3.9,300,0,1,0
STU100521,12. Sınıf,Sayısal,Tier 1 (Büyükşehir),Yüksek,Aylık,1844.0,2026-07-04,1.7,0.579,13.1,8.1,4.8,9,5.0,1,5,52.2,4.01,0,10.0,0,3.6,298,0,0,1
STU100665,12. Sınıf,Sayısal,Tier 1 (Büyükşehir),Orta,3 Aylık,4819.0,2026-02-08,6.5,0.703,15.0,12.0,4.9,1,12.0,0,12,63.6,-1.94,1,1.3,4,4.1,297,0,0,0
STU100103,Mezun,Sayısal,Tier 1 (Büyükşehir),Düşük,Aylık,1629.0,2026-02-20,6.1,0.664,16.1,9.5,2.6,20,4.1,1,16,62.2,-6.37,1,7.0,1,3.4,300,0,0,0
STU101288,12. Sınıf,Sayısal,Tier 1 (Büyükşehir),Yüksek,Aylık,1830.0,2026-06-12,2.4,0.785,17.5,14.4,3.1,28,17.4,3,6,62.3,0.8,0,0.1,1,4.7,297,0,0,0
STU101942,12. Sınıf,Sözel,Tier 1 (Büyükşehir),Orta,Aylık,1664.0,2026-03-28,4.9,0.836,13.5,10.2,3.1,49,10.4,1,12,55.6,0.39,0,6.4,1,3.0,302,0,0,0
STU100747,12. Sınıf,Sayısal,Tier 3,Orta,3 Aylık,4953.0,2026-04-06,4.6,0.907,17.6,18.0,2.7,33,30.8,1,11,51.3,-1.3,2,0.5,1,3.5,298,1,0,1
STU100865,Mezun,Sayısal,Tier 3,Orta,3 Aylık,4825.0,2026-05-16,3.3,0.752,17.4,12.4,4.5,1,27.6,2,4,33.3,-1.28,0,0.7,1,4.4,300,0,0,0
STU102717,Mezun,Eşit Ağırlık,Tier 1 (Büyükşehir),Düşük,Aylık,1661.0,2026-02-08,6.5,0.781,15.8,12.9,2.8,4,18.0,4,12,68.7,-1.16,0,18.7,0,2.7,301,0,0,0
STU100566,Mezun,Sayısal,Tier 1 (Büyükşehir),Orta,Aylık,1864.0,2026-06-25,2.0,0.723,14.6,11.4,3.7,31,40.7,1,3,50.1,2.03,2,4.7,0,4.1,299,0,0,0
STU100991,Mezun,Sözel,Tier 1 (Büyükşehir),Yüksek,Yıllık,16853.0,2026-02-02,6.7,0.638,17.2,10.1,5.6,8,21.5,3,14,33.0,1.9,3,0.0,0,5.0,299,0,0,0
STU100506,12. Sınıf,Eşit Ağırlık,Tier 2,Orta,Yıllık,15683.0,2026-05-28,2.9,0.72,15.1,11.1,5.0,9,0.4,1,3,32.9,-2.84,2,0.6,1,1.1,301,0,0,0
STU100967,11. Sınıf,Eşit Ağırlık,Tier 1 (Büyükşehir),Yüksek,Yıllık,18621.0,2026-04-03,4.7,0.795,12.9,9.7,4.9,3,19.7,4,15,57.5,1.13,1,5.2,1,2.8,663,0,0,0
STU103459,Mezun,Sözel,Tier 3,Düşük,3 Aylık,5003.0,2026-05-07,3.6,0.526,14.9,9.2,2.8,3,16.8,1,8,66.4,-3.11,1,0.2,2,3.3,297,0,0,0
STU100735,12. Sınıf,Sayısal,Tier 3,Orta,Aylık,1662.0,2026-07-19,1.2,0.78,17.9,13.4,5.6,26,21.0,3,3,46.9,1.14,1,8.7,3,4.5,299,0,0,0
STU101241,12. Sınıf,Sayısal,Tier 1 (Büyükşehir),Düşük,Yıllık,18137.0,2026-03-10,5.5,0.817,15.8,9.0,1.6,19,1.5,1,11,50.2,-3.22,1,2.7,1,3.5,297,0,0,0
STU100259,12. Sınıf,Sayısal,Tier 3,Düşük,Aylık,1806.0,2026-02-02,6.7,0.454,14.5,5.6,5.1,30,17.0,4,14,47.5,-0.92,1,0.6,1,3.8,302,0,0,0
STU102732,12. Sınıf,Sözel,Tier 2,Orta,Yıllık,16392.0,2026-08-09,0.5,0.76,12.1,8.9,3.8,10,22.1,0,1,54.6,2.81,1,0.4,0,4.1,300,0,0,0
STU103339,12. Sınıf,Sözel,Tier 3,Orta,3 Aylık,4802.0,2026-04-16,4.3,0.945,14.6,16.79,5.2,9,5.6,1,8,63.0,4.55,0,7.9,1,3.5,300,0,0,1
STU100074,11. Sınıf,Sayısal,Tier 3,Yüksek,3 Aylık,5032.0,2026-04-19,4.2,0.743,16.4,12.8,4.4,0,14.8,1,9,42.2,0.84,1,9.7,0,4.4,668,0,0,0
STU101427,11. Sınıf,Eşit Ağırlık,Tier 2,Düşük,Aylık,1630.0,2025-09-15,11.3,0.613,20.5,13.3,4.2,8,19.8,4,26,41.1,-0.44,0,9.6,0,2.4,662,0,0,0
STU100810,11. Sınıf,Eşit Ağırlık,Tier 1 (Büyükşehir),Düşük,Aylık,1714.0,2026-04-03,4.7,0.817,16.8,14.7,3.5,21,24.6,1,9,58.7,0.85,0,0.3,1,1.4,666,1,0,0
STU102190,11. Sınıf,Eşit Ağırlık,Tier 1 (Büyükşehir),Orta,3 Aylık,4939.0,2026-04-25,4.0,0.39,14.0,5.6,5.3,16,12.6,0,5,49.2,0.07,1,0.8,1,3.9,668,0,0,0
STU101892,12. Sınıf,Dil,Tier 1 (Büyükşehir),Orta,3 Aylık,4800.0,2025-09-18,11.2,0.736,15.3,9.8,3.4,38,27.5,0,27,53.1,1.87,1,8.5,2,4.2,303,1,0,0
STU102025,12. Sınıf,Sözel,Tier 1 (Büyükşehir),Düşük,3 Aylık,4914.0,2026-06-09,2.5,0.674,14.8,8.2,1.7,5,31.5,4,5,71.4,-2.96,2,6.8,1,2.9,299,1,0,0
STU101560,Mezun,Sayısal,Tier 3,Orta,Aylık,1938.0,2026-07-01,1.8,0.556,14.7,6.1,6.2,0,13.0,4,6,42.6,-2.37,0,5.7,0,1.9,298,0,0,0
STU102876,11. Sınıf,Sayısal,Tier 3,Orta,Yıllık,16872.0,2026-02-08,6.5,0.757,15.3,9.8,5.5,7,7.2,2,14,60.1,0.92,1,6.2,0,2.3,663,1,0,0
STU100890,12. Sınıf,Sayısal,Tier 1 (Büyükşehir),Orta,3 Aylık,4925.0,2026-07-31,0.8,0.99,16.2,17.1,7.0,24,20.0,1,1,44.9,-0.51,1,6.2,0,3.5,302,0,0,1
STU102450,12. Sınıf,Sayısal,Tier 3,Orta,Yıllık,16938.0,2026-03-22,5.1,0.679,16.6,12.6,4.2,2,40.6,1,9,52.9,-1.33,1,2.5,4,4.4,298,0,0,0
STU100486,12. Sınıf,Sayısal,Tier 3,Yüksek,Aylık,1860.0,2026-03-07,5.6,0.532,12.3,6.3,4.5,4,8.5,0,8,75.0,-1.55,1,0.3,2,3.9,297,0,0,0
STU102129,11. Sınıf,Sayısal,Tier 1 (Büyükşehir),Orta,3 Aylık,5190.0,2026-07-04,1.7,0.604,17.0,8.5,3.2,56,9.6,1,3,65.7,0.33,1,11.6,1,3.5,665,1,0,1
STU100088,11. Sınıf,Sözel,Tier 1 (Büyükşehir),Yüksek,Aylık,1737.0,2026-04-28,3.9,0.786,13.4,11.0,5.8,2,13.5,0,11,51.4,-1.92,1,1.0,0,3.6,665,0,0,1
STU102542,12. Sınıf,Sözel,Tier 1 (Büyükşehir),Düşük,Aylık,2072.0,2025-09-11,11.4,0.635,13.1,9.8,3.1,47,12.4,1,17,67.0,-3.83,3,3.2,5,3.6,300,1,0,0
STU100152,11. Sınıf,Sayısal,Tier 3,Orta,Yıllık,17053.0,2026-04-13,4.4,0.768,17.7,11.7,4.6,13,8.8,0,8,28.7,1.5,1,2.8,0,4.0,663,0,0,0
STU100424,12. Sınıf,Sayısal,Tier 3,Orta,3 Aylık,5387.0,2026-07-04,1.7,0.596,13.2,6.1,2.8,16,21.5,1,3,51.6,-3.62,3,6.4,1,3.6,302,1,0,0
STU101057,11. Sınıf,Eşit Ağırlık,Tier 2,Orta,Aylık,1680.0,2026-05-04,3.7,0.544,10.5,5.9,5.3,23,14.2,1,7,27.9,1.63,1,2.9,5,4.4,667,0,0,0
STU100359,12. Sınıf,Sayısal,Tier 3,Düşük,3 Aylık,4595.0,2026-06-25,2.0,0.51,13.1,5.9,2.3,15,16.2,2,3,62.5,0.11,3,0.5,3,3.5,301,1,0,1
STU101853,Mezun,Eşit Ağırlık,Tier 3,Orta,3 Aylık,5214.0,2026-05-10,3.5,0.937,8.7,7.9,4.8,12,22.2,2,5,47.6,0.16,0,6.7,1,3.5,302,0,0,1
STU100447,12. Sınıf,Sayısal,Tier 2,Düşük,Aylık,1902.0,2026-04-28,3.9,0.475,16.5,9.6,1.6,0,6.0,3,9,73.3,-1.2,3,1.5,2,5.0,302,0,0,0
STU100197,Mezun,Sayısal,Tier 2,Orta,Yıllık,16598.0,2026-06-28,1.9,0.614,11.9,7.2,5.4,2,4.4,2,4,86.5,-2.54,2,4.3,2,2.6,300,0,0,0
STU102155,Mezun,Sayısal,Tier 2,Orta,Yıllık,15935.0,2025-04-06,16.6,0.66,12.2,6.5,2.4,1,18.4,4,27,49.5,-1.98,0,2.9,0,3.3,299,0,0,0
STU101411,Mezun,Eşit Ağırlık,Tier 1 (Büyükşehir),Orta,3 Aylık,5163.0,2026-04-19,4.2,0.575,13.3,8.6,3.5,30,63.7,1,8,48.9,-0.28,1,2.7,0,3.5,300,0,0,1
STU100990,12. Sınıf,Eşit Ağırlık,Tier 1 (Büyükşehir),Orta,3 Aylık,4598.0,2026-05-31,2.8,0.491,12.1,6.9,4.2,0,11.0,1,4,42.9,3.7,1,3.2,2,3.5,301,0,0,0
STU102662,12. Sınıf,Sayısal,Tier 2,Düşük,Aylık,1725.0,2026-04-25,4.0,0.894,17.8,16.0,5.1,1,16.1,4,8,54.7,-0.74,1,3.1,3,4.9,303,0,0,0
STU102327,11. Sınıf,Sayısal,Tier 1 (Büyükşehir),Yüksek,Aylık,1841.0,2026-07-07,1.6,0.976,15.0,9.0,3.7,5,0.8,2,3,50.8,3.33,1,1.4,1,3.6,666,0,1,1
STU102474,12. Sınıf,Dil,Tier 1 (Büyükşehir),Yüksek,Aylık,1666.0,2026-03-28,4.9,0.723,11.3,9.0,5.5,2,44.2,0,10,58.0,1.9,1,0.4,2,3.6,297,0,0,1
STU103217,11. Sınıf,Sözel,Tier 3,Orta,Aylık,1915.0,2026-05-07,3.6,0.925,14.9,14.5,5.2,9,12.9,1,5,67.2,-1.2,1,7.8,0,5.0,666,0,0,0
STU100015,11. Sınıf,Sözel,Tier 1 (Büyükşehir),Orta,Yıllık,16353.0,2026-03-19,5.2,0.787,11.5,10.7,5.4,21,9.9,2,9,41.8,4.02,1,3.4,0,2.4,665,0,0,0
STU102387,11. Sınıf,Sayısal,Tier 2,Orta,Yıllık,16266.0,2026-07-25,1.0,0.87,10.1,8.9,6.5,2,31.3,2,2,60.0,-0.2,0,1.1,1,4.6,662,0,0,0
STU103365,12. Sınıf,Sayısal,Tier 1 (Büyükşehir),Orta,Aylık,1818.0,2026-03-16,5.3,0.693,11.7,9.0,4.1,15,4.9,1,9,31.0,-0.41,2,4.3,1,1.6,297,0,1,0
STU101987,12. Sınıf,Sayısal,Tier 1 (Büyükşehir),Orta,Yıllık,16607.0,2026-01-26,6.9,0.594,11.1,6.6,4.6,9,46.1,1,11,45.0,3.07,4,16.8,0,3.6,300,1,0,1
STU101978,12. Sınıf,Eşit Ağırlık,Tier 2,Orta,3 Aylık,4779.0,2026-04-19,4.2,0.611,14.3,10.0,5.8,3,18.7,2,10,75.6,-4.39,2,4.9,0,4.8,301,0,0,0
STU101773,Mezun,Sözel,Tier 3,Düşük,3 Aylık,5121.0,2026-04-13,4.4,0.863,13.8,12.2,5.5,19,32.6,3,12,46.7,2.83,2,8.6,1,3.8,303,0,0,0
STU102533,11. Sınıf,Sayısal,Tier 1 (Büyükşehir),Orta,3 Aylık,4789.0,2026-07-16,1.3,0.658,18.5,12.9,2.9,15,17.6,3,3,46.9,0.89,2,10.9,0,3.1,662,0,0,0
STU102785,12. Sınıf,Eşit Ağırlık,Tier 2,Orta,3 Aylık,4705.0,2026-05-10,3.5,0.613,12.0,6.9,4.4,21,21.2,0,6,43.1,0.85,1,7.7,2,4.1,298,0,0,0
STU101930,12. Sınıf,Sayısal,Tier 3,Yüksek,3 Aylık,4650.0,2026-04-06,4.6,0.811,11.1,9.2,5.3,35,19.1,1,8,56.2,-1.95,1,1.0,1,3.3,300,0,0,0
STU103428,Mezun,Sayısal,Tier 3,Orta,Aylık,1803.0,2026-01-17,7.2,0.574,9.4,4.3,2.2,20,53.0,1,10,49.1,0.57,2,7.8,1,3.8,298,1,0,0
STU101954,Mezun,Dil,Tier 1 (Büyükşehir),Yüksek,3 Aylık,4746.0,2025-04-21,16.1,0.6,11.4,7.3,4.1,21,12.9,1,29,40.7,2.77,1,9.1,3,4.0,297,1,0,0
STU103076,12. Sınıf,Eşit Ağırlık,Tier 1 (Büyükşehir),Orta,3 Aylık,5289.0,2026-04-25,4.0,0.67,14.9,9.0,5.0,1,47.9,3,6,62.4,-1.29,2,9.6,0,2.7,298,0,1,0
STU100662,11. Sınıf,Sözel,Tier 2,Yüksek,3 Aylık,5136.0,2026-06-22,2.1,0.209,8.3,1.8,3.7,4,67.3,2,5,54.4,1.18,2,1.2,1,2.9,663,1,0,0
STU100003,12. Sınıf,Eşit Ağırlık,Tier 1 (Büyükşehir),Düşük,3 Aylık,4557.0,2025-09-27,10.9,0.955,16.0,15.4,4.6,12,14.8,1,23,38.7,0.38,1,0.2,3,3.5,301,1,0,1
STU102146,11. Sınıf,Eşit Ağırlık,Tier 2,Yüksek,Aylık,1855.0,2026-04-03,4.7,0.91,18.9,16.0,2.8,3,36.6,1,9,43.3,0.29,1,0.3,0,3.8,666,0,0,0
STU100010,12. Sınıf,Dil,Tier 3,Düşük,Aylık,1840.0,2026-02-05,6.6,0.536,16.4,9.1,3.8,6,12.7,1,13,44.9,1.27,2,5.5,1,4.6,302,0,0,0
STU103263,12. Sınıf,Eşit Ağırlık,Tier 1 (Büyükşehir),Düşük,Aylık,1785.0,2026-07-07,1.6,0.426,12.6,5.1,3.8,3,4.0,1,3,50.6,-1.88,3,0.9,1,2.2,302,0,0,0
STU102279,12. Sınıf,Sayısal,Tier 1 (Büyükşehir),Orta,Yıllık,16339.0,2026-06-28,1.9,0.775,15.0,10.7,4.2,4,17.7,1,5,57.2,0.98,2,7.0,1,4.3,303,0,0,0
STU102849,12. Sınıf,Eşit Ağırlık,Tier 1 (Büyükşehir),Düşük,Aylık,1817.0,2025-12-09,8.5,0.695,13.7,8.9,4.7,9,27.7,2,17,63.8,-1.08,2,4.1,1,4.4,302,0,0,0
STU100525,12. Sınıf,Dil,Tier 1 (Büyükşehir),Orta,Aylık,1929.0,2026-01-20,7.1,0.827,12.0,10.0,4.8,25,14.3,1,14,51.2,-1.66,1,1.0,2,3.6,303,1,0,1
STU102775,12. Sınıf,Eşit Ağırlık,Tier 1 (Büyükşehir),Yüksek,Aylık,1859.0,2025-10-18,10.2,0.558,12.9,5.3,4.9,0,21.6,1,23,46.9,-0.99,1,18.1,1,3.0,298,0,0,0
STU102489,12. Sınıf,Eşit Ağırlık,Tier 1 (Büyükşehir),Orta,Yıllık,16699.0,2025-06-21,14.1,0.588,14.5,9.4,3.2,11,18.3,1,32,43.5,-0.33,2,0.2,1,3.3,299,0,0,0
STU100709,12. Sınıf,Sayısal,Tier 1 (Büyükşehir),Orta,3 Aylık,4842.0,2026-06-03,2.7,0.782,11.0,7.4,2.9,20,22.7,2,5,65.0,-0.34,2,5.1,1,2.7,299,0,0,0
STU102499,12. Sınıf,Sözel,Tier 1 (Büyükşehir),Orta,Aylık,1927.0,2026-07-01,1.8,0.561,9.0,5.0,3.8,8,20.2,3,5,70.7,-5.48,1,1.6,0,2.2,302,1,0,0
STU100049,11. Sınıf,Sözel,Tier 2,Orta,Aylık,1752.0,2026-02-20,6.1,0.654,13.1,7.8,5.2,8,31.3,2,14,62.4,3.1,2,2.3,1,3.6,664,0,0,0
STU102840,Mezun,Sözel,Tier 3,Orta,3 Aylık,4620.0,2026-08-09,0.5,0.517,14.9,8.9,4.9,5,17.8,3,1,62.7,2.24,0,2.2,1,5.0,298,0,0,0
STU100768,11. Sınıf,Sözel,Tier 1 (Büyükşehir),Düşük,Yıllık,16416.0,2026-06-28,1.9,0.519,11.7,5.5,2.3,13,5.9,2,3,37.3,-2.55,1,0.3,1,4.2,666,0,0,0
STU100249,12. Sınıf,Sayısal,Tier 2,Düşük,3 Aylık,4946.0,2026-06-19,2.2,0.861,14.1,11.3,1.6,4,31.6,3,5,28.7,1.73,0,13.3,0,3.3,299,0,0,0
STU100968,12. Sınıf,Dil,Tier 1 (Büyükşehir),Orta,Aylık,1828.0,2026-05-13,3.4,0.588,14.1,10.0,4.5,0,21.3,1,8,64.5,3.36,2,10.0,1,4.2,301,0,0,0
STU101150,11. Sınıf,Sözel,Tier 1 (Büyükşehir),Düşük,3 Aylık,4640.0,2026-04-10,4.5,0.99,16.0,14.7,3.0,4,8.0,0,12,66.9,2.56,1,2.6,0,3.1,662,0,0,0
STU102772,Mezun,Eşit Ağırlık,Tier 1 (Büyükşehir),Orta,3 Aylık,4566.0,2026-03-25,5.0,0.87,12.8,9.5,4.5,17,5.7,2,8,46.6,0.35,0,6.7,0,3.5,299,1,0,1
STU102731,12. Sınıf,Eşit Ağırlık,Tier 2,Yüksek,Aylık,1766.0,2026-07-16,1.3,0.689,14.7,8.3,3.3,49,38.2,1,3,31.4,-1.41,1,0.4,1,4.5,300,0,0,0
STU102867,12. Sınıf,Sayısal,Tier 2,Yüksek,3 Aylık,5096.0,2026-07-04,1.7,0.579,14.9,7.4,5.5,0,10.3,1,4,82.8,-0.93,2,2.8,1,3.6,302,1,0,0
STU101038,12. Sınıf,Sayısal,Tier 1 (Büyükşehir),Orta,Aylık,1820.0,2026-04-06,4.6,0.662,12.3,8.3,4.3,11,9.7,2,7,52.0,5.93,0,3.7,0,2.4,299,0,0,0
STU101702,12. Sınıf,Sayısal,Tier 1 (Büyükşehir),Orta,Aylık,1814.0,2026-02-17,6.2,0.522,11.6,7.5,6.0,4,4.3,1,14,43.5,-1.32,3,2.2,2,4.1,297,0,0,0
STU103170,Mezun,Sayısal,Tier 1 (Büyükşehir),Düşük,3 Aylık,4826.0,2025-07-03,13.7,0.667,14.6,10.4,2.9,1,23.8,2,35,47.8,-0.11,4,24.5,3,3.3,299,0,0,0
STU103053,Mezun,Sayısal,Tier 1 (Büyükşehir),Orta,Aylık,1854.0,2026-03-04,5.7,0.51,11.9,5.8,5.3,34,37.4,1,9,47.6,0.7,2,0.1,0,2.1,303,1,0,0
STU101949,Mezun,Eşit Ağırlık,Tier 3,Düşük,Aylık,1778.0,2025-11-11,9.4,0.6,13.0,7.1,5.8,35,18.6,1,13,52.5,2.62,2,1.2,0,3.4,302,0,0,0
STU100225,Mezun,Sözel,Tier 3,Düşük,Aylık,1789.0,2026-07-16,1.3,0.687,11.2,6.1,6.0,13,7.1,4,3,49.7,1.67,2,4.1,1,2.9,299,0,0,0
STU102265,11. Sınıf,Sayısal,Tier 1 (Büyükşehir),Düşük,3 Aylık,4627.0,2026-05-16,3.3,0.474,13.2,5.7,4.2,4,30.8,4,5,34.8,-0.41,2,6.5,0,3.5,662,1,0,1
STU102544,12. Sınıf,Eşit Ağırlık,Tier 1 (Büyükşehir),Düşük,3 Aylık,5228.0,2026-06-25,2.0,0.495,14.2,7.6,2.5,38,1.4,1,5,47.9,0.05,3,1.2,0,4.4,297,1,0,0
STU102989,12. Sınıf,Dil,Tier 1 (Büyükşehir),Orta,Aylık,1820.0,2026-03-01,5.8,0.707,17.2,12.4,3.3,7,12.1,1,10,49.1,-0.47,2,2.2,2,3.7,302,0,0,0
STU100387,Mezun,Sözel,Tier 1 (Büyükşehir),Yüksek,Aylık,1826.0,2026-05-25,3.0,0.7,12.2,9.1,3.6,6,64.5,2,6,40.2,2.75,1,3.6,2,3.0,302,1,0,0
STU103297,12. Sınıf,Sayısal,Tier 1 (Büyükşehir),Düşük,Aylık,1983.0,2026-02-14,6.3,0.699,11.7,8.8,3.8,21,23.8,2,13,53.8,1.6,1,3.2,4,3.6,297,0,0,1
STU100727,11. Sınıf,Sayısal,Tier 2,Yüksek,Aylık,1710.0,2026-06-03,2.7,0.724,16.1,11.7,3.5,5,16.3,3,6,55.7,1.67,2,0.6,2,3.6,668,1,0,1
STU102052,12. Sınıf,Sayısal,Tier 3,Yüksek,Yıllık,16917.0,2026-05-31,2.8,0.947,16.6,16.4,4.7,10,9.8,2,5,61.6,-0.64,1,3.6,2,4.6,302,0,0,0
STU102566,11. Sınıf,Eşit Ağırlık,Tier 1 (Büyükşehir),Orta,Aylık,1676.0,2026-04-13,4.4,0.567,13.3,7.8,2.9,2,29.7,3,6,76.2,0.85,0,3.3,1,4.0,668,0,0,0
STU101013,Mezun,Sayısal,Tier 1 (Büyükşehir),Yüksek,Aylık,1861.0,2025-12-18,8.2,0.824,10.3,9.0,2.9,4,6.0,3,20,69.4,-0.27,1,6.4,0,4.3,299,0,0,0
STU102444,12. Sınıf,Sayısal,Tier 1 (Büyükşehir),Yüksek,3 Aylık,5073.0,2026-06-22,2.1,0.609,20.1,8.7,4.4,3,13.9,2,4,52.8,1.54,3,2.4,2,4.5,297,0,0,0
STU100686,12. Sınıf,Sayısal,Tier 2,Orta,3 Aylık,4985.0,2026-03-04,5.7,0.914,10.4,10.7,4.0,9,25.2,2,10,76.9,1.75,3,4.5,1,4.8,301,0,0,0
STU101387,12. Sınıf,Eşit Ağırlık,Tier 2,Düşük,3 Aylık,4642.0,2026-04-13,4.4,0.365,16.9,5.9,4.6,1,24.0,5,10,63.2,0.48,1,0.2,1,3.3,300,0,0,0
STU102141,12. Sınıf,Sözel,Tier 1 (Büyükşehir),Orta,Yıllık,16469.0,2026-03-22,5.1,0.646,11.8,7.5,3.5,10,14.6,1,8,34.6,0.42,2,7.1,1,2.2,299,0,0,0
STU101416,12. Sınıf,Eşit Ağırlık,Tier 1 (Büyükşehir),Düşük,Yıllık,17982.0,2026-07-07,1.6,0.752,11.1,8.1,5.2,10,21.5,1,3,45.1,5.02,3,1.1,0,3.0,301,0,0,0
STU101141,Mezun,Sayısal,Tier 3,Yüksek,Aylık,1716.0,2026-06-22,2.1,0.496,14.7,7.7,4.1,35,15.0,2,4,49.1,-4.04,1,3.3,2,3.6,303,0,0,1
STU101214,11. Sınıf,Eşit Ağırlık,Tier 2,Orta,Aylık,1952.0,2026-04-06,4.6,0.554,16.0,8.4,5.6,0,6.9,3,11,25.0,-0.42,2,5.7,1,2.1,667,0,0,0
STU103197,11. Sınıf,Sayısal,Tier 1 (Büyükşehir),Yüksek,3 Aylık,4537.0,2026-03-13,5.4,0.62,12.8,8.4,6.0,15,18.1,0,15,50.9,0.25,1,5.0,0,3.5,664,0,0,1
STU100553,Mezun,Eşit Ağırlık,Tier 3,Düşük,Aylık,1822.0,2026-04-13,4.4,0.655,9.9,6.2,5.0,23,23.7,1,10,72.8,4.37,1,5.3,0,3.9,298,1,0,0
STU100168,12. Sınıf,Sayısal,Tier 1 (Büyükşehir),Orta,3 Aylık,4651.0,2026-08-09,0.5,0.635,13.6,7.9,5.0,8,9.2,2,1,56.1,-0.21,1,10.1,0,5.0,301,1,0,0
STU103405,Mezun,Sözel,Tier 1 (Büyükşehir),Düşük,Aylık,1967.0,2026-05-10,3.5,0.539,12.0,6.0,2.1,66,30.8,4,11,51.0,-2.1,4,1.6,3,2.4,303,1,0,0
STU101359,11. Sınıf,Sayısal,Tier 2,Orta,Aylık,1898.0,2026-05-31,2.8,0.723,11.1,6.5,5.4,4,11.9,4,4,35.0,-1.78,3,2.1,1,4.1,663,1,0,0
STU101953,Mezun,Sayısal,Tier 2,Düşük,Yıllık,15266.0,2026-08-03,0.7,0.653,19.7,13.3,3.9,8,20.3,3,1,42.3,-1.99,1,8.9,3,3.6,297,1,0,1
STU102121,11. Sınıf,Sayısal,Tier 2,Düşük,Yıllık,17513.0,2026-07-07,1.6,0.583,13.8,9.0,4.7,7,27.7,2,3,79.7,-1.17,2,2.0,0,4.6,666,1,0,0
STU100191,11. Sınıf,Eşit Ağırlık,Tier 3,Yüksek,Aylık,1865.0,2026-01-20,7.1,0.58,7.8,4.8,3.0,3,21.0,1,15,79.6,1.75,1,4.5,2,3.8,665,0,0,0
STU101183,11. Sınıf,Eşit Ağırlık,Tier 1 (Büyükşehir),Düşük,Aylık,1842.0,2026-06-06,2.6,0.419,16.1,8.2,3.7,13,9.6,0,4,40.0,-1.78,1,2.5,2,3.3,668,1,0,0
STU100229,11. Sınıf,Sözel,Tier 1 (Büyükşehir),Yüksek,Yıllık,16896.0,2026-04-28,3.9,0.449,12.0,5.6,4.9,15,3.1,5,10,45.9,1.34,1,2.0,1,4.8,663,0,0,0
STU100785,12. Sınıf,Sayısal,Tier 1 (Büyükşehir),Düşük,Yıllık,17605.0,2025-11-11,9.4,0.693,20.4,14.5,5.5,5,9.0,5,22,46.0,-1.09,1,21.1,0,2.8,297,0,0,0
STU101250,11. Sınıf,Sayısal,Tier 2,Orta,Aylık,1871.0,2025-06-15,14.3,0.907,18.7,18.6,4.9,64,33.4,2,27,55.2,2.41,0,1.3,4,4.1,662,1,0,0
STU101915,11. Sınıf,Eşit Ağırlık,Tier 3,Yüksek,Aylık,1799.0,2026-03-28,4.9,0.824,11.7,9.9,7.0,19,14.9,1,9,47.7,1.26,3,1.0,1,5.0,667,0,0,0
STU101180,Mezun,Dil,Tier 2,Düşük,Aylık,1789.0,2026-07-16,1.3,0.672,11.1,9.0,5.3,0,2.4,2,2,30.8,1.86,2,0.9,0,3.6,300,0,1,1
STU100386,12. Sınıf,Dil,Tier 3,Düşük,3 Aylık,4940.0,2026-01-26,6.9,0.674,14.1,9.0,2.5,18,12.5,0,12,62.6,-1.47,0,1.0,1,3.5,297,0,0,0
STU102215,11. Sınıf,Sayısal,Tier 1 (Büyükşehir),Düşük,3 Aylık,4905.0,2026-06-19,2.2,0.589,10.4,6.2,4.0,5,10.2,1,5,33.5,1.55,2,3.3,2,3.5,668,0,0,1
STU100705,12. Sınıf,Sözel,Tier 3,Düşük,3 Aylık,4566.0,2026-01-30,6.8,0.501,12.1,7.5,4.6,9,19.7,6,11,31.2,0.0,4,1.1,2,3.3,303,0,0,0
STU100935,11. Sınıf,Eşit Ağırlık,Tier 1 (Büyükşehir),Orta,Aylık,1696.0,2026-01-02,7.7,0.26,13.9,3.7,2.1,8,25.7,0,17,51.7,0.3,3,18.2,1,2.3,668,1,0,0
STU101477,Mezun,Sayısal,Tier 2,Yüksek,Aylık,1918.0,2026-05-19,3.2,0.768,15.1,11.7,4.2,24,12.5,3,7,60.4,1.52,1,1.2,2,3.6,297,1,0,1
STU101627,11. Sınıf,Sayısal,Tier 2,Orta,Yıllık,17876.0,2026-06-15,2.3,0.749,11.4,10.7,4.1,14,12.5,1,5,60.8,0.54,2,2.2,2,2.3,667,0,0,0
STU102653,12. Sınıf,Sayısal,Tier 1 (Büyükşehir),Düşük,3 Aylık,4647.0,2026-02-26,5.9,0.819,14.2,8.5,4.0,5,5.8,2,13,44.5,2.87,2,2.2,2,3.1,297,0,0,0
STU102395,Mezun,Sözel,Tier 2,Orta,3 Aylık,4829.0,2026-02-02,6.7,0.337,14.8,5.9,4.4,13,9.0,3,9,40.8,-1.22,0,16.4,0,3.0,302,1,0,0
STU102729,Mezun,Eşit Ağırlık,Tier 1 (Büyükşehir),Yüksek,Yıllık,16497.0,2026-03-10,5.5,0.593,13.2,8.3,4.7,1,1.4,4,12,28.9,-4.11,4,6.3,2,1.8,298,0,0,0
STU101920,12. Sınıf,Sayısal,Tier 1 (Büyükşehir),Orta,Aylık,1690.0,2026-05-19,3.2,0.699,12.5,9.0,4.5,8,20.0,2,8,46.6,-2.17,1,2.0,1,5.0,298,0,1,0
STU102781,11. Sınıf,Sayısal,Tier 1 (Büyükşehir),Yüksek,3 Aylık,4837.0,2025-03-16,17.3,0.669,15.1,10.6,4.0,2,25.1,1,27,26.7,-1.23,3,0.1,2,3.3,665,0,0,0
STU100854,11. Sınıf,Sözel,Tier 1 (Büyükşehir),Yüksek,Aylık,1797.0,2026-05-07,3.6,0.99,11.6,9.0,3.6,1,16.4,1,7,61.5,1.22,2,2.0,3,3.0,665,0,1,0
STU103187,Mezun,Sözel,Tier 1 (Büyükşehir),Orta,Aylık,2002.0,2026-06-19,2.2,0.747,13.7,11.0,4.3,9,5.8,0,4,73.5,4.21,0,0.8,0,4.3,297,0,0,0
STU100681,11. Sınıf,Sayısal,Tier 2,Yüksek,3 Aylık,5020.0,2026-03-01,5.8,0.626,11.7,6.5,2.6,19,17.6,3,10,34.8,-2.28,3,2.7,2,2.0,667,1,0,0
STU101837,12. Sınıf,Eşit Ağırlık,Tier 1 (Büyükşehir),Orta,3 Aylık,4995.0,2026-04-13,4.4,0.53,13.1,6.3,6.5,5,18.2,2,9,43.7,0.9,1,9.1,1,3.2,297,0,0,0
STU102496,12. Sınıf,Eşit Ağırlık,Tier 1 (Büyükşehir),Orta,Aylık,1771.0,2026-06-09,2.5,0.768,18.1,13.4,2.7,7,10.7,1,5,43.9,-0.41,3,13.2,2,3.9,301,0,0,0
STU101336,11. Sınıf,Sayısal,Tier 1 (Büyükşehir),Orta,Yıllık,16088.0,2026-05-10,3.5,0.497,9.0,5.4,2.2,4,7.0,3,7,55.6,-1.11,3,5.3,1,2.6,665,0,0,0
STU102228,11. Sınıf,Sözel,Tier 2,Düşük,3 Aylık,4845.0,2026-03-22,5.1,0.349,8.0,2.5,3.6,19,8.2,3,13,33.6,-1.23,0,6.6,1,1.6,665,0,0,0
STU101255,Mezun,Eşit Ağırlık,Tier 3,Yüksek,Aylık,1753.0,2026-04-28,3.9,0.757,9.6,6.6,3.6,1,32.0,1,7,50.6,3.56,3,1.1,3,4.4,299,0,0,0
STU102871,12. Sınıf,Sayısal,Tier 1 (Büyükşehir),Orta,Yıllık,15910.0,2026-05-10,3.5,0.625,10.1,6.9,3.7,15,10.9,1,6,44.9,-1.35,2,5.5,0,5.0,298,0,0,0
STU100466,12. Sınıf,Eşit Ağırlık,Tier 3,Orta,Aylık,1713.0,2025-07-16,13.3,0.99,15.5,14.6,3.3,12,7.3,1,22,56.9,1.68,3,1.0,2,2.4,302,0,0,0
STU102181,Mezun,Sayısal,Tier 1 (Büyükşehir),Orta,Aylık,1749.0,2025-12-30,7.8,0.701,13.7,8.0,1.8,63,9.6,4,8,47.4,3.75,1,9.5,0,4.6,301,1,0,0
STU103010,12. Sınıf,Sözel,Tier 1 (Büyükşehir),Orta,3 Aylık,5035.0,2026-05-28,2.9,0.629,13.1,9.4,1.6,3,41.0,0,7,51.3,0.36,0,8.0,2,4.6,300,0,0,0
STU100050,11. Sınıf,Sözel,Tier 2,Yüksek,Yıllık,16439.0,2026-02-08,6.5,0.596,13.9,7.7,7.2,18,20.6,0,13,53.1,2.17,3,11.6,1,2.0,668,0,0,0
STU100956,Mezun,Sayısal,Tier 1 (Büyükşehir),Yüksek,Aylık,1773.0,2026-07-10,1.5,0.639,15.5,10.7,3.2,1,17.6,3,4,63.2,-1.11,1,0.7,1,2.2,299,0,0,0
STU102077,11. Sınıf,Eşit Ağırlık,Tier 2,Yüksek,3 Aylık,5087.0,2025-12-06,8.6,0.684,16.8,10.9,3.8,11,24.2,1,15,63.9,-0.78,3,3.3,0,2.8,662,0,0,0
STU101354,Mezun,Sayısal,Tier 1 (Büyükşehir),Orta,3 Aylık,4827.0,2025-08-09,12.5,0.577,11.5,7.3,3.6,9,14.9,5,21,39.3,-1.52,0,1.3,1,3.1,298,0,0,0
STU102985,11. Sınıf,Sözel,Tier 2,Yüksek,Yıllık,16187.0,2026-01-26,6.9,0.529,11.0,5.6,5.4,2,6.8,1,11,42.8,0.76,0,1.3,0,2.6,664,1,0,0
STU101980,Mezun,Sayısal,Tier 2,Orta,3 Aylık,4936.0,2026-03-19,5.2,0.773,8.1,6.9,4.6,8,38.3,1,14,54.0,3.7,2,4.6,2,3.6,302,0,0,0
STU101316,12. Sınıf,Sayısal,Tier 1 (Büyükşehir),Orta,Yıllık,18945.0,2026-06-12,2.4,0.777,12.7,8.2,5.7,13,27.3,2,5,59.3,0.19,0,4.0,0,3.7,302,1,0,0
STU102722,12. Sınıf,Eşit Ağırlık,Tier 1 (Büyükşehir),Düşük,3 Aylık,4634.0,2026-05-01,3.8,0.604,15.8,11.0,5.2,19,8.0,1,6,47.1,-1.72,1,3.4,4,3.6,301,0,0,0
STU100496,12. Sınıf,Sayısal,Tier 1 (Büyükşehir),Yüksek,Aylık,1688.0,2026-06-06,2.6,0.571,12.0,6.9,3.8,6,27.6,3,5,53.6,-1.33,1,0.0,2,4.3,297,1,0,0
STU100127,11. Sınıf,Eşit Ağırlık,Tier 1 (Büyükşehir),Yüksek,3 Aylık,4789.0,2026-04-13,4.4,0.46,14.0,5.7,4.1,14,15.1,1,8,50.3,0.79,0,0.6,0,3.5,664,0,0,1
STU101286,12. Sınıf,Sayısal,Tier 1 (Büyükşehir),Yüksek,Aylık,1909.0,2025-11-30,8.8,0.937,14.0,14.2,5.5,3,36.7,2,20,57.4,-1.86,0,1.7,1,3.6,302,0,0,1
STU103185,11. Sınıf,Sayısal,Tier 2,Orta,Aylık,1802.0,2026-05-25,3.0,0.746,17.0,13.5,6.0,4,3.8,0,5,44.0,-3.21,1,2.6,1,2.4,665,0,0,0
STU102432,12. Sınıf,Sayısal,Tier 1 (Büyükşehir),Orta,3 Aylık,4699.0,2025-12-30,7.8,0.87,13.5,10.0,5.6,5,11.5,2,10,47.9,0.03,0,3.7,0,4.2,300,0,0,0
STU101106,11. Sınıf,Sözel,Tier 1 (Büyükşehir),Yüksek,Aylık,1809.0,2026-05-28,2.9,0.274,16.0,9.0,3.0,17,24.1,2,8,61.0,-0.51,1,1.3,1,3.9,667,1,1,0
STU100567,11. Sınıf,Eşit Ağırlık,Tier 1 (Büyükşehir),Düşük,3 Aylık,5028.0,2025-02-23,18.0,0.466,9.8,4.1,3.8,17,34.6,2,38,47.5,-0.93,4,8.5,1,2.3,665,0,0,0
STU102173,11. Sınıf,Eşit Ağırlık,Tier 1 (Büyükşehir),Orta,Aylık,1722.0,2026-06-19,2.2,0.772,18.9,15.2,5.7,2,2.6,1,4,55.6,0.27,3,0.7,2,3.6,668,0,0,1
STU101090,11. Sınıf,Sayısal,Tier 2,Düşük,Aylık,1769.0,2026-05-10,3.5,0.463,18.0,7.0,4.3,19,24.4,1,5,35.7,-0.37,2,0.1,2,3.3,668,0,0,0
STU102487,Mezun,Sayısal,Tier 1 (Büyükşehir),Yüksek,3 Aylık,4819.0,2026-06-06,2.6,0.73,12.7,8.0,3.1,10,39.7,4,3,64.3,1.9,0,8.5,1,3.9,303,0,0,0
STU102297,11. Sınıf,Sözel,Tier 1 (Büyükşehir),Orta,Yıllık,17489.0,2026-06-15,2.3,0.99,15.8,18.17,4.9,3,18.3,3,4,53.0,0.94,1,4.6,1,2.8,663,0,0,0
STU101992,12. Sınıf,Sayısal,Tier 1 (Büyükşehir),Yüksek,Aylık,1731.0,2026-07-10,1.5,0.6,12.4,8.1,5.0,2,24.0,1,3,45.2,-0.58,1,1.7,1,2.8,299,0,0,0
STU100224,12. Sınıf,Sözel,Tier 1 (Büyükşehir),Düşük,3 Aylık,4974.0,2026-01-30,6.8,0.753,15.2,10.8,4.9,2,24.0,2,15,63.5,2.11,1,1.3,2,2.5,301,0,0,0
STU102690,Mezun,Sözel,Tier 3,Orta,Aylık,1830.0,2026-04-03,4.7,0.654,7.6,5.3,3.6,2,9.6,2,8,56.6,5.72,0,0.8,1,1.2,302,0,0,0
STU101346,12. Sınıf,Sayısal,Tier 1 (Büyükşehir),Orta,3 Aylık,4736.0,2026-06-12,2.4,0.824,19.6,13.5,2.6,6,32.3,3,4,60.0,2.02,1,15.8,1,3.5,298,0,0,1
STU100129,12. Sınıf,Sayısal,Tier 3,Orta,Aylık,1652.0,2025-12-21,8.1,0.683,8.9,5.9,4.1,4,8.9,1,19,49.4,0.19,3,1.0,1,3.6,300,0,0,1
STU100052,Mezun,Sayısal,Tier 1 (Büyükşehir),Düşük,Aylık,1844.0,2026-04-25,4.0,0.644,22.2,11.9,4.6,27,33.5,3,8,37.4,1.17,1,2.1,0,3.0,299,0,0,0
STU101120,12. Sınıf,Sayısal,Tier 1 (Büyükşehir),Orta,Aylık,1882.0,2026-07-13,1.4,0.744,11.5,8.0,2.5,1,36.6,1,2,38.6,-0.7,2,4.8,2,2.6,299,0,0,0
STU100646,11. Sınıf,Sayısal,Tier 1 (Büyükşehir),Yüksek,Aylık,1800.0,2026-04-28,3.9,0.539,14.8,6.8,4.9,20,18.1,3,10,64.2,1.72,2,11.8,1,2.9,668,1,0,0
STU101295,12. Sınıf,Sayısal,Tier 3,Yüksek,Aylık,1772.0,2026-03-13,5.4,0.956,10.2,10.4,5.6,9,15.1,3,13,50.8,-2.88,3,0.1,2,4.5,303,0,0,0
STU100403,11. Sınıf,Eşit Ağırlık,Tier 1 (Büyükşehir),Yüksek,3 Aylık,4959.0,2025-10-15,10.3,0.581,15.1,7.5,4.5,11,15.3,2,20,59.1,2.83,1,1.2,3,4.6,663,0,0,0
STU101275,12. Sınıf,Sayısal,Tier 3,Orta,Aylık,1920.0,2026-04-19,4.2,0.558,13.1,8.2,3.6,20,40.0,3,9,49.8,-2.75,3,2.8,2,3.5,302,1,0,0
STU101221,11. Sınıf,Eşit Ağırlık,Tier 1 (Büyükşehir),Orta,3 Aylık,4930.0,2026-05-19,3.2,0.547,16.3,9.0,5.2,6,9.7,2,7,46.1,0.2,1,2.5,4,2.7,666,0,1,0
STU100434,11. Sınıf,Eşit Ağırlık,Tier 1 (Büyükşehir),Orta,Aylık,1745.0,2026-02-23,6.0,0.542,12.8,5.8,2.5,7,59.0,4,7,17.9,1.31,2,3.0,2,3.2,668,1,0,0
STU101201,12. Sınıf,Eşit Ağırlık,Tier 2,Düşük,Yıllık,17287.0,2026-05-22,3.1,0.697,18.2,12.1,3.7,9,34.9,2,6,65.1,0.12,0,2.1,2,3.6,299,1,0,1
STU102715,11. Sınıf,Sayısal,Tier 1 (Büyükşehir),Orta,3 Aylık,4891.0,2025-11-02,9.7,0.625,17.2,9.8,5.6,2,15.9,0,15,55.0,3.31,0,0.2,3,4.0,667,0,0,0
STU101088,12. Sınıf,Eşit Ağırlık,Tier 1 (Büyükşehir),Düşük,3 Aylık,4979.0,2026-03-01,5.8,0.537,9.0,4.7,0.3,46,34.2,4,13,64.8,-2.63,1,2.9,1,2.5,303,0,0,0
STU103212,Mezun,Sayısal,Tier 3,Düşük,Aylık,1669.0,2026-03-01,5.8,0.771,15.9,10.2,6.1,20,17.5,3,14,79.0,-0.79,0,4.0,0,4.9,303,0,0,0
STU101989,11. Sınıf,Eşit Ağırlık,Tier 2,Düşük,Aylık,1762.0,2026-04-03,4.7,0.625,16.5,10.6,4.8,9,10.3,0,8,71.2,2.03,2,18.1,3,3.3,664,0,0,0
STU102493,Mezun,Sözel,Tier 2,Orta,3 Aylık,4758.0,2026-07-22,1.1,0.697,13.2,9.8,3.9,16,32.1,1,2,68.3,0.22,0,4.4,1,3.8,301,0,0,0
STU102980,12. Sınıf,Sözel,Tier 2,Yüksek,Aylık,1665.0,2026-05-04,3.7,0.865,12.4,8.7,5.4,1,14.4,2,10,58.2,-0.7,0,0.6,1,3.6,298,0,0,1
STU100072,Mezun,Sayısal,Tier 1 (Büyükşehir),Düşük,Aylık,1785.0,2026-01-23,7.0,0.77,16.3,13.2,5.5,18,30.2,0,8,62.9,0.42,3,0.1,0,2.9,303,0,0,0
STU100704,12. Sınıf,Eşit Ağırlık,Tier 2,Orta,Aylık,1783.0,2026-06-28,1.9,0.848,14.8,13.2,4.1,4,24.6,0,3,49.0,-0.3,1,5.1,0,3.0,303,0,0,0
STU101023,12. Sınıf,Sözel,Tier 3,Yüksek,Aylık,1777.0,2026-04-22,4.1,0.786,12.6,10.9,5.6,2,36.8,3,9,46.5,-0.64,0,0.2,1,4.3,301,0,0,0
STU103425,12. Sınıf,Sayısal,Tier 3,Yüksek,3 Aylık,4485.0,2026-02-05,6.6,0.569,11.4,6.0,4.7,10,15.8,1,12,62.7,0.99,1,0.2,1,3.7,298,0,0,0
STU101809,11. Sınıf,Sayısal,Tier 1 (Büyükşehir),Düşük,Yıllık,15502.0,2026-06-28,1.9,0.872,11.0,6.3,4.7,1,8.9,2,5,56.9,4.13,1,0.7,1,3.3,668,0,0,0
STU101811,12. Sınıf,Sayısal,Tier 1 (Büyükşehir),Yüksek,Yıllık,16320.0,2026-05-28,2.9,0.502,13.8,6.8,3.7,1,3.9,0,6,45.8,4.89,2,3.1,1,3.6,302,0,0,0
STU101441,11. Sınıf,Sayısal,Tier 2,Orta,Aylık,1820.0,2026-06-28,1.9,0.686,15.1,9.7,4.7,7,10.8,1,4,59.2,0.95,2,0.6,0,3.9,665,0,0,0
STU101667,11. Sınıf,Eşit Ağırlık,Tier 1 (Büyükşehir),Orta,3 Aylık,4859.0,2026-06-25,2.0,0.813,17.7,14.2,2.9,12,11.5,2,4,64.4,0.89,2,3.4,2,2.4,664,1,0,0
STU102712,11. Sınıf,Sayısal,Tier 2,Orta,Yıllık,15450.0,2026-04-10,4.5,0.72,14.1,9.8,5.5,2,16.0,0,10,53.3,-3.03,1,0.1,0,4.4,664,0,0,0
STU103115,12. Sınıf,Sayısal,Tier 1 (Büyükşehir),Yüksek,Aylık,1882.0,2026-04-28,3.9,0.654,12.0,7.8,2.9,67,15.6,2,10,54.3,1.85,3,0.7,0,3.6,299,1,0,1
STU100903,12. Sınıf,Sayısal,Tier 2,Düşük,3 Aylık,4869.0,2026-07-04,1.7,0.681,10.7,6.1,3.5,8,41.1,2,3,74.5,-3.71,0,1.8,1,3.3,299,1,0,0
STU100378,12. Sınıf,Sayısal,Tier 1 (Büyükşehir),Orta,Aylık,1733.0,2026-07-01,1.8,0.478,13.4,7.5,4.3,1,5.2,3,4,29.0,3.19,3,3.0,0,4.5,301,0,0,0
STU100070,11. Sınıf,Sözel,Tier 2,Orta,3 Aylık,4812.0,2026-06-19,2.2,0.702,14.1,12.0,4.1,6,5.4,2,3,58.7,-3.1,1,8.1,0,3.9,668,0,0,0
STU102454,12. Sınıf,Eşit Ağırlık,Tier 2,Orta,3 Aylık,4726.0,2026-03-01,5.8,0.74,6.4,4.4,6.3,4,22.8,3,15,47.0,-1.08,1,0.4,0,3.9,300,0,0,0
STU100382,Mezun,Eşit Ağırlık,Tier 1 (Büyükşehir),Düşük,Yıllık,17982.0,2026-02-11,6.4,0.502,11.8,4.8,3.4,19,11.9,0,14,60.2,2.34,4,7.0,3,3.8,298,1,0,0
STU100827,11. Sınıf,Eşit Ağırlık,Tier 2,Orta,Aylık,1825.0,2026-02-17,6.2,0.62,9.7,6.4,3.8,3,30.5,7,10,28.3,-0.9,0,0.7,2,3.2,663,0,0,0
STU100670,11. Sınıf,Dil,Tier 1 (Büyükşehir),Yüksek,Yıllık,16453.0,2026-04-22,4.1,0.741,22.3,15.9,4.7,8,2.9,3,7,63.8,0.47,1,4.4,1,3.6,664,0,0,1
STU101388,Mezun,Sayısal,Tier 2,Orta,Aylık,1844.0,2026-02-05,6.6,0.699,14.4,9.6,2.7,0,16.9,2,13,53.2,-0.13,1,1.1,2,1.6,302,0,0,0
STU102661,12. Sınıf,Eşit Ağırlık,Tier 2,Orta,3 Aylık,4858.0,2026-06-12,2.4,0.443,14.4,7.0,3.8,24,4.2,1,4,71.7,2.79,1,3.4,2,3.5,301,0,0,1
STU100298,Mezun,Sayısal,Tier 1 (Büyükşehir),Orta,Yıllık,16023.0,2025-12-15,8.3,0.882,15.7,14.4,5.8,7,8.4,3,14,62.7,1.42,0,4.6,1,4.7,299,0,0,0
STU100268,11. Sınıf,Eşit Ağırlık,Tier 2,Yüksek,Yıllık,17363.0,2026-03-16,5.3,0.96,16.0,12.0,6.2,10,24.9,3,13,45.3,1.99,1,1.5,4,2.9,667,0,0,0
STU102998,Mezun,Sayısal,Tier 2,Yüksek,Aylık,1705.0,2025-12-24,8.0,0.654,12.0,7.2,3.6,10,32.2,3,13,45.2,-2.49,1,1.7,0,2.4,301,1,0,0
STU102656,12. Sınıf,Eşit Ağırlık,Tier 2,Orta,Aylık,1747.0,2025-09-15,11.3,0.661,11.2,7.4,4.4,2,6.8,4,18,46.2,0.2,1,2.1,2,2.5,297,0,0,0
STU103406,12. Sınıf,Eşit Ağırlık,Tier 2,Düşük,3 Aylık,4923.0,2026-06-25,2.0,0.882,13.7,13.9,5.5,12,19.9,1,4,42.2,-0.42,3,5.4,0,5.0,301,0,0,0
STU100317,12. Sınıf,Sayısal,Tier 1 (Büyükşehir),Yüksek,Yıllık,15556.0,2026-03-28,4.9,0.944,16.7,12.6,3.5,17,6.4,3,9,49.0,3.64,0,2.2,1,3.6,299,0,0,1
STU100153,12. Sınıf,Sayısal,Tier 3,Orta,3 Aylık,4769.0,2026-06-25,2.0,0.642,16.5,10.0,4.5,7,41.5,1,4,63.4,0.3,1,5.8,3,2.2,299,1,0,0
STU102747,11. Sınıf,Dil,Tier 1 (Büyükşehir),Orta,Yıllık,17544.0,2026-04-19,4.2,0.514,13.8,6.5,4.5,46,16.5,2,7,62.0,-2.14,2,1.3,1,3.0,667,1,0,0
STU101022,Mezun,Sözel,Tier 2,Yüksek,Yıllık,17922.0,2026-07-01,1.8,0.511,18.0,10.2,3.5,26,18.2,4,3,58.0,-1.25,0,4.7,0,3.5,302,1,0,0
STU102545,12. Sınıf,Sayısal,Tier 1 (Büyükşehir),Orta,Aylık,1739.0,2025-11-02,9.7,0.581,9.9,7.1,3.6,3,14.2,3,19,31.9,3.26,1,1.1,1,3.5,303,0,0,0
STU101656,11. Sınıf,Sayısal,Tier 1 (Büyükşehir),Yüksek,Aylık,1769.0,2025-11-17,9.2,0.832,16.1,15.8,5.6,1,17.2,3,13,47.5,-3.72,2,2.2,0,3.9,667,0,0,0
STU101871,12. Sınıf,Dil,Tier 2,Orta,Yıllık,16836.0,2025-11-20,9.1,0.464,17.9,7.4,4.9,8,32.1,2,20,45.7,1.46,2,2.7,1,3.9,303,0,0,0
STU100849,Mezun,Sözel,Tier 3,Düşük,3 Aylık,5053.0,2026-07-16,1.3,0.767,14.3,13.5,5.0,0,65.2,0,3,61.0,3.33,1,5.5,2,2.4,300,0,0,0
STU103020,12. Sınıf,Dil,Tier 2,Düşük,Aylık,1543.0,2025-07-03,13.7,0.477,19.7,9.7,4.0,17,6.8,1,16,52.9,2.42,1,2.0,0,3.7,299,1,0,0
STU101139,12. Sınıf,Sayısal,Tier 3,Orta,Aylık,1842.0,2026-01-23,7.0,0.603,10.5,5.8,4.0,1,17.3,4,13,38.9,2.89,1,1.4,2,2.1,300,1,0,0
STU100520,Mezun,Sayısal,Tier 1 (Büyükşehir),Orta,Aylık,1680.0,2026-04-10,4.5,0.696,11.3,9.1,4.9,47,5.8,2,6,51.1,2.54,1,0.5,2,3.6,297,0,0,1
STU102311,11. Sınıf,Sayısal,Tier 3,Orta,3 Aylık,4963.0,2026-02-02,6.7,0.801,17.9,13.0,5.2,8,6.8,3,18,39.1,-2.97,0,0.6,1,4.0,668,0,0,0
STU101020,Mezun,Sayısal,Tier 2,Orta,Aylık,1871.0,2026-06-03,2.7,0.828,9.5,9.0,5.4,7,10.3,3,6,15.5,5.82,2,4.6,3,3.1,302,0,1,0
STU100918,12. Sınıf,Sayısal,Tier 1 (Büyükşehir),Yüksek,Yıllık,16171.0,2026-02-20,6.1,0.816,12.1,10.2,6.4,4,13.1,2,14,49.1,3.3,0,2.9,3,3.6,301,0,0,0
STU102034,11. Sınıf,Sözel,Tier 3,Orta,3 Aylık,5094.0,2025-09-05,11.6,0.901,14.0,10.2,3.0,4,20.1,2,26,52.9,-0.31,1,6.3,1,4.2,664,1,0,0
STU100612,Mezun,Sözel,Tier 1 (Büyükşehir),Düşük,3 Aylık,4442.0,2025-11-27,8.9,0.516,17.0,8.7,5.1,2,12.0,3,22,73.7,0.89,2,0.3,1,4.7,301,0,0,0
STU100955,Mezun,Sayısal,Tier 1 (Büyükşehir),Düşük,3 Aylık,5435.0,2026-04-19,4.2,0.649,14.3,7.5,4.6,17,9.1,2,10,67.8,-2.46,3,0.9,3,2.8,297,0,0,0
STU101071,12. Sınıf,Sözel,Tier 1 (Büyükşehir),Düşük,3 Aylık,4920.0,2026-02-05,6.6,0.481,13.1,6.4,4.8,0,55.2,2,14,54.3,-1.26,1,4.4,3,3.5,303,1,0,1
STU100564,12. Sınıf,Sayısal,Tier 3,Düşük,Aylık,1980.0,2026-08-03,0.7,0.731,13.8,9.3,2.6,1,20.9,1,1,42.8,3.02,0,0.8,1,3.6,301,1,0,1
STU103057,11. Sınıf,Sayısal,Tier 1 (Büyükşehir),Yüksek,Aylık,1816.0,2026-02-14,6.3,0.973,13.3,15.295,4.0,1,30.5,1,12,21.7,-1.96,4,0.3,0,2.4,662,0,0,0
STU101457,12. Sınıf,Sayısal,Tier 1 (Büyükşehir),Orta,Yıllık,17219.0,2026-02-26,5.9,0.553,13.2,7.9,4.0,35,5.8,2,12,41.2,-0.72,2,6.7,2,3.6,302,0,0,0
STU103467,12. Sınıf,Sayısal,Tier 1 (Büyükşehir),Düşük,Aylık,1798.0,2026-03-31,4.8,0.553,11.8,6.0,3.1,1,17.8,5,10,48.0,1.32,2,0.6,2,1.7,301,0,0,0
STU100858,12. Sınıf,Eşit Ağırlık,Tier 1 (Büyükşehir),Yüksek,Yıllık,17016.0,2026-04-10,4.5,0.523,16.4,5.9,3.6,18,11.0,3,11,68.9,-1.91,0,4.7,0,2.4,300,0,0,0
STU101842,11. Sınıf,Sözel,Tier 3,Düşük,Aylık,1730.0,2026-06-25,2.0,0.421,18.5,7.7,4.0,5,11.1,0,4,48.2,1.32,1,2.6,0,3.6,665,0,0,1
STU100433,Mezun,Sayısal,Tier 2,Düşük,Aylık,1913.0,2026-07-25,1.0,0.801,8.2,7.6,4.3,4,10.6,1,2,46.3,1.53,2,8.9,1,2.7,300,0,0,0
STU100530,12. Sınıf,Eşit Ağırlık,Tier 2,Düşük,Aylık,1966.0,2025-11-05,9.6,0.601,12.6,8.7,3.7,7,14.0,2,23,60.9,0.78,1,2.2,1,4.5,300,0,0,0
STU100883,12. Sınıf,Eşit Ağırlık,Tier 1 (Büyükşehir),Orta,3 Aylık,4810.0,2026-03-31,4.8,0.822,12.6,10.1,5.6,14,21.2,4,7,29.6,1.47,0,1.1,1,3.7,299,0,0,0
STU101235,11. Sınıf,Eşit Ağırlık,Tier 1 (Büyükşehir),Orta,Aylık,1816.0,2025-12-06,8.6,0.701,13.3,10.2,2.3,19,27.5,2,20,48.7,-2.5,2,0.1,0,3.7,666,0,0,0
STU102288,11. Sınıf,Sözel,Tier 2,Orta,Aylık,1773.0,2026-07-31,0.8,0.99,17.5,18.4,6.7,23,10.6,3,2,57.7,0.72,2,1.4,5,2.9,666,0,0,0
STU102751,12. Sınıf,Sayısal,Tier 1 (Büyükşehir),Orta,Yıllık,17399.0,2026-02-02,6.7,0.459,14.4,7.4,3.4,1,5.6,1,21,77.9,-1.93,0,2.9,1,4.3,300,0,0,0
STU101175,Mezun,Sayısal,Tier 1 (Büyükşehir),Orta,Yıllık,16454.0,2026-07-25,1.0,0.568,12.7,7.8,5.4,10,18.4,2,1,33.2,2.15,0,0.9,1,3.6,298,0,0,1
STU101849,Mezun,Sayısal,Tier 3,Orta,Yıllık,15803.0,2026-01-14,7.3,0.685,12.6,6.3,3.6,1,45.9,1,14,65.7,1.89,0,0.6,2,3.6,300,0,0,1
STU100581,12. Sınıf,Sayısal,Tier 3,Yüksek,Yıllık,17155.0,2025-08-18,12.2,0.696,14.5,10.6,5.8,36,33.9,0,26,47.7,2.87,2,0.7,1,3.0,299,0,0,0
STU101110,11. Sınıf,Sözel,Tier 2,Orta,Aylık,1793.0,2026-02-26,5.9,0.563,20.8,10.8,3.4,16,10.8,4,14,70.6,1.28,1,1.1,0,4.4,665,1,0,0
STU103318,11. Sınıf,Sayısal,Tier 1 (Büyükşehir),Düşük,Yıllık,16709.0,2026-04-06,4.6,0.78,20.1,15.1,3.4,3,31.7,4,10,57.4,-1.2,3,6.5,1,3.6,663,0,0,1
STU100728,12. Sınıf,Eşit Ağırlık,Tier 2,Yüksek,3 Aylık,5350.0,2026-05-07,3.6,0.767,18.3,13.9,8.3,7,2.3,0,4,56.8,-0.46,0,2.3,2,4.8,297,0,0,0
STU102161,11. Sınıf,Sayısal,Tier 2,Orta,Yıllık,16768.0,2026-05-07,3.6,0.894,14.9,11.9,4.0,4,26.5,2,5,73.8,-2.06,2,2.6,1,5.0,664,0,0,0
STU100431,Mezun,Eşit Ağırlık,Tier 1 (Büyükşehir),Orta,3 Aylık,4604.0,2025-12-18,8.2,0.643,17.9,11.1,3.7,6,24.9,0,16,45.2,2.43,4,1.7,1,3.5,300,1,0,1
STU103335,12. Sınıf,Sayısal,Tier 1 (Büyükşehir),Yüksek,Yıllık,16140.0,2025-11-24,9.0,0.449,13.1,5.8,4.1,6,44.2,5,22,45.0,4.0,2,1.9,1,3.6,300,0,0,1
STU103458,11. Sınıf,Sayısal,Tier 1 (Büyükşehir),Yüksek,Aylık,1756.0,2026-05-13,3.4,0.879,19.7,16.6,4.6,7,19.5,2,7,63.1,2.89,1,3.4,1,4.6,667,0,0,0
STU101433,11. Sınıf,Sayısal,Tier 2,Orta,3 Aylık,5255.0,2026-05-28,2.9,0.88,11.7,13.4,3.7,32,22.0,2,6,38.7,-0.04,2,1.7,1,2.7,666,0,0,0
STU102674,12. Sınıf,Eşit Ağırlık,Tier 3,Yüksek,Aylık,1743.0,2025-12-27,7.9,0.738,16.3,10.6,4.4,11,4.8,4,20,30.3,2.01,1,5.7,1,3.6,303,1,0,0
STU102837,11. Sınıf,Sayısal,Tier 3,Düşük,3 Aylık,5233.0,2026-05-10,3.5,0.567,13.8,7.0,3.9,22,4.1,3,6,31.0,4.35,1,13.9,2,3.9,667,0,0,0
STU103265,11. Sınıf,Eşit Ağırlık,Tier 2,Düşük,Aylık,1798.0,2026-04-03,4.7,0.785,16.4,14.5,3.6,34,9.6,1,8,61.7,1.74,1,1.6,1,3.0,662,0,0,0
STU101703,12. Sınıf,Eşit Ağırlık,Tier 3,Düşük,Aylık,1746.0,2026-05-28,2.9,0.428,9.0,3.9,3.2,15,12.8,3,6,53.7,-2.23,1,12.9,2,3.4,303,1,0,0
STU100293,11. Sınıf,Sayısal,Tier 1 (Büyükşehir),Düşük,Aylık,1714.0,2026-03-13,5.4,0.54,12.8,7.9,4.8,14,2.7,4,10,50.9,2.79,3,0.5,1,2.9,665,0,0,0
STU100725,11. Sınıf,Sözel,Tier 1 (Büyükşehir),Orta,Aylık,1784.0,2026-04-10,4.5,0.843,10.2,9.2,2.6,29,7.2,1,10,47.2,3.34,2,1.4,1,2.0,662,1,0,0
STU101384,Mezun,Sözel,Tier 1 (Büyükşehir),Orta,Aylık,1974.0,2026-06-25,2.0,0.635,16.7,10.7,4.5,26,21.2,3,5,42.4,1.48,1,0.5,2,4.5,300,0,0,0
STU101425,12. Sınıf,Sayısal,Tier 3,Yüksek,3 Aylık,4589.0,2026-04-28,3.9,0.99,13.0,10.9,5.3,0,10.4,4,9,61.4,0.11,1,6.3,0,2.7,301,0,0,0
STU100649,11. Sınıf,Sayısal,Tier 1 (Büyükşehir),Yüksek,3 Aylık,5168.0,2026-02-02,6.7,0.689,18.3,12.1,5.3,29,42.8,2,13,46.3,0.15,4,2.7,2,3.5,667,1,0,1
STU100922,12. Sınıf,Eşit Ağırlık,Tier 1 (Büyükşehir),Düşük,Yıllık,16619.0,2026-06-09,2.5,0.252,11.8,2.9,2.6,7,31.4,6,6,23.2,-2.99,1,0.6,0,2.8,298,0,0,0
STU100400,12. Sınıf,Sayısal,Tier 2,Orta,3 Aylık,5372.0,2026-04-22,4.1,0.725,10.8,5.7,5.0,12,35.9,3,10,41.7,1.65,1,0.9,1,4.5,297,1,0,0
STU102603,Mezun,Sözel,Tier 1 (Büyükşehir),Orta,Aylık,1732.0,2026-04-19,4.2,0.759,15.0,9.5,5.2,5,27.6,3,11,47.7,-1.74,1,4.7,2,2.8,302,0,0,0
STU101467,11. Sınıf,Sayısal,Tier 2,Yüksek,3 Aylık,4909.0,2025-11-24,9.0,0.64,16.9,10.3,5.3,19,13.0,1,24,46.6,0.15,2,2.6,2,4.3,665,0,0,0
STU100585,12. Sınıf,Sözel,Tier 2,Düşük,Aylık,1934.0,2025-08-03,12.7,0.839,13.9,10.5,3.6,35,8.1,1,13,67.5,0.07,1,2.8,0,3.6,297,0,0,1
STU101611,Mezun,Eşit Ağırlık,Tier 3,Düşük,3 Aylık,4961.0,2025-12-12,8.4,0.572,15.5,8.3,2.2,1,5.7,3,14,36.2,-1.98,8,0.3,1,3.5,297,0,0,1
STU102352,11. Sınıf,Sayısal,Tier 2,Orta,Aylık,1816.0,2025-11-27,8.9,0.834,12.9,10.6,3.5,2,17.0,3,17,71.1,-0.77,4,2.0,1,2.1,666,0,0,0
STU100140,12. Sınıf,Sayısal,Tier 1 (Büyükşehir),Yüksek,Aylık,1834.0,2026-02-17,6.2,0.581,17.1,11.1,3.4,14,2.3,1,17,60.4,0.89,0,3.1,2,4.7,300,0,0,0
STU103155,12. Sınıf,Sayısal,Tier 2,Yüksek,Aylık,1633.0,2026-02-17,6.2,0.799,10.8,9.2,5.7,0,6.4,2,12,57.6,-0.34,3,0.1,1,5.0,301,0,0,0
STU103291,12. Sınıf,Sayısal,Tier 3,Orta,3 Aylık,4755.0,2026-03-31,4.8,0.702,13.9,9.8,3.6,6,9.6,2,7,47.4,4.57,1,2.9,1,2.9,303,0,0,0
STU100276,12. Sınıf,Eşit Ağırlık,Tier 2,Düşük,Aylık,1609.0,2025-09-05,11.6,0.567,20.2,13.2,3.7,3,17.7,0,27,38.9,0.36,3,3.5,3,2.9,299,1,0,0
STU100123,12. Sınıf,Sözel,Tier 2,Düşük,Yıllık,15484.0,2026-03-28,4.9,0.397,12.0,4.2,1.7,40,41.0,2,11,31.9,-0.02,4,4.6,3,3.6,298,1,0,1
STU100801,12. Sınıf,Eşit Ağırlık,Tier 2,Düşük,Yıllık,15578.0,2026-06-15,2.3,0.438,15.4,6.0,3.5,6,5.8,2,5,35.6,0.83,1,9.1,0,2.3,298,0,0,0
STU102045,11. Sınıf,Sayısal,Tier 3,Düşük,Aylık,1761.0,2026-05-16,3.3,0.734,17.2,11.3,5.8,4,3.5,3,7,28.9,3.24,5,2.1,1,3.6,666,0,0,1
STU102182,Mezun,Sayısal,Tier 1 (Büyükşehir),Düşük,Aylık,1937.0,2026-03-07,5.6,0.576,15.9,8.1,4.5,5,5.6,1,11,63.1,-1.38,1,3.7,3,4.8,297,0,0,0
STU103055,12. Sınıf,Sayısal,Tier 2,Orta,Aylık,1694.0,2025-09-27,10.9,0.565,11.5,5.6,3.8,8,8.2,1,21,63.4,4.46,0,1.6,0,5.0,300,0,0,0
STU101716,12. Sınıf,Sayısal,Tier 2,Düşük,Aylık,1899.0,2025-08-21,12.1,0.556,9.0,5.4,4.5,46,14.9,0,18,56.9,-1.83,3,14.2,6,1.9,299,0,0,0
STU103026,11. Sınıf,Sayısal,Tier 1 (Büyükşehir),Yüksek,Yıllık,17173.0,2026-02-02,6.7,0.804,15.4,12.5,5.6,1,37.3,1,13,37.6,0.2,1,0.5,1,3.8,665,0,0,0
STU100134,12. Sınıf,Eşit Ağırlık,Tier 1 (Büyükşehir),Orta,Aylık,1782.0,2026-06-09,2.5,0.741,15.5,12.1,5.7,11,38.1,1,6,48.5,1.97,1,3.0,1,4.2,297,0,0,0
STU101971,Mezun,Sayısal,Tier 2,Yüksek,Aylık,1716.0,2025-09-05,11.6,0.92,16.4,11.2,4.3,7,25.6,2,33,66.1,0.53,1,4.7,0,3.6,301,1,0,1
STU101306,12. Sınıf,Sayısal,Tier 2,Orta,3 Aylık,4611.0,2025-10-21,10.1,0.668,17.0,13.0,3.8,3,14.2,2,19,65.6,-4.08,2,2.1,2,3.0,302,1,0,0
STU103259,11. Sınıf,Sayısal,Tier 1 (Büyükşehir),Orta,Yıllık,17184.0,2026-04-22,4.1,0.593,20.3,13.1,3.8,14,13.4,2,7,67.4,-2.43,5,1.5,2,3.1,664,0,0,0
STU102183,11. Sınıf,Eşit Ağırlık,Tier 2,Yüksek,Yıllık,15616.0,2026-04-10,4.5,0.65,16.8,14.1,4.6,9,19.2,3,8,36.9,0.72,1,0.8,1,4.2,666,0,0,0
STU100348,12. Sınıf,Sayısal,Tier 2,Yüksek,Aylık,1878.0,2026-03-22,5.1,0.758,11.0,6.6,5.9,9,23.2,3,8,51.7,3.75,1,2.0,1,2.8,303,0,0,0
STU101873,Mezun,Eşit Ağırlık,Tier 3,Orta,3 Aylık,4847.0,2025-08-09,12.5,0.459,6.4,2.8,3.6,8,22.0,0,23,54.2,0.56,1,1.1,2,3.4,297,0,0,0
STU102981,11. Sınıf,Eşit Ağırlık,Tier 1 (Büyükşehir),Orta,Aylık,1941.0,2025-10-09,10.5,0.707,13.1,6.5,3.9,24,37.6,3,22,54.9,0.99,2,0.1,1,3.6,663,1,0,1
STU101350,Mezun,Sayısal,Tier 2,Yüksek,Yıllık,15892.0,2026-02-11,6.4,0.929,15.1,9.2,3.6,7,9.3,1,12,52.7,5.57,4,1.0,0,4.5,299,0,1,0
STU101153,11. Sınıf,Sayısal,Tier 3,Düşük,Yıllık,15387.0,2025-11-24,9.0,0.841,16.6,16.2,6.1,8,55.2,0,17,58.6,3.42,1,0.0,0,3.6,664,0,0,1
STU101321,12. Sınıf,Sayısal,Tier 1 (Büyükşehir),Orta,3 Aylık,4902.0,2026-06-09,2.5,0.413,14.1,5.3,3.8,6,24.6,0,5,62.1,-0.73,3,0.3,2,1.5,303,0,0,0
STU102899,12. Sınıf,Sözel,Tier 2,Yüksek,Yıllık,17725.0,2025-10-18,10.2,0.597,9.8,6.1,5.8,27,23.7,2,19,40.1,-2.19,1,16.9,2,3.8,302,0,0,0
STU100843,12. Sınıf,Sayısal,Tier 1 (Büyükşehir),Orta,3 Aylık,5124.0,2025-09-30,10.8,0.415,13.9,5.0,0.4,8,22.8,1,23,53.5,-0.85,2,1.4,0,3.5,299,1,0,1
STU101946,11. Sınıf,Sözel,Tier 1 (Büyükşehir),Yüksek,Aylık,1638.0,2025-11-27,8.9,0.752,17.3,13.1,1.6,20,8.0,2,18,33.8,-1.84,0,7.9,2,2.9,668,0,0,0
STU101819,12. Sınıf,Sayısal,Tier 1 (Büyükşehir),Düşük,Yıllık,17982.0,2025-12-03,8.7,0.602,15.3,8.2,4.2,10,6.4,2,17,47.2,1.71,2,1.0,2,3.6,301,0,0,1
STU100953,11. Sınıf,Eşit Ağırlık,Tier 3,Düşük,Aylık,1827.0,2026-02-11,6.4,0.753,17.9,14.8,5.9,3,9.0,2,12,49.9,-0.42,3,0.1,0,2.9,668,0,0,0
STU102341,11. Sınıf,Sayısal,Tier 1 (Büyükşehir),Orta,Aylık,1780.0,2026-05-07,3.6,0.446,22.1,8.9,5.2,6,34.1,0,7,61.2,-1.45,2,2.9,0,5.0,665,0,0,0
STU101956,12. Sınıf,Sayısal,Tier 3,Düşük,3 Aylık,4929.0,2026-04-28,3.9,0.867,14.7,13.5,3.3,18,67.6,4,6,43.4,2.39,0,4.2,0,3.5,303,1,0,1
STU102913,12. Sınıf,Dil,Tier 1 (Büyükşehir),Orta,Aylık,1891.0,2026-05-19,3.2,0.665,15.1,8.7,3.3,9,28.7,0,8,72.0,3.14,0,0.1,0,3.2,302,0,0,0
STU100619,11. Sınıf,Eşit Ağırlık,Tier 1 (Büyükşehir),Orta,Yıllık,16369.0,2026-07-10,1.5,0.933,14.5,11.1,2.9,11,6.6,1,2,59.4,1.46,2,1.7,1,4.0,662,0,0,0
STU101729,12. Sınıf,Sayısal,Tier 2,Orta,Aylık,1827.0,2026-07-16,1.3,0.564,11.8,7.7,4.3,5,26.1,5,2,52.2,2.38,2,4.2,1,3.6,303,0,0,1
STU102091,Mezun,Sözel,Tier 1 (Büyükşehir),Orta,3 Aylık,4792.0,2026-07-28,0.9,0.565,17.1,9.0,2.8,43,12.4,2,2,40.2,-0.78,2,5.8,0,3.5,297,0,0,1
STU102911,11. Sınıf,Sözel,Tier 1 (Büyükşehir),Düşük,3 Aylık,4875.0,2025-09-11,11.4,0.72,11.0,7.5,3.0,13,39.0,5,18,65.8,-0.17,0,1.6,0,2.6,665,0,0,0
STU101752,Mezun,Sayısal,Tier 1 (Büyükşehir),Yüksek,3 Aylık,5182.0,2026-06-15,2.3,0.427,12.3,5.4,1.9,7,4.0,1,4,51.8,-1.5,0,3.7,2,5.0,298,0,0,0
STU102969,11. Sınıf,Sözel,Tier 1 (Büyükşehir),Yüksek,3 Aylık,4450.0,2026-06-25,2.0,0.767,18.8,16.0,4.3,2,7.6,2,4,50.6,-2.19,0,0.1,3,3.9,665,0,0,0
STU101681,Mezun,Sayısal,Tier 2,Yüksek,3 Aylık,4948.0,2026-04-16,4.3,0.755,16.6,14.0,4.2,3,11.8,4,10,61.9,0.22,3,9.4,4,3.5,301,0,0,0
STU101258,12. Sınıf,Sayısal,Tier 2,Orta,3 Aylık,4914.0,2026-03-01,5.8,0.85,16.9,15.5,1.5,14,13.7,2,14,46.1,1.49,0,0.3,0,3.5,302,0,0,1
STU101897,11. Sınıf,Sayısal,Tier 1 (Büyükşehir),Düşük,Aylık,1633.0,2026-03-01,5.8,0.853,13.4,8.9,6.6,6,29.0,0,15,56.4,-0.71,0,0.6,1,4.8,663,0,0,0
STU103143,11. Sınıf,Sayısal,Tier 1 (Büyükşehir),Düşük,Aylık,1641.0,2026-02-26,5.9,0.705,14.5,11.5,4.0,28,17.7,1,9,68.5,-1.11,2,0.4,1,3.6,662,0,0,1
STU100323,12. Sınıf,Sayısal,Tier 1 (Büyükşehir),Yüksek,Yıllık,17288.0,2025-11-14,9.3,0.482,14.4,6.7,4.5,23,16.7,2,16,67.0,-0.62,1,2.2,1,3.6,302,1,0,1
STU101213,12. Sınıf,Sözel,Tier 1 (Büyükşehir),Orta,3 Aylık,4787.0,2026-05-31,2.8,0.588,15.2,8.2,3.1,16,12.1,1,6,63.1,-0.45,3,9.3,2,3.5,298,1,0,1
STU100915,Mezun,Sözel,Tier 1 (Büyükşehir),Orta,Yıllık,17075.0,2026-04-13,4.4,0.908,13.4,11.6,4.8,19,14.6,1,5,38.1,4.0,0,10.1,1,4.4,300,1,0,0
STU100136,Mezun,Sözel,Tier 1 (Büyükşehir),Orta,Aylık,1737.0,2026-03-28,4.9,0.538,12.7,4.7,2.9,0,4.1,3,9,39.6,-0.85,2,8.3,3,1.8,301,0,0,0
STU102438,12. Sınıf,Eşit Ağırlık,Tier 3,Orta,3 Aylık,4932.0,2026-05-31,2.8,0.661,8.6,6.2,5.8,20,8.0,1,5,61.7,5.17,3,5.7,1,4.7,297,0,0,0
STU102768,Mezun,Sayısal,Tier 2,Düşük,3 Aylık,4613.0,2026-01-02,7.7,0.501,11.1,5.3,4.2,7,12.7,2,18,40.6,1.36,4,6.4,1,5.0,299,0,0,0
STU100803,12. Sınıf,Sayısal,Tier 2,Orta,3 Aylık,4637.0,2026-05-19,3.2,0.506,18.1,11.8,3.4,1,8.4,3,8,62.7,-3.18,1,2.3,0,3.5,302,1,0,1
STU101511,11. Sınıf,Eşit Ağırlık,Tier 2,Yüksek,3 Aylık,4708.0,2026-07-16,1.3,0.784,16.7,15.4,4.7,5,6.1,3,3,57.9,0.63,0,3.5,0,4.1,666,0,0,0
STU102031,12. Sınıf,Sözel,Tier 2,Yüksek,Yıllık,16497.0,2026-03-31,4.8,0.653,12.4,9.4,4.1,23,21.5,1,10,66.7,1.41,2,4.3,1,2.3,299,1,0,0
STU103074,Mezun,Eşit Ağırlık,Tier 1 (Büyükşehir),Orta,Aylık,1896.0,2026-02-08,6.5,0.859,9.9,7.3,5.1,20,16.7,3,11,67.6,1.67,2,0.4,0,4.7,302,0,0,0
STU100334,11. Sınıf,Sayısal,Tier 1 (Büyükşehir),Düşük,Aylık,1845.0,2026-06-15,2.3,0.692,10.7,8.7,2.1,35,7.6,1,5,60.0,1.24,3,2.7,0,3.0,667,1,0,0
STU102507,Mezun,Sözel,Tier 3,Yüksek,Aylık,1753.0,2026-08-06,0.6,0.682,10.2,6.0,4.8,23,20.2,4,1,47.6,-0.52,1,7.3,1,3.4,302,0,0,0
STU100182,12. Sınıf,Eşit Ağırlık,Tier 2,Düşük,3 Aylık,4787.0,2026-03-04,5.7,0.619,8.3,5.5,5.2,9,6.2,2,10,60.5,2.52,2,2.8,0,4.7,302,0,0,0
STU102948,Mezun,Eşit Ağırlık,Tier 2,Düşük,3 Aylık,5153.0,2025-10-27,9.9,0.676,14.2,9.6,3.4,11,4.1,2,24,49.6,-4.16,2,3.3,1,5.0,298,0,0,0
STU101698,Mezun,Sözel,Tier 3,Düşük,Aylık,1666.0,2026-05-10,3.5,0.739,12.0,9.4,4.5,2,24.6,0,8,53.7,2.21,0,6.9,0,3.6,300,0,0,1
STU102691,12. Sınıf,Sayısal,Tier 2,Orta,Aylık,1666.0,2026-01-11,7.4,0.99,19.9,20.5,6.7,4,5.2,1,14,59.6,-1.59,0,2.6,1,5.0,300,0,0,0
STU101420,12. Sınıf,Sayısal,Tier 1 (Büyükşehir),Orta,Aylık,1813.0,2026-03-13,5.4,0.776,10.8,8.1,5.3,4,6.6,2,14,52.7,4.41,1,1.3,1,4.2,302,0,0,0
STU100607,11. Sınıf,Eşit Ağırlık,Tier 1 (Büyükşehir),Düşük,Aylık,1985.0,2026-02-20,6.1,0.554,14.5,8.8,3.4,7,13.4,0,14,46.3,1.0,2,2.4,1,3.4,663,0,0,0
STU102469,12. Sınıf,Sözel,Tier 1 (Büyükşehir),Yüksek,Aylık,1976.0,2026-06-15,2.3,0.651,12.0,6.3,3.8,13,18.4,2,5,64.5,-1.58,2,1.9,0,3.3,300,1,0,0
STU101489,12. Sınıf,Sayısal,Tier 3,Yüksek,3 Aylık,4522.0,2026-05-31,2.8,0.786,14.4,13.9,6.1,6,8.2,2,7,43.4,-1.08,1,5.0,0,3.1,301,0,0,0
STU102109,11. Sınıf,Eşit Ağırlık,Tier 2,Düşük,Aylık,1684.0,2026-03-25,5.0,0.534,12.0,6.6,3.5,8,45.7,1,10,59.9,-0.25,2,2.7,0,3.6,667,1,0,1
STU103204,Mezun,Eşit Ağırlık,Tier 2,Orta,3 Aylık,5167.0,2026-07-13,1.4,0.491,16.5,8.1,4.1,0,11.7,1,2,57.1,0.03,2,10.5,2,3.8,301,0,0,0
STU101558,12. Sınıf,Eşit Ağırlık,Tier 3,Orta,Aylık,1794.0,2026-03-07,5.6,0.553,18.0,8.0,3.9,1,28.6,0,10,54.1,-1.36,1,9.0,2,4.3,301,0,0,0
STU100326,Mezun,Sayısal,Tier 2,Orta,Yıllık,18089.0,2026-06-03,2.7,0.501,10.9,5.0,3.0,10,81.8,1,6,47.8,-0.98,1,9.4,2,4.5,297,1,0,0
STU100413,Mezun,Sayısal,Tier 1 (Büyükşehir),Yüksek,3 Aylık,4732.0,2025-06-30,13.8,0.672,13.4,8.3,3.7,8,27.1,2,22,56.9,-1.93,1,0.9,1,3.6,302,0,0,0
STU103447,Mezun,Eşit Ağırlık,Tier 1 (Büyükşehir),Yüksek,Aylık,1755.0,2025-10-27,9.9,0.909,17.1,15.4,3.4,1,8.9,2,26,45.0,-2.16,1,2.3,0,2.7,299,0,0,0
STU100625,12. Sınıf,Sayısal,Tier 1 (Büyükşehir),Orta,Aylık,1864.0,2026-02-23,6.0,0.723,12.6,10.9,2.6,3,57.4,6,14,20.9,0.03,0,7.2,2,3.6,298,0,0,1
STU101858,11. Sınıf,Sayısal,Tier 1 (Büyükşehir),Orta,Aylık,1731.0,2026-03-31,4.8,0.454,14.7,6.1,5.8,2,38.6,2,6,78.0,-0.26,0,1.2,4,3.6,662,0,0,1
STU101447,12. Sınıf,Sözel,Tier 1 (Büyükşehir),Yüksek,3 Aylık,5028.0,2026-06-25,2.0,0.52,14.2,6.6,3.3,16,18.6,2,4,43.5,0.13,0,1.6,0,3.5,303,1,0,1
STU102701,12. Sınıf,Eşit Ağırlık,Tier 1 (Büyükşehir),Düşük,Aylık,1787.0,2026-06-28,1.9,0.761,13.6,12.6,5.8,0,12.3,2,4,47.0,-5.79,0,13.7,0,3.0,301,0,0,0
STU101301,12. Sınıf,Sayısal,Tier 2,Orta,Aylık,1802.0,2025-09-21,11.1,0.825,11.6,8.6,4.4,1,20.3,3,29,66.6,-0.01,1,6.2,1,3.2,301,0,0,0
STU101595,12. Sınıf,Eşit Ağırlık,Tier 1 (Büyükşehir),Düşük,3 Aylık,4679.0,2025-11-05,9.6,0.598,16.0,10.7,4.1,15,9.1,3,12,31.3,-2.69,2,5.4,0,3.4,297,0,0,0
STU100468,11. Sınıf,Eşit Ağırlık,Tier 3,Düşük,3 Aylık,4793.0,2026-04-10,4.5,0.414,19.0,7.6,4.7,4,16.9,2,9,54.9,-3.19,2,5.4,0,1.9,668,0,0,0
STU100632,11. Sınıf,Eşit Ağırlık,Tier 1 (Büyükşehir),Orta,Yıllık,17967.0,2026-04-25,4.0,0.764,13.3,11.6,3.3,2,40.1,1,9,56.0,-0.54,1,0.3,1,3.4,665,0,0,0
STU100143,12. Sınıf,Sayısal,Tier 3,Yüksek,Aylık,1659.0,2026-06-19,2.2,0.969,14.6,13.3,6.5,2,24.1,2,4,58.6,-1.32,1,1.0,0,4.9,301,0,0,0
STU100280,11. Sınıf,Sayısal,Tier 3,Orta,3 Aylık,4861.0,2026-05-28,2.9,0.832,8.6,5.7,3.7,15,9.5,0,5,62.3,0.18,3,2.3,1,3.5,662,1,0,1
STU102631,12. Sınıf,Eşit Ağırlık,Tier 2,Düşük,Yıllık,17990.0,2026-03-04,5.7,0.701,10.5,8.1,3.3,31,8.5,0,14,35.7,-3.01,2,2.3,2,3.6,303,0,0,1
STU102977,12. Sınıf,Eşit Ağırlık,Tier 1 (Büyükşehir),Düşük,Yıllık,17262.0,2026-01-26,6.9,0.429,11.4,9.2,4.5,41,19.1,3,13,62.6,-0.1,5,18.2,2,2.4,299,1,1,0
STU101045,12. Sınıf,Sayısal,Tier 3,Düşük,Aylık,1836.0,2026-04-06,4.6,0.883,17.0,16.1,3.6,2,28.2,0,9,47.8,-2.56,3,3.5,2,3.1,298,0,0,0
STU100923,12. Sınıf,Sayısal,Tier 1 (Büyükşehir),Yüksek,3 Aylık,4822.0,2026-07-22,1.1,0.578,14.0,9.2,3.8,9,18.0,2,2,37.0,2.96,1,1.2,2,1.7,303,1,0,0
STU102962,11. Sınıf,Eşit Ağırlık,Tier 3,Orta,Aylık,1773.0,2026-02-02,6.7,0.392,17.9,8.3,6.2,1,32.9,1,16,43.9,0.39,1,1.4,1,3.5,668,0,0,0
STU100471,12. Sınıf,Sayısal,Tier 1 (Büyükşehir),Orta,Yıllık,15856.0,2026-04-19,4.2,0.639,14.8,8.5,4.9,7,11.7,2,8,40.4,0.09,1,13.1,0,3.0,302,1,0,0
STU100198,11. Sınıf,Sayısal,Tier 1 (Büyükşehir),Düşük,3 Aylık,4774.0,2026-08-06,0.6,0.647,13.3,8.2,3.9,9,20.0,2,1,53.1,-0.15,1,6.1,0,5.0,667,0,0,0
STU101296,11. Sınıf,Sayısal,Tier 2,Orta,3 Aylık,5017.0,2026-03-25,5.0,0.564,17.4,9.8,2.9,1,37.6,3,8,62.9,-1.86,1,0.9,1,1.8,662,1,0,0
STU102806,12. Sınıf,Eşit Ağırlık,Tier 2,Yüksek,3 Aylık,4782.0,2026-06-28,1.9,0.588,15.0,6.9,4.6,0,26.6,2,5,57.9,-2.27,0,3.9,1,2.8,302,0,0,0
STU100440,Mezun,Sayısal,Tier 1 (Büyükşehir),Yüksek,Yıllık,16898.0,2026-03-13,5.4,0.756,10.0,8.0,5.1,1,18.0,2,9,20.9,-0.73,1,8.0,3,4.7,303,0,0,0
STU101872,Mezun,Sayısal,Tier 2,Düşük,Aylık,1809.0,2026-07-01,1.8,0.74,14.7,14.7,5.5,15,20.3,0,2,48.7,-0.48,1,0.9,2,5.0,303,0,0,0
STU103431,12. Sınıf,Eşit Ağırlık,Tier 2,Düşük,3 Aylık,5140.0,2025-09-02,11.7,0.944,12.7,12.1,3.6,2,8.2,1,24,42.5,-5.21,2,4.1,1,3.3,299,1,0,0
STU101828,Mezun,Eşit Ağırlık,Tier 2,Yüksek,Aylık,1779.0,2025-07-28,12.9,0.699,19.8,13.7,4.5,25,31.2,1,23,46.6,-0.35,0,0.9,2,5.0,300,0,0,0
STU102973,Mezun,Eşit Ağırlık,Tier 2,Düşük,Aylık,1819.0,2026-07-10,1.5,0.923,12.3,11.5,3.9,15,6.0,3,2,39.9,0.61,2,5.5,1,3.9,302,0,0,0
STU100232,Mezun,Eşit Ağırlık,Tier 1 (Büyükşehir),Yüksek,Aylık,1763.0,2025-03-13,17.4,0.588,14.7,10.2,4.6,9,23.2,1,29,58.2,-1.68,2,2.7,0,2.3,303,0,0,0
STU101471,11. Sınıf,Sayısal,Tier 1 (Büyükşehir),Düşük,Yıllık,15658.0,2026-02-02,6.7,0.701,13.1,9.0,1.0,5,15.7,1,14,63.6,-0.81,0,10.4,3,4.4,663,0,0,0
STU101050,12. Sınıf,Sayısal,Tier 1 (Büyükşehir),Düşük,Aylık,1750.0,2026-07-10,1.5,0.571,11.9,4.9,3.7,17,15.4,2,3,52.3,-1.3,0,8.9,0,3.4,303,0,0,0
STU102510,12. Sınıf,Sözel,Tier 1 (Büyükşehir),Düşük,3 Aylık,5432.0,2025-12-24,8.0,0.734,15.5,11.0,4.9,12,40.1,1,8,69.3,-2.1,1,3.1,0,4.4,298,0,0,0
STU103211,12. Sınıf,Sözel,Tier 2,Orta,Aylık,1784.0,2026-05-13,3.4,0.611,19.8,10.3,3.1,10,26.1,3,7,47.6,1.13,4,0.7,1,3.6,299,0,0,1
STU102979,Mezun,Sayısal,Tier 1 (Büyükşehir),Orta,Aylık,1826.0,2026-06-12,2.4,0.541,12.9,5.6,5.3,10,7.0,1,6,43.7,0.99,0,1.4,2,4.0,299,0,0,0
STU102744,12. Sınıf,Sayısal,Tier 3,Orta,Yıllık,16905.0,2026-04-10,4.5,0.685,15.0,9.0,6.4,7,7.9,5,10,53.6,-4.31,1,1.6,0,4.6,298,0,0,0
STU100762,11. Sınıf,Sayısal,Tier 2,Orta,Aylık,1905.0,2026-05-28,2.9,0.779,14.0,10.9,3.8,35,16.8,0,9,48.1,-3.85,2,1.7,0,4.8,667,1,0,0
STU101531,11. Sınıf,Sözel,Tier 1 (Büyükşehir),Düşük,Aylık,1846.0,2025-12-27,7.9,0.46,11.2,5.1,3.4,6,40.0,3,17,63.9,1.33,4,2.2,3,3.0,665,1,0,0
STU101042,12. Sınıf,Dil,Tier 1 (Büyükşehir),Düşük,Yıllık,17751.0,2025-05-16,15.3,0.711,15.6,9.9,6.1,2,15.1,3,30,43.7,1.32,2,0.1,0,4.7,297,0,0,0
STU102707,11. Sınıf,Sayısal,Tier 2,Yüksek,Yıllık,16986.0,2026-02-08,6.5,0.99,9.3,10.1,3.4,4,5.0,2,14,69.5,-1.74,2,1.6,3,2.9,668,0,0,0
STU101509,12. Sınıf,Sayısal,Tier 2,Yüksek,Yıllık,16684.0,2026-07-22,1.1,0.642,13.6,8.1,2.0,1,27.2,2,3,59.5,2.54,2,5.7,1,3.6,297,1,0,1
STU101947,Mezun,Sayısal,Tier 3,Yüksek,3 Aylık,4831.0,2025-10-18,10.2,0.918,10.2,10.8,3.5,7,41.2,0,24,57.2,-5.26,0,16.7,1,3.5,302,0,0,1
STU102018,12. Sınıf,Sayısal,Tier 2,Yüksek,3 Aylık,4952.0,2026-07-04,1.7,0.855,13.3,8.0,4.6,9,70.4,0,3,50.4,3.74,2,2.7,1,3.5,299,1,0,1
STU100731,11. Sınıf,Sayısal,Tier 1 (Büyükşehir),Orta,Aylık,1825.0,2026-05-07,3.6,0.557,19.0,11.8,4.6,17,26.7,4,8,43.7,2.7,2,0.5,2,3.2,666,0,0,0
STU103358,12. Sınıf,Sayısal,Tier 1 (Büyükşehir),Yüksek,3 Aylık,5099.0,2026-06-09,2.5,0.816,14.6,12.1,4.0,4,4.0,0,5,60.8,-0.2,3,2.8,2,4.1,303,0,0,0
STU102355,Mezun,Sözel,Tier 1 (Büyükşehir),Yüksek,Aylık,1729.0,2026-08-09,0.5,0.844,16.2,13.6,3.0,2,27.6,0,1,48.8,3.15,1,0.1,0,3.9,302,0,0,0
STU102901,Mezun,Sayısal,Tier 1 (Büyükşehir),Orta,Aylık,1808.0,2026-03-07,5.6,0.913,16.5,12.7,2.9,9,20.9,3,11,41.4,2.53,2,0.9,4,3.3,297,0,0,0
STU100828,Mezun,Sözel,Tier 3,Yüksek,Yıllık,18003.0,2026-07-04,1.7,0.99,15.6,16.7,4.1,13,7.0,2,3,43.6,-2.54,2,0.1,1,3.6,300,0,0,1
STU102488,11. Sınıf,Dil,Tier 2,Orta,Yıllık,16039.0,2026-02-14,6.3,0.684,14.1,9.1,4.0,1,13.2,1,10,43.9,0.33,2,0.7,2,5.0,668,0,0,0
STU100786,Mezun,Sözel,Tier 1 (Büyükşehir),Orta,3 Aylık,4958.0,2026-02-14,6.3,0.527,14.7,9.0,6.0,9,32.2,1,10,61.9,0.66,0,4.0,1,4.4,302,0,1,0
STU103482,Mezun,Sayısal,Tier 2,Orta,3 Aylık,5326.0,2026-06-15,2.3,0.713,15.5,10.9,6.4,3,12.5,1,4,66.4,-0.06,2,1.3,2,3.1,297,0,0,0
STU100897,11. Sınıf,Sözel,Tier 2,Orta,Aylık,1656.0,2026-03-19,5.2,0.683,12.6,9.0,3.5,14,2.8,0,7,55.0,2.09,3,10.0,0,3.1,663,0,1,0
STU103266,11. Sınıf,Sözel,Tier 1 (Büyükşehir),Orta,3 Aylık,5292.0,2025-12-24,8.0,0.591,14.6,9.6,4.1,21,13.9,1,14,68.6,0.7,0,1.7,2,3.5,667,0,0,1
STU100975,12. Sınıf,Eşit Ağırlık,Tier 3,Yüksek,Yıllık,14892.0,2026-06-09,2.5,0.739,14.1,10.9,4.8,10,5.8,1,6,65.1,0.15,2,16.5,0,2.1,300,0,0,0
STU101378,12. Sınıf,Sayısal,Tier 2,Orta,Aylık,1876.0,2026-03-04,5.7,0.855,15.3,13.1,2.2,13,12.4,3,16,52.3,0.52,1,3.3,3,5.0,298,0,0,0
STU102236,11. Sınıf,Eşit Ağırlık,Tier 3,Yüksek,Aylık,1823.0,2026-02-23,6.0,0.773,13.4,11.3,4.4,2,18.8,1,13,42.6,2.5,3,1.3,0,3.2,663,0,0,0
STU102415,11. Sınıf,Eşit Ağırlık,Tier 3,Orta,3 Aylık,4978.0,2025-10-30,9.8,0.678,13.6,9.5,2.3,6,15.3,2,17,50.3,0.58,1,12.2,0,3.8,666,0,0,0
STU100266,12. Sınıf,Eşit Ağırlık,Tier 2,Düşük,Aylık,1704.0,2026-06-19,2.2,0.376,8.6,3.3,2.9,23,12.5,1,4,37.3,-4.73,0,2.5,0,3.1,303,1,0,0
STU102264,12. Sınıf,Eşit Ağırlık,Tier 1 (Büyükşehir),Düşük,Aylık,1944.0,2025-10-12,10.4,0.51,8.0,3.6,4.8,37,2.5,1,18,54.3,-0.05,3,0.6,0,3.6,300,0,0,0
STU101010,12. Sınıf,Eşit Ağırlık,Tier 2,Orta,Yıllık,15444.0,2025-10-15,10.3,0.987,10.6,10.0,4.1,13,12.1,3,28,40.5,1.36,1,5.0,1,4.4,303,0,0,0
STU103393,11. Sınıf,Sayısal,Tier 1 (Büyükşehir),Yüksek,3 Aylık,5238.0,2026-05-13,3.4,0.54,17.6,9.7,7.1,5,12.0,1,7,57.3,-2.61,0,2.1,1,3.5,667,0,0,1
STU100188,12. Sınıf,Eşit Ağırlık,Tier 1 (Büyükşehir),Düşük,Aylık,1869.0,2026-05-04,3.7,0.569,17.8,11.9,4.7,3,4.0,3,8,42.6,-2.12,0,0.0,0,3.8,298,0,0,0
STU101587,12. Sınıf,Sayısal,Tier 1 (Büyükşehir),Düşük,Aylık,1885.0,2026-05-10,3.5,0.946,18.7,15.2,3.4,2,4.0,3,7,35.3,3.38,1,3.2,2,4.6,299,0,0,0
STU102858,12. Sınıf,Eşit Ağırlık,Tier 1 (Büyükşehir),Düşük,3 Aylık,5217.0,2026-06-15,2.3,0.395,14.0,5.2,4.5,1,27.4,4,5,63.0,-2.68,3,1.3,2,3.4,301,0,0,0
STU101486,Mezun,Eşit Ağırlık,Tier 2,Düşük,Yıllık,17094.0,2025-08-09,12.5,0.487,18.4,8.7,3.8,1,2.9,1,13,63.6,-1.49,4,0.5,1,3.6,299,0,0,1
STU100583,12. Sınıf,Sayısal,Tier 1 (Büyükşehir),Orta,3 Aylık,4788.0,2025-06-30,13.8,0.636,10.2,7.4,4.6,2,8.5,1,30,46.7,-0.82,2,0.3,0,3.5,300,0,0,1
STU101649,Mezun,Sayısal,Tier 3,Düşük,3 Aylık,4817.0,2026-05-19,3.2,0.71,14.5,9.0,5.9,2,8.0,0,8,82.4,1.72,2,4.9,0,2.9,298,0,0,0
STU102492,11. Sınıf,Dil,Tier 1 (Büyükşehir),Orta,Yıllık,15272.0,2026-07-19,1.2,0.488,15.9,7.7,3.6,3,49.5,1,3,37.6,-2.69,0,1.7,2,2.7,663,0,0,0
STU100428,11. Sınıf,Sayısal,Tier 2,Düşük,3 Aylık,5069.0,2026-05-04,3.7,0.599,13.6,6.2,4.2,0,23.8,1,7,35.8,1.7,1,0.6,4,5.0,668,0,0,0
STU100987,11. Sınıf,Sayısal,Tier 3,Orta,Yıllık,16413.0,2026-01-02,7.7,0.52,13.3,7.9,4.5,1,15.2,1,19,45.6,-0.91,1,0.6,2,1.8,668,1,0,0
STU101874,Mezun,Eşit Ağırlık,Tier 1 (Büyükşehir),Yüksek,Aylık,1761.0,2026-02-26,5.9,0.725,10.4,5.7,1.6,22,19.5,1,8,57.9,0.6,0,0.5,2,2.7,303,0,0,0
STU101116,11. Sınıf,Sayısal,Tier 1 (Büyükşehir),Düşük,3 Aylık,5165.0,2026-05-16,3.3,0.629,21.5,11.7,4.3,2,25.7,2,4,35.8,0.44,1,2.0,1,3.5,664,0,0,1
STU100784,Mezun,Sözel,Tier 1 (Büyükşehir),Yüksek,Aylık,1828.0,2026-07-10,1.5,0.719,15.9,11.5,4.9,2,25.7,1,3,58.9,-1.66,1,0.6,1,3.8,303,1,0,0
STU101581,12. Sınıf,Eşit Ağırlık,Tier 1 (Büyükşehir),Düşük,Aylık,1677.0,2026-04-06,4.6,0.69,17.1,11.6,4.7,9,13.9,2,10,55.6,-1.11,0,3.3,0,2.6,301,0,0,0
STU100927,Mezun,Sayısal,Tier 3,Düşük,Aylık,1775.0,2025-05-25,15.0,0.362,13.3,3.8,4.4,6,49.8,2,30,76.4,3.48,4,4.2,2,4.4,300,1,0,0
STU101500,12. Sınıf,Sayısal,Tier 1 (Büyükşehir),Yüksek,Aylık,1692.0,2025-10-21,10.1,0.607,15.5,8.5,6.9,1,12.7,0,22,38.4,-4.71,2,11.3,0,4.6,303,0,0,0
STU102814,11. Sınıf,Eşit Ağırlık,Tier 1 (Büyükşehir),Orta,Yıllık,17038.0,2026-05-16,3.3,0.83,15.1,10.8,3.7,14,23.6,1,5,59.7,5.59,2,4.4,1,3.6,668,0,0,1
STU101984,12. Sınıf,Sözel,Tier 1 (Büyükşehir),Yüksek,3 Aylık,5234.0,2026-02-23,6.0,0.531,12.8,5.8,4.7,3,7.8,0,14,45.8,3.24,1,5.3,0,3.7,299,0,0,0
STU102638,Mezun,Sayısal,Tier 2,Orta,3 Aylık,4876.0,2026-07-16,1.3,0.695,17.9,13.0,3.3,1,2.5,2,3,44.9,1.53,3,1.5,0,3.5,303,0,0,1
STU102189,Mezun,Sözel,Tier 1 (Büyükşehir),Orta,3 Aylık,4716.0,2026-04-28,3.9,0.761,19.6,18.3,6.2,30,20.8,0,7,34.3,0.31,0,0.7,1,4.3,298,0,0,0
STU100095,12. Sınıf,Dil,Tier 1 (Büyükşehir),Düşük,Aylık,1645.0,2026-07-19,1.2,0.718,6.7,4.8,3.5,14,2.3,0,2,31.2,-3.86,2,16.8,0,3.2,303,1,0,0
STU101000,11. Sınıf,Sayısal,Tier 1 (Büyükşehir),Düşük,3 Aylık,4822.0,2025-11-08,9.5,0.641,13.0,8.5,1.7,1,14.5,2,19,66.3,1.18,3,2.3,1,3.3,668,1,0,0
STU102386,Mezun,Sayısal,Tier 3,Yüksek,Yıllık,16616.0,2026-01-14,7.3,0.762,18.4,14.2,3.1,12,24.3,0,12,44.4,0.3,2,0.8,0,2.8,297,0,0,0
STU101223,12. Sınıf,Eşit Ağırlık,Tier 2,Orta,Yıllık,17565.0,2025-09-11,11.4,0.517,12.2,7.8,5.6,2,9.2,5,24,47.1,0.63,2,7.7,0,3.8,300,0,0,0
STU102652,Mezun,Sayısal,Tier 2,Düşük,Aylık,1718.0,2025-11-17,9.2,0.549,13.3,9.0,3.1,6,24.7,0,25,53.3,-3.67,7,4.8,1,3.6,303,0,1,1
STU102003,12. Sınıf,Eşit Ağırlık,Tier 2,Yüksek,Aylık,1848.0,2026-03-22,5.1,0.678,17.4,14.6,5.4,23,3.8,3,11,70.3,1.02,0,4.1,1,5.0,297,0,0,0
STU103234,11. Sınıf,Sayısal,Tier 2,Orta,3 Aylık,4894.0,2026-02-08,6.5,0.977,20.9,24.034999999999997,5.8,12,6.6,2,14,45.2,0.05,2,6.1,2,4.7,667,0,0,0
STU100401,Mezun,Sözel,Tier 2,Orta,Aylık,1845.0,2026-02-05,6.6,0.476,12.9,6.7,2.5,17,42.2,5,9,39.0,0.12,4,0.1,2,5.0,303,1,0,0
STU102506,Mezun,Eşit Ağırlık,Tier 1 (Büyükşehir),Yüksek,3 Aylık,4899.0,2026-04-06,4.6,0.403,12.2,4.9,5.2,13,2.3,5,5,67.0,-0.84,3,2.2,3,4.4,303,1,0,0
STU100204,11. Sınıf,Sayısal,Tier 1 (Büyükşehir),Yüksek,3 Aylık,4776.0,2026-05-16,3.3,0.592,13.7,8.2,3.5,7,34.6,2,7,63.2,2.1,2,13.7,0,2.4,662,0,0,0
STU102458,11. Sınıf,Eşit Ağırlık,Tier 2,Düşük,3 Aylık,4689.0,2026-06-03,2.7,0.731,16.0,13.0,5.6,17,12.1,1,6,53.2,-2.62,1,0.5,0,3.5,662,0,0,1
STU102990,Mezun,Sayısal,Tier 1 (Büyükşehir),Yüksek,Aylık,1758.0,2026-06-06,2.6,0.945,14.2,13.0,5.9,5,23.1,2,5,79.5,3.03,0,4.3,1,4.6,299,0,0,0
STU103067,11. Sınıf,Eşit Ağırlık,Tier 2,Orta,Yıllık,16701.0,2026-05-04,3.7,0.876,17.6,12.6,4.8,9,13.0,2,7,66.0,-2.42,1,2.0,0,2.7,667,0,0,0
STU100930,12. Sınıf,Sayısal,Tier 3,Yüksek,Aylık,1749.0,2026-02-23,6.0,0.555,9.7,5.7,4.4,7,40.1,3,10,30.2,-1.46,2,4.8,1,4.8,298,1,0,0
STU101815,12. Sınıf,Sayısal,Tier 1 (Büyükşehir),Düşük,Aylık,1748.0,2025-07-07,13.6,0.634,12.0,6.7,4.6,11,16.9,3,27,43.2,3.86,1,2.1,0,3.4,300,0,0,0
STU100766,11. Sınıf,Eşit Ağırlık,Tier 1 (Büyükşehir),Yüksek,3 Aylık,5372.0,2026-04-25,4.0,0.744,15.8,11.0,5.5,7,7.6,2,11,73.1,-0.29,0,1.7,1,5.0,666,0,0,0
STU102470,12. Sınıf,Sayısal,Tier 1 (Büyükşehir),Orta,3 Aylık,4891.0,2026-03-31,4.8,0.553,11.5,7.3,3.4,5,39.1,0,9,45.6,3.32,1,6.3,1,3.4,299,0,0,0
STU103325,Mezun,Eşit Ağırlık,Tier 1 (Büyükşehir),Orta,Aylık,1700.0,2026-02-08,6.5,0.575,6.8,4.1,4.7,9,30.8,1,13,46.2,3.29,1,1.9,0,2.9,298,0,0,0
STU102665,Mezun,Eşit Ağırlık,Tier 2,Yüksek,3 Aylık,4652.0,2025-06-27,13.9,0.448,11.6,6.4,4.3,4,87.9,2,27,49.5,0.52,1,3.4,0,4.4,300,1,0,0
STU102678,12. Sınıf,Sayısal,Tier 1 (Büyükşehir),Düşük,Aylık,1786.0,2025-11-08,9.5,0.725,14.7,8.4,3.5,6,36.7,2,22,68.9,1.73,3,4.9,1,3.0,303,1,0,0
STU100005,Mezun,Eşit Ağırlık,Tier 1 (Büyükşehir),Yüksek,3 Aylık,4886.0,2025-11-20,9.1,0.49,15.8,6.9,3.0,1,16.1,5,14,44.2,-4.21,3,7.4,2,4.4,301,1,0,0
STU100797,11. Sınıf,Eşit Ağırlık,Tier 1 (Büyükşehir),Düşük,Yıllık,17890.0,2025-08-24,12.0,0.575,14.7,7.4,5.0,4,12.9,1,21,59.6,3.86,0,1.2,1,2.7,665,0,0,0
STU103161,Mezun,Sözel,Tier 1 (Büyükşehir),Orta,3 Aylık,5495.0,2026-02-23,6.0,0.828,14.0,12.0,4.4,10,20.9,1,15,57.6,-1.03,1,4.2,0,3.5,300,0,0,1
STU102050,Mezun,Sayısal,Tier 1 (Büyükşehir),Orta,Aylık,1817.0,2026-07-01,1.8,0.682,8.9,6.2,4.4,3,25.1,3,5,53.0,-4.74,1,2.5,2,3.6,301,0,0,0
STU102919,12. Sınıf,Eşit Ağırlık,Tier 2,Orta,Yıllık,16896.0,2026-07-01,1.8,0.38,9.5,3.7,3.6,10,6.3,2,4,40.7,0.32,4,1.6,0,1.5,299,1,0,0
STU103110,12. Sınıf,Eşit Ağırlık,Tier 2,Düşük,Aylık,1809.0,2026-04-22,4.1,0.218,16.8,3.8,4.3,23,21.1,1,9,54.6,-0.89,1,0.8,2,2.3,299,0,0,0
STU101505,12. Sınıf,Eşit Ağırlık,Tier 3,Orta,Aylık,1751.0,2025-08-21,12.1,0.662,6.0,3.2,4.6,31,8.1,5,29,46.8,-1.92,3,2.8,0,2.7,303,1,0,0
STU100831,12. Sınıf,Dil,Tier 1 (Büyükşehir),Düşük,3 Aylık,5199.0,2026-03-07,5.6,0.608,12.8,7.5,3.7,4,32.4,2,11,54.1,-3.66,4,7.1,2,3.2,301,0,0,0
STU101047,Mezun,Sayısal,Tier 2,Düşük,Yıllık,15755.0,2026-01-14,7.3,0.603,12.1,6.3,4.3,3,11.4,1,12,48.6,-0.31,2,4.7,1,2.8,302,0,0,0
STU103182,12. Sınıf,Eşit Ağırlık,Tier 1 (Büyükşehir),Orta,Aylık,1852.0,2025-06-27,13.9,0.426,16.3,9.0,3.8,50,19.6,2,30,44.3,0.48,0,3.4,0,2.9,297,1,1,0
STU103493,12. Sınıf,Eşit Ağırlık,Tier 2,Düşük,Aylık,1826.0,2026-05-04,3.7,0.723,12.4,8.0,1.9,1,20.4,2,5,53.3,0.15,0,2.0,1,1.2,299,0,0,0
STU101362,12. Sınıf,Sayısal,Tier 1 (Büyükşehir),Orta,3 Aylık,4916.0,2026-03-31,4.8,0.662,14.6,10.2,4.9,13,11.9,2,7,44.8,-0.08,1,2.6,2,3.5,299,0,0,1
STU102270,12. Sınıf,Sözel,Tier 2,Orta,Aylık,1823.0,2026-02-02,6.7,0.66,15.1,8.1,4.4,6,9.7,1,12,48.6,4.14,0,0.3,1,3.0,303,0,0,0
STU101465,12. Sınıf,Sayısal,Tier 3,Orta,3 Aylık,4744.0,2026-04-19,4.2,0.982,13.6,13.7,4.6,23,14.9,1,6,37.3,-1.5,0,0.6,3,3.7,300,0,0,0
STU100795,12. Sınıf,Sayısal,Tier 3,Düşük,3 Aylık,4941.0,2026-05-13,3.4,0.871,13.9,9.2,4.9,2,3.5,1,7,49.4,2.82,1,8.2,0,4.8,303,0,0,0
STU102459,12. Sınıf,Sayısal,Tier 1 (Büyükşehir),Orta,Yıllık,16045.0,2026-04-13,4.4,0.506,13.6,5.4,2.1,3,40.5,5,9,45.3,-2.67,1,0.1,1,3.4,303,0,0,0
STU102862,12. Sınıf,Eşit Ağırlık,Tier 2,Orta,Aylık,1685.0,2026-01-17,7.2,0.746,15.3,12.0,5.7,24,13.6,1,11,63.6,1.44,2,2.5,1,2.6,301,0,0,0
STU103424,11. Sınıf,Sayısal,Tier 1 (Büyükşehir),Düşük,3 Aylık,5081.0,2026-03-31,4.8,0.403,12.7,5.1,1.0,41,18.9,2,8,67.7,4.43,4,5.5,1,3.5,663,1,0,1
STU103470,12. Sınıf,Sözel,Tier 1 (Büyükşehir),Yüksek,Aylık,1814.0,2026-07-10,1.5,0.564,17.8,9.0,4.7,25,12.3,0,3,43.4,-0.71,1,4.0,3,3.4,301,1,1,0
STU102350,11. Sınıf,Dil,Tier 3,Orta,3 Aylık,4570.0,2026-07-31,0.8,0.653,15.1,11.3,4.5,4,19.5,0,2,34.7,1.67,1,1.3,3,3.5,668,0,0,1
STU100183,12. Sınıf,Eşit Ağırlık,Tier 2,Orta,Aylık,1856.0,2026-02-11,6.4,0.543,14.4,7.1,5.8,1,9.3,1,9,50.1,-0.35,1,10.7,0,3.6,300,1,0,1
STU101973,12. Sınıf,Sayısal,Tier 1 (Büyükşehir),Yüksek,Aylık,1763.0,2025-11-27,8.9,0.743,10.4,9.3,5.4,5,40.8,6,21,55.9,-0.18,2,7.4,0,4.2,302,0,0,0
STU100576,Mezun,Eşit Ağırlık,Tier 2,Orta,Yıllık,16442.0,2026-03-25,5.0,0.801,12.4,7.7,4.2,8,26.7,1,9,64.2,5.63,1,1.4,2,5.0,301,0,0,0
STU101395,11. Sınıf,Eşit Ağırlık,Tier 1 (Büyükşehir),Yüksek,3 Aylık,4799.0,2026-04-06,4.6,0.469,14.8,5.3,2.7,0,25.6,1,11,33.3,-1.92,5,6.7,1,3.7,662,0,0,0
STU103087,12. Sınıf,Dil,Tier 1 (Büyükşehir),Orta,Yıllık,15743.0,2025-10-15,10.3,0.568,12.2,5.8,3.3,3,24.1,2,15,48.5,-1.41,2,1.2,2,2.5,297,0,0,0
STU100395,12. Sınıf,Eşit Ağırlık,Tier 1 (Büyükşehir),Düşük,Yıllık,16485.0,2025-05-04,15.7,0.465,11.7,5.5,5.7,6,10.6,4,29,65.6,0.53,0,0.4,1,2.8,299,0,0,0
STU101712,Mezun,Dil,Tier 1 (Büyükşehir),Düşük,3 Aylık,4939.0,2026-03-16,5.3,0.529,20.2,10.0,3.6,12,15.0,1,8,39.3,-4.03,4,2.4,2,3.6,298,0,0,0
STU103254,11. Sınıf,Eşit Ağırlık,Tier 1 (Büyükşehir),Yüksek,3 Aylık,4785.0,2026-06-12,2.4,0.747,11.0,7.6,5.3,3,6.3,2,3,69.7,-1.31,1,0.5,0,3.7,664,0,0,0
STU101688,12. Sınıf,Sözel,Tier 2,Yüksek,Aylık,1799.0,2025-05-07,15.6,0.558,15.1,7.4,3.2,22,9.4,3,41,51.9,0.55,5,4.4,2,4.0,302,0,0,0
STU101272,12. Sınıf,Sayısal,Tier 2,Düşük,Yıllık,16892.0,2026-07-01,1.8,0.689,18.2,13.0,3.6,38,18.9,1,4,49.4,1.85,0,1.7,4,3.6,301,1,0,1
STU100488,12. Sınıf,Dil,Tier 2,Orta,Aylık,1803.0,2026-06-19,2.2,0.821,14.1,10.1,5.2,2,11.5,1,4,59.8,-2.64,1,3.5,0,2.5,303,1,0,0
STU100448,11. Sınıf,Sözel,Tier 3,Düşük,3 Aylık,4768.0,2026-05-10,3.5,0.613,22.3,12.5,3.8,8,13.3,2,7,60.6,-2.23,3,2.3,0,3.6,662,0,0,0
STU101685,11. Sınıf,Sözel,Tier 1 (Büyükşehir),Orta,Aylık,1969.0,2025-12-27,7.9,0.405,15.6,6.4,3.5,24,43.2,6,13,48.9,-0.42,2,9.0,3,1.3,663,1,0,0
STU100374,11. Sınıf,Dil,Tier 2,Orta,3 Aylık,4543.0,2026-06-06,2.6,0.717,15.0,8.9,4.5,7,13.2,3,7,55.7,-5.47,4,1.3,0,3.5,665,0,0,1
STU100767,11. Sınıf,Sözel,Tier 1 (Büyükşehir),Yüksek,Aylık,1877.0,2026-05-31,2.8,0.871,13.8,10.0,4.4,56,21.0,0,4,53.2,-0.79,1,3.5,1,3.6,663,1,0,1
STU101100,11. Sınıf,Eşit Ağırlık,Tier 2,Orta,Aylık,1754.0,2026-07-04,1.7,0.846,15.6,12.5,5.3,6,25.7,2,3,50.5,-2.08,0,1.9,1,3.8,668,0,0,0
STU102953,Mezun,Sayısal,Tier 2,Yüksek,3 Aylık,5071.0,2026-03-22,5.1,0.559,19.5,9.3,4.6,48,12.7,2,10,40.8,-1.12,2,10.0,0,3.5,298,1,0,1
STU101127,12. Sınıf,Sayısal,Tier 3,Orta,3 Aylık,4563.0,2025-12-21,8.1,0.588,12.0,7.3,4.8,21,13.1,2,20,35.6,-1.11,1,0.8,2,2.7,302,1,0,0
STU102737,12. Sınıf,Eşit Ağırlık,Tier 1 (Büyükşehir),Yüksek,Aylık,1856.0,2025-11-17,9.2,0.708,15.9,9.1,6.1,6,17.0,0,20,52.2,2.4,0,0.4,0,3.6,302,0,0,1
STU103350,11. Sınıf,Dil,Tier 1 (Büyükşehir),Düşük,Aylık,1886.0,2026-03-19,5.2,0.821,18.9,13.8,3.6,5,35.1,2,8,49.1,0.9,0,6.8,1,1.7,667,0,0,0
STU101244,12. Sınıf,Sayısal,Tier 1 (Büyükşehir),Yüksek,Yıllık,17207.0,2026-02-17,6.2,0.601,16.1,7.7,3.7,38,23.0,1,9,57.6,3.55,1,1.6,1,3.6,300,0,0,1
STU100555,11. Sınıf,Sözel,Tier 1 (Büyükşehir),Orta,Yıllık,16679.0,2026-01-08,7.5,0.527,13.4,6.8,3.7,27,17.4,3,19,64.5,1.05,1,1.8,2,3.0,667,1,0,0
STU102512,11. Sınıf,Sayısal,Tier 2,Düşük,Aylık,1628.0,2026-01-26,6.9,0.488,10.8,5.3,3.7,10,41.7,0,13,48.5,-1.22,1,8.5,1,3.2,664,1,0,0
STU102509,12. Sınıf,Sözel,Tier 2,Yüksek,Aylık,1841.0,2025-12-15,8.3,0.646,16.0,12.2,6.1,16,23.0,1,18,62.9,1.75,0,2.5,1,4.3,303,0,0,0
STU101134,Mezun,Eşit Ağırlık,Tier 1 (Büyükşehir),Orta,Aylık,1675.0,2025-06-15,14.3,0.503,9.3,4.6,3.8,30,21.0,1,32,48.7,0.8,1,9.6,1,4.1,303,1,0,0
STU102392,12. Sınıf,Eşit Ağırlık,Tier 2,Yüksek,3 Aylık,4931.0,2026-02-20,6.1,0.686,11.4,7.8,3.8,0,14.9,2,12,57.1,1.89,0,6.7,1,3.5,301,0,0,1
STU102198,11. Sınıf,Sözel,Tier 1 (Büyükşehir),Orta,Aylık,1712.0,2026-03-22,5.1,0.711,8.7,9.0,4.9,8,2.0,1,9,51.6,0.63,3,7.0,1,2.3,665,0,1,0
STU101884,12. Sınıf,Sayısal,Tier 1 (Büyükşehir),Orta,3 Aylık,4929.0,2026-07-07,1.6,0.831,11.2,9.8,3.9,14,15.7,2,3,83.3,2.69,1,4.0,1,5.0,300,1,0,0
STU100492,12. Sınıf,Sayısal,Tier 1 (Büyükşehir),Düşük,3 Aylık,5059.0,2026-07-07,1.6,0.577,13.6,7.0,1.1,6,39.4,0,4,49.4,-0.74,1,0.2,1,3.5,302,1,0,1
STU102790,Mezun,Eşit Ağırlık,Tier 2,Yüksek,Aylık,1778.0,2025-09-18,11.2,0.665,15.7,10.1,3.3,9,15.8,2,22,50.6,-3.59,1,0.2,3,3.7,299,0,0,0
STU101085,12. Sınıf,Sözel,Tier 2,Orta,Yıllık,15647.0,2026-05-01,3.8,0.716,15.0,11.6,4.6,19,7.4,1,8,83.0,1.49,0,3.2,0,3.1,303,0,0,0
STU103236,Mezun,Sayısal,Tier 1 (Büyükşehir),Düşük,Yıllık,16957.0,2025-12-18,8.2,0.82,16.2,11.0,4.7,36,8.4,0,16,62.2,-5.69,0,2.3,2,3.6,299,0,0,1
STU102957,11. Sınıf,Eşit Ağırlık,Tier 1 (Büyükşehir),Düşük,Aylık,1942.0,2026-06-12,2.4,0.745,18.1,14.6,2.0,4,24.9,2,5,50.9,0.14,1,1.4,3,3.6,668,0,0,0
STU100636,12. Sınıf,Eşit Ağırlık,Tier 1 (Büyükşehir),Yüksek,3 Aylık,5443.0,2026-03-25,5.0,0.733,14.2,11.0,4.6,1,20.6,1,8,50.2,-0.54,1,1.5,1,3.6,297,1,0,0
STU102710,Mezun,Sayısal,Tier 3,Düşük,Yıllık,17259.0,2026-01-17,7.2,0.657,17.6,13.0,4.4,3,59.7,3,12,36.6,-1.49,4,5.7,0,3.6,298,0,0,0
STU102898,12. Sınıf,Eşit Ağırlık,Tier 3,Düşük,3 Aylık,5062.0,2026-06-06,2.6,0.99,15.2,17.4,5.1,5,24.7,2,5,63.3,-0.31,0,0.7,2,3.5,298,0,0,1
STU100652,12. Sınıf,Eşit Ağırlık,Tier 1 (Büyükşehir),Yüksek,3 Aylık,4408.0,2026-04-06,4.6,0.736,13.7,10.9,4.9,14,11.1,0,10,46.9,-0.58,0,0.8,1,4.6,299,1,0,0
STU100149,11. Sınıf,Sözel,Tier 1 (Büyükşehir),Düşük,3 Aylık,5221.0,2026-04-06,4.6,0.817,17.0,9.0,3.1,6,3.7,2,11,62.1,-0.14,2,3.1,1,4.2,664,0,1,0
STU103402,12. Sınıf,Eşit Ağırlık,Tier 3,Orta,3 Aylık,4590.0,2025-10-15,10.3,0.604,11.6,7.7,4.7,10,19.7,3,15,48.1,-3.38,2,2.8,1,4.9,302,0,0,0
STU101972,12. Sınıf,Dil,Tier 2,Orta,Yıllık,16168.0,2026-01-14,7.3,0.59,13.9,7.1,5.2,9,57.1,1,14,38.6,1.75,4,2.8,2,4.3,299,1,0,0
STU103219,12. Sınıf,Eşit Ağırlık,Tier 1 (Büyükşehir),Orta,3 Aylık,4818.0,2025-03-04,17.7,0.459,13.8,5.6,4.6,25,12.5,3,26,45.9,-1.02,3,4.8,0,3.5,302,1,0,0
STU102255,12. Sınıf,Eşit Ağırlık,Tier 1 (Büyükşehir),Yüksek,Aylık,1722.0,2026-03-10,5.5,0.726,17.9,12.8,7.1,5,6.7,1,13,50.2,-3.81,3,4.1,0,5.0,297,0,0,0
STU101938,11. Sınıf,Dil,Tier 3,Orta,Aylık,1780.0,2026-04-22,4.1,0.912,18.9,19.0,4.8,14,3.2,4,8,39.7,0.95,1,0.5,0,4.3,664,1,0,0
STU100396,Mezun,Sayısal,Tier 2,Yüksek,Aylık,1776.0,2026-06-03,2.7,0.635,14.8,9.4,4.8,22,38.6,2,6,53.3,2.43,3,9.4,0,3.6,302,0,0,1
STU103472,12. Sınıf,Sayısal,Tier 3,Orta,3 Aylık,4907.0,2026-04-28,3.9,0.848,17.2,15.2,2.7,10,14.8,2,7,42.8,0.7,1,11.3,0,4.5,303,0,0,0
STU101575,11. Sınıf,Sayısal,Tier 1 (Büyükşehir),Orta,3 Aylık,5070.0,2026-04-16,4.3,0.99,11.6,10.9,6.1,3,12.5,0,6,48.2,-1.21,2,6.9,2,3.5,668,0,0,1
STU100163,11. Sınıf,Eşit Ağırlık,Tier 1 (Büyükşehir),Orta,3 Aylık,5046.0,2026-06-28,1.9,0.857,16.4,11.1,6.1,18,21.9,3,5,41.1,-3.01,1,11.3,0,1.9,665,1,0,0
STU103433,11. Sınıf,Eşit Ağırlık,Tier 2,Yüksek,3 Aylık,4886.0,2026-02-17,6.2,0.442,17.1,6.9,4.3,8,50.6,2,14,47.6,0.33,3,3.1,1,3.2,668,0,0,0
STU100036,11. Sınıf,Sayısal,Tier 3,Orta,Aylık,1776.0,2026-06-19,2.2,0.821,15.3,13.1,3.7,16,11.5,1,4,64.1,0.57,0,3.8,1,3.6,667,0,0,1
STU100761,11. Sınıf,Sözel,Tier 1 (Büyükşehir),Orta,Yıllık,17752.0,2026-05-16,3.3,0.495,15.8,7.6,4.1,7,32.3,4,5,75.2,3.54,5,4.5,0,2.3,664,0,0,0
STU101868,12. Sınıf,Sözel,Tier 1 (Büyükşehir),Orta,Aylık,1807.0,2026-04-13,4.4,0.735,18.5,13.0,4.9,42,8.6,0,11,45.0,0.71,1,5.5,1,3.4,301,0,0,0
STU101209,12. Sınıf,Sayısal,Tier 3,Orta,Yıllık,15759.0,2026-05-01,3.8,0.788,13.3,9.6,5.7,1,9.7,2,5,34.1,1.45,1,9.8,0,3.6,303,0,0,1
STU100363,11. Sınıf,Sayısal,Tier 1 (Büyükşehir),Orta,Yıllık,16312.0,2025-08-27,11.9,0.629,12.0,7.4,3.4,3,32.1,3,26,61.1,-0.13,0,1.5,1,3.2,668,0,0,0
STU101133,12. Sınıf,Sayısal,Tier 1 (Büyükşehir),Yüksek,Yıllık,16919.0,2026-04-13,4.4,0.909,18.0,17.6,5.1,41,11.8,1,9,56.5,-0.66,3,1.9,4,3.6,302,0,0,1
STU100328,12. Sınıf,Dil,Tier 1 (Büyükşehir),Yüksek,Aylık,1861.0,2026-01-30,6.8,0.882,13.4,10.0,4.9,20,27.2,0,13,57.0,2.27,1,0.6,1,3.6,303,0,0,1
STU103198,11. Sınıf,Eşit Ağırlık,Tier 2,Orta,3 Aylık,4854.0,2026-03-31,4.8,0.49,10.1,4.8,3.9,1,38.1,4,8,45.1,2.38,3,2.2,2,3.6,666,0,0,0
STU102144,12. Sınıf,Eşit Ağırlık,Tier 1 (Büyükşehir),Orta,Aylık,1861.0,2026-04-10,4.5,0.57,12.7,5.2,6.4,12,36.2,4,7,49.1,-2.95,1,1.2,0,2.4,299,0,0,0
STU102170,12. Sınıf,Eşit Ağırlık,Tier 3,Düşük,Aylık,1830.0,2026-04-25,4.0,0.484,19.5,8.7,4.3,8,6.4,2,7,47.6,0.23,1,1.3,1,2.3,302,0,0,0
STU100417,Mezun,Eşit Ağırlık,Tier 2,Yüksek,Yıllık,16590.0,2026-03-07,5.6,0.808,15.8,12.3,3.5,10,4.9,1,8,39.2,-0.56,0,5.1,1,4.6,299,0,0,0
STU103175,11. Sınıf,Sayısal,Tier 2,Orta,3 Aylık,4757.0,2025-11-08,9.5,0.426,12.2,5.3,1.9,24,19.9,0,17,60.4,-0.41,1,5.9,2,4.3,663,0,0,0
STU102627,12. Sınıf,Sayısal,Tier 1 (Büyükşehir),Orta,Aylık,1842.0,2026-03-10,5.5,0.99,15.9,16.4,4.5,7,37.9,0,12,47.4,1.34,4,0.4,1,4.1,301,0,0,0
STU103165,12. Sınıf,Eşit Ağırlık,Tier 3,Yüksek,Yıllık,17844.0,2026-02-02,6.7,0.7,20.7,14.5,4.9,9,37.1,4,12,45.6,0.12,1,9.9,2,2.0,301,0,0,0
STU103457,Mezun,Eşit Ağırlık,Tier 2,Yüksek,Aylık,1731.0,2026-08-09,0.5,0.733,11.2,7.8,4.2,3,40.8,2,1,41.3,5.17,0,7.5,1,2.4,301,0,0,0
STU102139,Mezun,Eşit Ağırlık,Tier 1 (Büyükşehir),Yüksek,Aylık,1665.0,2026-01-30,6.8,0.791,10.4,7.8,6.1,10,63.6,3,18,39.1,1.68,1,3.5,2,4.0,300,0,0,0
STU100454,11. Sınıf,Sayısal,Tier 3,Yüksek,Yıllık,16360.0,2026-03-31,4.8,0.518,6.1,3.8,5.1,26,5.5,3,13,40.6,-0.87,4,2.3,4,2.9,664,0,0,0
STU102733,12. Sınıf,Sayısal,Tier 1 (Büyükşehir),Orta,Aylık,1829.0,2026-08-09,0.5,0.863,15.7,13.5,4.3,6,4.3,1,1,77.1,5.69,1,3.4,2,3.0,299,0,0,0
STU102935,12. Sınıf,Sayısal,Tier 3,Orta,Aylık,1799.0,2026-07-25,1.0,0.557,12.1,7.2,2.0,3,36.9,5,3,59.5,-2.82,3,6.3,1,3.8,298,0,0,0
STU100087,12. Sınıf,Eşit Ağırlık,Tier 1 (Büyükşehir),Yüksek,Aylık,1784.0,2025-12-18,8.2,0.61,17.5,10.3,3.0,17,7.9,3,17,40.7,4.04,3,3.4,2,2.9,302,0,0,0
STU103169,12. Sınıf,Sözel,Tier 3,Orta,Aylık,1762.0,2026-07-16,1.3,0.915,13.5,13.1,3.2,4,10.7,5,3,61.5,-0.62,0,3.0,3,3.1,298,0,0,0
STU102397,11. Sınıf,Sözel,Tier 1 (Büyükşehir),Yüksek,Yıllık,17281.0,2026-07-16,1.3,0.763,14.2,10.1,3.7,3,15.8,2,3,52.2,-0.33,1,0.7,3,5.0,667,0,0,0
STU102619,Mezun,Sayısal,Tier 2,Orta,3 Aylık,4691.0,2025-10-06,10.6,0.926,9.8,8.6,3.9,2,29.8,3,14,55.3,-1.14,2,2.3,3,2.8,303,0,0,0
STU102579,Mezun,Sözel,Tier 1 (Büyükşehir),Düşük,Aylık,1752.0,2026-03-19,5.2,0.598,14.3,8.9,3.2,22,6.7,2,8,69.6,0.97,3,4.5,1,3.5,300,1,0,0
STU102490,Mezun,Sayısal,Tier 2,Yüksek,Aylık,1810.0,2026-07-10,1.5,0.99,15.3,16.7,4.7,3,11.5,0,4,46.3,0.66,1,4.4,0,3.6,299,0,0,1
STU102005,Mezun,Sayısal,Tier 2,Orta,3 Aylık,4906.0,2026-08-09,0.5,0.57,14.3,7.9,6.3,8,23.8,1,1,51.1,-3.3,0,3.4,1,4.5,302,1,0,0
STU103027,Mezun,Sayısal,Tier 2,Düşük,Aylık,1792.0,2025-06-27,13.9,0.561,12.3,6.1,5.8,18,12.1,0,27,53.3,-0.18,1,2.8,2,4.5,301,0,0,0
STU100119,12. Sınıf,Dil,Tier 2,Yüksek,3 Aylık,4967.0,2026-02-20,6.1,0.608,10.7,7.8,3.5,7,2.9,1,13,54.0,-1.23,4,0.0,1,4.3,298,1,0,0
STU101112,12. Sınıf,Eşit Ağırlık,Tier 1 (Büyükşehir),Yüksek,Yıllık,15800.0,2026-08-09,0.5,0.625,19.3,12.7,3.9,17,6.2,3,1,62.8,0.5,1,12.2,0,3.6,300,1,0,1
STU101198,12. Sınıf,Eşit Ağırlık,Tier 2,Yüksek,Aylık,1778.0,2026-04-22,4.1,0.644,13.5,9.3,4.0,22,8.3,1,9,59.2,0.61,1,13.4,0,2.6,298,0,0,0
STU100107,11. Sınıf,Sayısal,Tier 1 (Büyükşehir),Yüksek,3 Aylık,4601.0,2025-09-05,11.6,0.597,16.4,11.5,2.9,5,12.0,3,14,57.6,-0.66,0,7.2,0,2.8,664,1,0,0
STU100437,12. Sınıf,Eşit Ağırlık,Tier 3,Düşük,Aylık,1798.0,2026-02-08,6.5,0.855,12.0,10.9,4.5,2,2.3,3,8,69.2,-1.59,2,2.0,2,3.9,298,0,0,0
STU100998,Mezun,Sözel,Tier 3,Düşük,Aylık,1836.0,2026-06-22,2.1,0.472,16.3,7.3,2.3,10,12.0,7,4,39.4,-0.31,2,1.8,0,3.8,301,0,0,0
STU102596,11. Sınıf,Sayısal,Tier 1 (Büyükşehir),Orta,Aylık,1846.0,2025-06-03,14.7,0.485,18.7,9.3,2.1,1,2.1,1,28,66.5,0.56,2,3.8,3,4.7,664,0,0,0
STU101264,12. Sınıf,Eşit Ağırlık,Tier 1 (Büyükşehir),Orta,3 Aylık,4799.0,2026-05-28,2.9,0.581,15.5,6.8,7.4,7,6.9,0,9,63.5,3.75,3,0.0,1,4.1,298,0,0,0
STU101896,12. Sınıf,Sayısal,Tier 2,Yüksek,Aylık,1756.0,2026-03-28,4.9,0.677,13.5,11.4,4.2,3,28.2,4,14,63.7,1.41,2,0.8,1,3.4,303,0,0,0
STU101343,12. Sınıf,Eşit Ağırlık,Tier 3,Orta,Aylık,1809.0,2026-05-07,3.6,0.853,13.6,10.3,3.4,18,13.9,0,8,64.1,2.12,0,10.4,1,4.4,299,1,0,0
STU102904,12. Sınıf,Sayısal,Tier 1 (Büyükşehir),Orta,3 Aylık,5040.0,2025-10-15,10.3,0.508,16.8,8.4,4.6,20,16.5,1,23,41.5,-1.77,4,3.9,3,1.1,300,1,0,0
STU100221,12. Sınıf,Eşit Ağırlık,Tier 3,Orta,Aylık,1751.0,2026-02-23,6.0,0.731,13.4,11.2,4.5,10,16.9,2,9,30.7,-1.68,0,0.3,1,4.0,302,1,0,0
STU103160,Mezun,Sayısal,Tier 1 (Büyükşehir),Orta,Aylık,1806.0,2026-06-19,2.2,0.774,8.4,5.4,3.0,33,17.8,0,4,50.1,2.34,2,2.6,3,3.3,300,1,0,0
STU102132,Mezun,Eşit Ağırlık,Tier 2,Yüksek,Aylık,1737.0,2026-07-04,1.7,0.659,17.8,14.4,4.5,26,5.3,2,4,51.4,-0.62,2,3.6,2,5.0,302,0,0,0
STU103003,12. Sınıf,Sözel,Tier 1 (Büyükşehir),Orta,Aylık,1698.0,2026-05-16,3.3,0.8,11.2,8.1,2.7,9,19.2,3,9,58.7,3.09,6,1.3,1,4.5,302,0,0,0
STU100203,11. Sınıf,Eşit Ağırlık,Tier 1 (Büyükşehir),Orta,Yıllık,17186.0,2026-03-16,5.3,0.799,15.5,14.5,5.8,2,2.1,0,13,36.3,-0.87,0,0.3,3,3.3,666,0,0,0
STU100660,11. Sınıf,Eşit Ağırlık,Tier 1 (Büyükşehir),Yüksek,Aylık,1910.0,2026-06-25,2.0,0.657,13.9,11.1,4.6,3,28.2,1,5,72.6,1.67,2,1.4,0,3.8,668,0,0,0
STU100484,11. Sınıf,Sayısal,Tier 1 (Büyükşehir),Orta,Aylık,1784.0,2025-10-15,10.3,0.907,14.1,11.5,5.3,6,9.7,2,16,52.0,5.7,1,2.2,2,3.7,665,0,0,0
STU102968,12. Sınıf,Dil,Tier 3,Orta,Aylık,1743.0,2025-11-30,8.8,0.853,18.0,16.7,5.1,21,4.1,0,17,66.3,0.73,1,0.5,1,3.1,299,0,0,0
STU102049,12. Sınıf,Eşit Ağırlık,Tier 1 (Büyükşehir),Yüksek,Aylık,1690.0,2025-12-21,8.1,0.567,19.5,9.9,3.9,26,16.0,2,20,53.6,1.38,2,3.0,1,4.6,301,1,0,0
STU101006,Mezun,Sayısal,Tier 3,Orta,3 Aylık,5184.0,2026-05-16,3.3,0.431,17.1,7.4,3.5,6,23.4,2,5,63.8,-0.18,1,3.7,2,2.9,297,1,0,0
STU101894,12. Sınıf,Eşit Ağırlık,Tier 1 (Büyükşehir),Yüksek,Aylık,1734.0,2026-07-01,1.8,0.669,12.0,8.6,4.6,1,20.3,1,3,69.6,-2.34,1,0.3,2,3.6,298,0,0,1
STU101035,12. Sınıf,Sayısal,Tier 1 (Büyükşehir),Orta,Yıllık,15793.0,2026-04-25,4.0,0.644,16.4,10.5,5.1,5,48.2,1,9,71.8,-1.64,1,0.2,3,4.7,299,1,0,0
STU100360,Mezun,Eşit Ağırlık,Tier 2,Düşük,3 Aylık,4674.0,2026-06-25,2.0,0.606,15.7,9.4,3.7,23,32.6,7,4,66.6,0.94,3,1.7,2,3.0,302,0,0,0
STU101479,12. Sınıf,Sözel,Tier 1 (Büyükşehir),Yüksek,Yıllık,17426.0,2026-06-25,2.0,0.696,17.3,10.7,6.6,8,9.8,3,5,69.9,-0.22,0,1.0,0,3.6,301,0,0,0
STU102825,12. Sınıf,Sayısal,Tier 1 (Büyükşehir),Düşük,Aylık,1823.0,2026-02-05,6.6,0.661,13.3,8.1,5.4,0,6.1,5,14,52.2,-2.41,1,11.0,2,3.5,303,0,0,0
STU100285,12. Sınıf,Sözel,Tier 1 (Büyükşehir),Düşük,Yıllık,16707.0,2026-01-26,6.9,0.564,15.0,7.8,4.0,11,26.5,1,16,38.7,2.16,0,1.7,1,3.7,300,0,0,0
STU103412,12. Sınıf,Eşit Ağırlık,Tier 2,Orta,Aylık,1706.0,2025-10-27,9.9,0.776,12.0,9.8,3.2,4,10.5,0,17,54.4,-3.33,1,2.2,1,3.0,302,1,0,0
STU100233,12. Sınıf,Eşit Ağırlık,Tier 1 (Büyükşehir),Orta,Aylık,1838.0,2025-10-30,9.8,0.735,14.9,8.6,5.8,1,7.2,1,27,58.5,0.24,1,0.3,0,3.6,298,0,0,1
STU103243,12. Sınıf,Sayısal,Tier 2,Orta,Aylık,1769.0,2025-12-21,8.1,0.704,17.5,9.0,3.2,7,6.3,3,15,23.2,-0.69,0,0.2,1,4.4,300,0,1,0
STU101522,Mezun,Sözel,Tier 1 (Büyükşehir),Düşük,Yıllık,17871.0,2026-01-20,7.1,0.78,21.2,18.4,5.1,4,19.5,2,17,53.3,2.7,1,8.2,0,3.6,299,0,0,1
STU103145,12. Sınıf,Sayısal,Tier 3,Orta,Yıllık,17158.0,2026-07-10,1.5,0.495,10.5,6.2,3.5,7,4.4,4,3,36.2,-8.46,3,2.4,3,4.0,303,1,0,0
STU100038,11. Sınıf,Sayısal,Tier 3,Orta,Yıllık,17291.0,2025-05-28,14.9,0.338,9.2,2.6,4.6,4,50.4,3,27,41.1,3.81,4,6.6,1,3.6,668,1,0,0
STU103341,Mezun,Dil,Tier 2,Yüksek,Yıllık,17837.0,2025-05-31,14.8,0.547,18.1,8.2,4.6,12,5.0,2,27,44.3,1.81,0,3.0,0,3.8,299,0,0,0
STU102740,11. Sınıf,Eşit Ağırlık,Tier 2,Orta,3 Aylık,4849.0,2026-04-03,4.7,0.748,14.5,10.1,3.2,0,17.4,3,12,45.0,-1.23,2,0.2,3,2.9,665,0,0,0
STU101985,Mezun,Sözel,Tier 1 (Büyükşehir),Orta,3 Aylık,4900.0,2026-05-13,3.4,0.842,9.6,6.7,6.7,11,0.8,2,4,57.5,0.3,1,0.2,2,3.5,298,0,0,1
STU100189,11. Sınıf,Sayısal,Tier 2,Orta,3 Aylık,4850.0,2025-09-21,11.1,0.627,14.0,10.5,2.6,3,2.6,1,30,58.7,-2.92,2,0.5,3,3.5,665,0,0,0
STU100821,12. Sınıf,Eşit Ağırlık,Tier 1 (Büyükşehir),Yüksek,3 Aylık,4984.0,2026-07-19,1.2,0.556,11.9,7.2,4.3,14,39.3,2,2,49.5,0.17,0,0.6,1,3.2,297,1,0,0
STU103154,11. Sınıf,Eşit Ağırlık,Tier 3,Yüksek,Aylık,1777.0,2025-11-24,9.0,0.784,9.8,6.8,3.7,9,12.2,1,10,55.8,2.62,1,2.8,1,3.8,666,0,0,0
STU101125,12. Sınıf,Eşit Ağırlık,Tier 3,Yüksek,Aylık,1893.0,2025-12-30,7.8,0.889,16.0,14.2,2.5,21,37.0,2,18,67.8,-0.94,0,1.4,3,3.5,299,0,0,0
STU103419,Mezun,Eşit Ağırlık,Tier 1 (Büyükşehir),Yüksek,3 Aylık,4774.0,2025-09-11,11.4,0.631,19.4,11.0,4.7,11,1.9,3,22,66.7,0.37,1,5.3,3,4.0,300,0,0,0
STU100150,Mezun,Sayısal,Tier 2,Orta,3 Aylık,4935.0,2026-01-26,6.9,0.581,13.6,6.8,5.7,2,11.6,0,14,44.6,-3.08,0,0.9,1,2.5,298,1,0,0
STU101765,11. Sınıf,Sayısal,Tier 1 (Büyükşehir),Düşük,Aylık,1867.0,2026-07-16,1.3,0.354,15.7,4.1,3.3,3,69.1,2,2,50.0,2.65,2,0.7,3,3.0,668,0,0,0
STU102942,Mezun,Sözel,Tier 1 (Büyükşehir),Düşük,3 Aylık,4664.0,2026-07-04,1.7,0.729,20.7,18.3,4.8,8,3.2,0,3,47.1,0.03,1,7.1,0,1.6,301,0,0,0
STU100076,12. Sınıf,Sözel,Tier 1 (Büyükşehir),Düşük,Aylık,1875.0,2026-02-17,6.2,0.558,9.1,4.7,2.2,9,17.2,1,15,40.6,-2.84,4,22.0,1,3.6,297,1,0,1
STU100452,12. Sınıf,Dil,Tier 2,Orta,Aylık,1794.0,2026-04-10,4.5,0.88,10.6,9.0,4.4,19,7.8,1,7,65.3,4.17,2,7.8,1,2.9,302,0,0,0
STU101530,12. Sınıf,Sayısal,Tier 1 (Büyükşehir),Orta,3 Aylık,5258.0,2026-03-22,5.1,0.516,20.2,10.2,4.0,0,26.5,1,10,64.4,-2.42,3,0.8,3,4.3,303,1,0,0
STU102441,11. Sınıf,Eşit Ağırlık,Tier 1 (Büyükşehir),Yüksek,Yıllık,15216.0,2026-02-23,6.0,0.553,8.0,4.8,4.8,10,15.0,3,14,70.3,3.85,0,8.9,0,4.2,668,0,0,0
STU103471,12. Sınıf,Sayısal,Tier 1 (Büyükşehir),Orta,3 Aylık,5164.0,2026-04-16,4.3,0.487,12.8,6.8,3.5,27,12.5,3,11,61.5,0.95,4,4.6,2,2.8,302,1,0,0
STU102663,11. Sınıf,Eşit Ağırlık,Tier 2,Orta,Yıllık,16248.0,2026-08-09,0.5,0.655,17.0,11.0,4.7,2,36.1,2,1,50.3,0.69,1,0.9,3,4.4,663,0,0,0
STU100701,12. Sınıf,Sözel,Tier 1 (Büyükşehir),Düşük,3 Aylık,4924.0,2025-12-03,8.7,0.877,14.1,12.8,3.1,6,10.8,5,22,60.2,4.97,2,15.4,3,3.0,297,0,0,0
STU101643,11. Sınıf,Sözel,Tier 1 (Büyükşehir),Yüksek,Aylık,1898.0,2025-03-25,17.0,0.622,15.7,8.0,2.2,12,8.5,1,45,56.6,2.99,2,2.0,3,3.1,668,1,0,0
STU101326,12. Sınıf,Sayısal,Tier 1 (Büyükşehir),Yüksek,3 Aylık,5329.0,2026-05-25,3.0,0.948,13.1,11.2,5.0,31,4.7,1,7,52.5,-0.76,2,0.3,1,4.9,299,0,0,0
STU103354,12. Sınıf,Sayısal,Tier 3,Yüksek,3 Aylık,4297.0,2026-06-06,2.6,0.693,15.3,9.7,4.4,1,29.1,1,4,48.2,0.28,3,7.2,1,3.2,302,0,0,0
STU101696,11. Sınıf,Eşit Ağırlık,Tier 1 (Büyükşehir),Orta,Aylık,1783.0,2026-05-16,3.3,0.722,13.6,9.2,5.2,10,22.6,0,9,49.9,-2.17,1,0.6,0,4.3,664,0,0,0
STU101429,12. Sınıf,Sayısal,Tier 3,Yüksek,3 Aylık,4762.0,2026-05-31,2.8,0.552,14.8,8.5,3.2,6,43.2,1,5,39.7,-3.79,1,2.1,2,3.5,298,1,0,1
STU102178,11. Sınıf,Sözel,Tier 1 (Büyükşehir),Yüksek,3 Aylık,4734.0,2026-01-26,6.9,0.412,13.8,9.0,4.2,2,17.5,4,18,37.9,-2.36,1,3.1,1,2.4,667,0,1,0
STU102743,Mezun,Sözel,Tier 1 (Büyükşehir),Düşük,3 Aylık,5094.0,2026-03-10,5.5,0.721,16.9,11.8,4.2,9,6.8,3,11,58.5,-1.38,0,9.2,1,4.4,302,0,0,0
STU102589,12. Sınıf,Eşit Ağırlık,Tier 1 (Büyükşehir),Orta,Aylık,1815.0,2026-07-01,1.8,0.603,8.5,5.4,3.5,15,18.6,3,3,54.1,-2.06,0,1.0,1,3.2,300,1,0,0
STU101988,Mezun,Sayısal,Tier 1 (Büyükşehir),Orta,Aylık,1911.0,2025-05-13,15.4,0.837,16.9,15.0,3.8,33,42.5,1,37,58.7,1.81,4,4.8,1,3.4,300,1,0,0
STU101096,11. Sınıf,Eşit Ağırlık,Tier 2,Yüksek,Aylık,1897.0,2026-02-05,6.6,0.974,13.1,14.7,4.5,8,2.2,2,9,52.5,1.01,2,1.0,1,3.6,665,0,0,1
STU100423,11. Sınıf,Sözel,Tier 1 (Büyükşehir),Düşük,3 Aylık,4809.0,2026-05-10,3.5,0.487,7.5,3.6,4.5,9,14.5,4,8,76.2,-2.23,0,1.4,3,2.0,665,1,0,0
STU102048,11. Sınıf,Eşit Ağırlık,Tier 2,Orta,Yıllık,18223.0,2026-07-16,1.3,0.64,8.6,5.4,3.1,21,8.0,2,3,46.3,1.64,3,7.2,0,1.8,662,1,0,0
STU102102,Mezun,Sözel,Tier 1 (Büyükşehir),Yüksek,3 Aylık,4816.0,2025-11-30,8.8,0.598,11.8,6.4,4.6,17,12.4,0,13,48.4,-0.71,4,0.5,1,3.0,300,1,0,0
STU101550,11. Sınıf,Sayısal,Tier 1 (Büyükşehir),Yüksek,3 Aylık,4526.0,2026-08-06,0.6,0.484,11.9,6.9,4.7,29,17.2,2,1,54.6,1.53,1,0.3,3,1.8,667,1,0,0
STU102585,12. Sınıf,Sözel,Tier 1 (Büyükşehir),Orta,Yıllık,16947.0,2026-04-16,4.3,0.516,9.5,3.7,3.1,6,10.0,3,9,53.2,-1.17,3,2.3,1,3.1,298,0,0,0
STU101659,11. Sınıf,Sayısal,Tier 1 (Büyükşehir),Orta,Aylık,1763.0,2026-04-25,4.0,0.59,8.5,4.5,1.0,29,37.0,2,6,46.5,0.13,6,13.1,1,3.6,665,1,0,1
STU100154,11. Sınıf,Sayısal,Tier 2,Yüksek,Yıllık,16912.0,2025-11-17,9.2,0.342,9.9,2.9,3.3,7,51.4,4,19,33.9,1.27,3,5.2,1,3.7,666,0,0,0
STU102256,Mezun,Sayısal,Tier 1 (Büyükşehir),Düşük,3 Aylık,4547.0,2026-04-19,4.2,0.441,11.8,5.9,3.3,28,11.5,0,11,43.2,-3.11,4,17.2,1,3.5,299,1,0,1
STU102594,12. Sınıf,Dil,Tier 3,Düşük,3 Aylık,5153.0,2026-02-08,6.5,0.693,14.1,10.6,3.7,18,39.4,1,14,39.3,-0.89,1,5.9,0,3.1,299,0,0,0
STU102629,11. Sınıf,Sayısal,Tier 2,Orta,3 Aylık,4744.0,2026-05-13,3.4,0.67,13.7,8.3,3.0,22,41.3,1,7,55.6,-0.6,1,4.3,1,3.5,668,0,0,0
STU103269,11. Sınıf,Sayısal,Tier 1 (Büyükşehir),Orta,Aylık,1793.0,2026-01-05,7.6,0.423,18.5,6.6,5.0,9,10.7,2,20,54.3,0.09,1,2.6,2,3.6,667,0,0,1
STU103227,11. Sınıf,Sayısal,Tier 3,Düşük,Aylık,1916.0,2026-03-31,4.8,0.873,15.0,11.9,4.6,24,30.2,4,8,54.9,0.34,1,0.5,1,3.6,668,0,0,1
STU102843,11. Sınıf,Eşit Ağırlık,Tier 2,Orta,3 Aylık,4943.0,2026-06-28,1.9,0.647,15.2,8.9,5.0,10,19.0,1,6,40.6,-2.94,1,2.5,2,3.5,665,1,0,1
STU101997,12. Sınıf,Sayısal,Tier 3,Düşük,3 Aylık,4686.0,2026-03-22,5.1,0.726,16.1,10.0,4.8,7,10.6,0,13,66.3,0.55,1,3.7,1,2.3,299,0,0,0
STU100840,11. Sınıf,Sayısal,Tier 3,Yüksek,Yıllık,17773.0,2026-07-01,1.8,0.885,11.1,11.6,5.9,7,12.6,2,4,50.8,-3.27,2,0.2,5,4.1,663,0,0,0
STU102098,11. Sınıf,Eşit Ağırlık,Tier 1 (Büyükşehir),Orta,3 Aylık,4945.0,2026-01-20,7.1,0.693,18.6,13.2,3.6,3,69.3,2,14,60.8,-2.86,3,2.7,1,2.8,665,1,0,0
STU101073,Mezun,Sayısal,Tier 2,Yüksek,Aylık,1865.0,2026-04-28,3.9,0.746,17.2,13.8,6.0,7,4.5,0,7,45.0,1.45,1,5.4,1,3.6,299,0,0,0
STU101335,Mezun,Sözel,Tier 1 (Büyükşehir),Yüksek,3 Aylık,5029.0,2026-05-19,3.2,0.889,14.2,12.7,5.1,1,17.8,3,8,59.7,2.47,1,1.9,1,4.9,298,0,0,0
STU101289,12. Sınıf,Eşit Ağırlık,Tier 1 (Büyükşehir),Düşük,Aylık,1849.0,2026-07-19,1.2,0.46,16.9,6.2,4.6,6,13.6,1,3,68.7,1.73,0,0.0,1,2.6,299,0,0,0
STU102789,12. Sınıf,Sözel,Tier 3,Orta,Yıllık,18054.0,2026-05-19,3.2,0.894,17.8,15.5,3.8,11,15.9,2,7,39.7,-2.78,1,2.1,0,3.7,300,0,0,0
STU100578,Mezun,Sayısal,Tier 2,Düşük,Aylık,1779.0,2026-03-13,5.4,0.91,11.9,11.2,2.9,20,9.8,2,12,44.4,-3.7,5,4.8,1,2.9,302,1,0,0
STU102955,12. Sınıf,Eşit Ağırlık,Tier 3,Düşük,3 Aylık,5111.0,2026-05-01,3.8,0.601,8.7,9.0,2.9,5,7.7,1,8,39.8,-1.88,1,4.1,1,4.8,299,0,1,0
STU100720,12. Sınıf,Sayısal,Tier 3,Orta,Aylık,1805.0,2026-07-01,1.8,0.596,20.2,11.8,3.4,7,22.8,5,4,51.3,-1.88,1,1.5,2,3.6,300,1,0,1
STU103313,12. Sınıf,Sayısal,Tier 1 (Büyükşehir),Yüksek,Yıllık,16945.0,2026-04-22,4.1,0.73,14.8,10.1,4.9,13,5.0,0,6,57.1,1.31,4,11.1,1,3.6,302,0,0,1
STU102649,Mezun,Eşit Ağırlık,Tier 1 (Büyükşehir),Orta,3 Aylık,5049.0,2026-05-25,3.0,0.547,16.1,9.4,3.5,2,16.3,6,8,57.6,0.11,1,2.2,1,3.5,298,1,0,1
STU102274,Mezun,Sayısal,Tier 1 (Büyükşehir),Düşük,3 Aylık,4981.0,2026-01-17,7.2,0.748,13.1,12.1,5.1,2,9.0,3,16,38.9,0.48,2,1.2,1,3.2,297,0,0,0
STU100449,12. Sınıf,Sayısal,Tier 1 (Büyükşehir),Orta,3 Aylık,4377.0,2025-10-15,10.3,0.619,13.3,8.1,4.4,17,19.7,2,27,64.7,-1.95,2,8.6,1,3.9,298,1,0,0
STU101293,12. Sınıf,Dil,Tier 1 (Büyükşehir),Orta,Aylık,1931.0,2026-06-09,2.5,0.718,9.5,8.4,4.1,3,10.3,1,6,37.3,-2.8,2,5.7,2,2.6,299,0,0,0
STU100179,12. Sınıf,Sayısal,Tier 2,Orta,Aylık,1727.0,2026-06-03,2.7,0.788,16.8,11.7,3.4,32,12.1,2,7,36.0,0.25,2,2.7,1,4.1,300,0,0,0
STU100750,11. Sınıf,Sayısal,Tier 1 (Büyükşehir),Orta,Yıllık,16417.0,2026-06-15,2.3,0.765,10.9,7.2,4.4,4,15.5,1,4,42.6,0.22,1,1.1,2,3.3,668,0,0,0
STU102945,12. Sınıf,Sayısal,Tier 2,Yüksek,Aylık,1765.0,2025-12-06,8.6,0.478,14.0,4.9,6.2,13,7.2,2,15,65.5,2.57,1,6.0,2,3.6,299,0,0,0
STU101291,12. Sınıf,Sayısal,Tier 2,Orta,Yıllık,16177.0,2026-07-07,1.6,0.772,16.4,11.9,5.5,2,38.2,0,2,67.8,1.75,0,6.0,1,3.8,303,0,0,0
STU103043,12. Sınıf,Eşit Ağırlık,Tier 1 (Büyükşehir),Düşük,3 Aylık,5625.0,2026-05-25,3.0,0.518,15.6,8.5,4.0,24,20.5,5,8,48.3,4.24,0,0.4,2,4.1,297,0,0,0
STU101138,11. Sınıf,Sayısal,Tier 1 (Büyükşehir),Orta,3 Aylık,4923.0,2026-02-14,6.3,0.488,12.5,6.2,4.2,19,2.4,3,15,60.8,1.9,2,6.1,0,4.2,668,0,0,0
STU101360,12. Sınıf,Eşit Ağırlık,Tier 2,Yüksek,Aylık,1827.0,2025-12-24,8.0,0.46,15.6,7.4,4.9,26,12.4,1,16,42.5,2.81,0,10.5,1,1.9,299,0,0,0
STU100106,12. Sınıf,Sayısal,Tier 1 (Büyükşehir),Yüksek,3 Aylık,4936.0,2026-06-03,2.7,0.927,14.7,15.4,2.3,22,14.6,5,6,48.9,0.22,2,0.9,1,4.0,298,1,0,0
STU101880,12. Sınıf,Sayısal,Tier 1 (Büyükşehir),Düşük,3 Aylık,5043.0,2026-04-19,4.2,0.483,9.8,3.5,4.5,25,8.8,0,7,39.3,-3.68,1,6.3,5,4.1,301,1,0,0
STU101422,12. Sınıf,Sayısal,Tier 3,Orta,3 Aylık,5129.0,2026-08-09,0.5,0.747,11.1,7.4,4.7,1,10.2,2,1,70.5,0.96,1,1.8,2,5.0,298,0,0,0
STU102494,Mezun,Eşit Ağırlık,Tier 2,Orta,Aylık,1863.0,2025-11-17,9.2,0.61,20.2,13.1,4.1,15,13.8,2,18,60.7,-0.7,1,1.2,0,4.1,300,0,0,0
STU101279,12. Sınıf,Eşit Ağırlık,Tier 3,Orta,Aylık,1809.0,2026-06-22,2.1,0.838,12.5,10.3,2.8,21,7.0,0,6,63.5,1.77,0,13.2,3,5.0,303,0,0,0
STU100167,Mezun,Sayısal,Tier 1 (Büyükşehir),Yüksek,Aylık,1700.0,2025-07-16,13.3,0.507,13.1,8.6,3.6,36,20.8,2,26,68.1,2.01,1,0.2,2,3.2,302,1,0,0
STU101117,Mezun,Eşit Ağırlık,Tier 1 (Büyükşehir),Yüksek,Aylık,1768.0,2026-07-16,1.3,0.793,13.0,11.3,4.1,3,95.2,2,4,46.7,0.2,2,0.4,1,3.2,303,1,0,0
STU100551,11. Sınıf,Eşit Ağırlık,Tier 1 (Büyükşehir),Orta,3 Aylık,4714.0,2026-04-10,4.5,0.519,17.5,6.9,3.2,40,8.6,3,9,34.2,-0.0,0,0.3,2,3.1,664,1,0,0
STU102796,12. Sınıf,Sözel,Tier 2,Orta,Aylık,1774.0,2026-05-04,3.7,0.683,11.6,6.8,3.9,7,29.6,4,6,44.8,-0.31,1,2.5,0,2.3,303,1,0,0
STU101604,11. Sınıf,Sözel,Tier 2,Orta,3 Aylık,4996.0,2025-06-15,14.3,0.62,12.7,8.4,4.9,18,9.6,0,27,42.7,1.04,1,0.7,0,3.5,663,0,0,0
STU103106,12. Sınıf,Sözel,Tier 3,Orta,Aylık,1816.0,2026-06-28,1.9,0.904,10.5,9.4,1.9,2,7.2,3,3,62.9,-2.41,2,11.8,0,4.5,299,1,0,0
STU103153,11. Sınıf,Eşit Ağırlık,Tier 3,Düşük,Aylık,1887.0,2026-03-28,4.9,0.692,14.3,9.2,4.5,3,43.9,1,8,45.9,-0.52,1,4.6,1,2.6,663,1,0,0
STU102060,Mezun,Sözel,Tier 2,Orta,Yıllık,16644.0,2026-02-02,6.7,0.775,14.9,12.9,4.9,4,1.6,3,14,73.9,2.83,0,11.1,0,3.9,303,0,0,0
STU101450,Mezun,Sayısal,Tier 1 (Büyükşehir),Yüksek,Yıllık,16243.0,2026-03-19,5.2,0.702,6.3,4.6,3.9,17,7.2,2,11,62.6,-2.83,0,6.0,2,4.0,297,1,0,0
STU101535,12. Sınıf,Sayısal,Tier 1 (Büyükşehir),Orta,Aylık,1772.0,2026-06-19,2.2,0.753,13.5,9.5,5.8,7,13.1,2,5,47.6,0.52,0,1.0,2,4.7,299,0,0,0
STU100390,12. Sınıf,Sayısal,Tier 2,Yüksek,Aylık,1744.0,2026-02-23,6.0,0.802,12.0,9.5,3.8,45,37.4,4,15,51.0,-3.45,5,2.3,3,5.0,301,1,0,0
STU100438,12. Sınıf,Eşit Ağırlık,Tier 1 (Büyükşehir),Düşük,Aylık,1889.0,2026-01-11,7.4,0.479,12.6,5.8,3.0,14,37.1,2,16,42.2,-0.98,1,3.7,5,4.2,302,0,0,0
STU101102,Mezun,Dil,Tier 1 (Büyükşehir),Orta,3 Aylık,4417.0,2026-07-04,1.7,0.583,14.0,7.4,5.0,8,5.6,1,3,34.8,-0.93,2,0.0,1,3.6,302,0,0,0
STU101252,11. Sınıf,Sayısal,Tier 1 (Büyükşehir),Orta,3 Aylık,5079.0,2025-12-12,8.4,0.544,13.2,7.5,5.1,2,1.4,0,14,60.6,2.2,2,0.7,2,3.3,662,0,0,0
STU100621,12. Sınıf,Sözel,Tier 3,Orta,3 Aylık,5006.0,2025-12-21,8.1,0.582,13.3,5.7,2.7,6,11.2,3,17,69.1,2.24,0,6.9,0,3.1,298,0,0,0
STU102064,12. Sınıf,Dil,Tier 3,Orta,Aylık,1928.0,2026-03-25,5.0,0.551,8.6,4.4,1.6,25,3.4,2,9,19.1,2.49,1,5.0,2,2.8,303,1,0,0
STU103009,Mezun,Eşit Ağırlık,Tier 3,Yüksek,Aylık,1675.0,2026-06-12,2.4,0.503,17.7,8.6,5.3,26,32.7,2,4,56.8,1.7,3,2.1,1,5.0,300,0,0,0
STU103484,12. Sınıf,Sayısal,Tier 1 (Büyükşehir),Orta,Aylık,1860.0,2026-06-15,2.3,0.691,10.2,5.8,3.7,11,40.1,1,5,42.7,-1.81,2,2.6,1,3.2,301,1,0,0
STU100963,11. Sınıf,Dil,Tier 3,Yüksek,3 Aylık,4821.0,2026-05-07,3.6,0.985,14.6,16.79,2.9,2,27.8,0,6,53.3,-0.95,2,0.9,1,3.1,667,0,0,0
STU102873,11. Sınıf,Eşit Ağırlık,Tier 1 (Büyükşehir),Orta,Aylık,1805.0,2026-02-26,5.9,0.728,10.2,6.5,6.6,31,7.9,2,15,60.7,-1.88,4,1.4,1,4.2,664,0,0,0
STU101031,12. Sınıf,Sayısal,Tier 2,Yüksek,Aylık,1929.0,2026-04-16,4.3,0.485,16.0,8.3,4.4,1,1.3,3,10,33.1,2.87,0,2.6,2,3.6,300,0,0,1
STU102120,11. Sınıf,Eşit Ağırlık,Tier 2,Orta,3 Aylık,5077.0,2026-04-06,4.6,0.666,13.2,8.9,4.4,1,21.3,1,11,78.4,-5.57,0,0.6,1,4.1,664,0,0,0
STU100244,12. Sınıf,Sayısal,Tier 3,Yüksek,3 Aylık,4838.0,2026-07-31,0.8,0.276,16.0,4.4,4.0,9,6.2,2,1,36.6,1.67,1,2.9,1,2.7,300,0,0,0
STU103015,12. Sınıf,Eşit Ağırlık,Tier 1 (Büyükşehir),Yüksek,Aylık,1817.0,2026-04-10,4.5,0.645,14.9,10.0,4.4,9,12.1,1,7,78.2,-0.71,2,2.6,0,4.0,301,0,0,0
STU101380,12. Sınıf,Sayısal,Tier 1 (Büyükşehir),Orta,3 Aylık,4449.0,2026-05-13,3.4,0.749,13.9,9.6,3.6,11,8.7,5,6,18.5,1.77,2,8.7,1,2.6,302,1,0,0
STU101562,Mezun,Sayısal,Tier 1 (Büyükşehir),Orta,Yıllık,17159.0,2026-02-26,5.9,0.724,9.5,5.8,3.7,6,10.6,5,12,53.4,3.6,1,12.6,3,3.9,302,0,0,0
STU102677,Mezun,Sayısal,Tier 3,Orta,3 Aylık,4409.0,2026-02-11,6.4,0.657,13.8,9.1,5.9,25,18.1,1,15,52.2,2.51,1,0.7,2,2.3,300,1,0,0
STU103272,12. Sınıf,Eşit Ağırlık,Tier 1 (Büyükşehir),Orta,3 Aylık,4774.0,2026-06-06,2.6,0.736,19.0,14.0,2.3,15,24.8,6,5,68.2,-3.17,2,2.3,0,3.6,299,0,0,0
STU103304,12. Sınıf,Sözel,Tier 2,Orta,Yıllık,16972.0,2026-06-15,2.3,0.399,17.1,5.3,5.0,16,20.3,3,7,39.9,0.97,1,2.0,1,4.6,303,0,0,0
STU102472,12. Sınıf,Eşit Ağırlık,Tier 1 (Büyükşehir),Orta,Aylık,1748.0,2026-06-03,2.7,0.616,7.6,4.7,7.1,44,3.4,2,4,47.6,-2.34,1,2.6,2,2.3,297,1,0,0
STU102532,12. Sınıf,Sayısal,Tier 2,Düşük,Yıllık,16344.0,2026-03-28,4.9,0.563,14.0,8.8,5.9,11,22.6,0,7,56.9,1.31,2,2.1,3,2.3,299,0,0,0
STU102259,12. Sınıf,Sayısal,Tier 2,Düşük,Aylık,1780.0,2026-03-31,4.8,0.583,14.6,7.8,3.3,7,14.4,0,10,61.7,-0.68,0,1.0,2,3.8,301,0,0,0
STU102248,12. Sınıf,Dil,Tier 1 (Büyükşehir),Orta,3 Aylık,4746.0,2026-02-14,6.3,0.493,16.8,9.1,2.9,4,17.2,1,14,51.1,4.06,2,1.2,0,3.5,303,0,0,1
STU103345,12. Sınıf,Sayısal,Tier 2,Orta,Yıllık,17262.0,2026-03-04,5.7,0.543,20.0,10.8,4.1,30,55.4,5,11,56.8,0.51,2,0.4,1,4.5,302,1,0,0
STU103351,11. Sınıf,Sayısal,Tier 1 (Büyükşehir),Yüksek,3 Aylık,5284.0,2026-03-31,4.8,0.614,8.0,3.4,2.9,3,10.3,2,9,40.4,-0.55,2,2.1,3,4.8,664,0,0,0
STU101665,Mezun,Eşit Ağırlık,Tier 1 (Büyükşehir),Orta,3 Aylık,4966.0,2026-05-22,3.1,0.631,14.4,6.9,4.1,7,2.8,2,3,63.8,-1.2,3,0.0,2,2.8,301,0,0,0
STU101865,Mezun,Dil,Tier 2,Düşük,3 Aylık,4999.0,2025-03-19,17.2,0.602,8.3,4.9,3.2,36,11.3,1,33,45.2,-1.65,0,3.4,0,1.7,297,1,0,0
STU102164,Mezun,Sayısal,Tier 1 (Büyükşehir),Orta,3 Aylık,5007.0,2025-12-30,7.8,0.492,17.4,9.9,1.7,1,3.9,3,11,36.6,0.78,2,0.3,0,2.3,300,0,0,0
STU102779,11. Sınıf,Sayısal,Tier 3,Orta,Yıllık,15351.0,2025-08-03,12.7,0.463,14.2,7.1,3.8,5,23.9,1,32,57.5,1.02,1,1.1,1,3.3,665,0,0,0
STU103389,11. Sınıf,Eşit Ağırlık,Tier 1 (Büyükşehir),Orta,Aylık,1784.0,2026-07-31,0.8,0.636,9.3,6.1,0.8,2,27.5,3,2,52.9,-2.87,1,0.1,2,4.0,665,1,0,0
STU102135,12. Sınıf,Eşit Ağırlık,Tier 1 (Büyükşehir),Orta,3 Aylık,4711.0,2026-05-13,3.4,0.464,13.4,6.5,2.9,35,9.8,3,8,54.9,-2.61,2,5.3,1,3.1,303,1,0,0
STU102547,11. Sınıf,Sayısal,Tier 1 (Büyükşehir),Düşük,3 Aylık,4700.0,2025-10-18,10.2,0.351,11.3,2.3,2.5,15,14.0,2,12,43.8,-2.5,1,6.5,2,3.5,666,1,0,0
STU102271,12. Sınıf,Sözel,Tier 2,Düşük,3 Aylık,5012.0,2026-05-31,2.8,0.709,8.3,6.4,2.5,7,30.2,1,7,43.2,-0.82,3,7.5,1,3.6,300,1,0,0
STU101909,Mezun,Sözel,Tier 2,Düşük,Aylık,1801.0,2025-12-03,8.7,0.482,18.8,10.3,2.3,2,14.4,0,13,60.7,-0.96,2,3.7,4,2.7,302,1,0,0
STU101882,12. Sınıf,Sözel,Tier 2,Yüksek,3 Aylık,4408.0,2025-11-17,9.2,0.327,11.6,3.1,4.9,7,32.2,1,26,58.6,-2.23,2,2.3,0,3.5,301,0,0,1
STU101867,11. Sınıf,Sözel,Tier 2,Orta,Aylık,1775.0,2026-02-20,6.1,0.478,12.3,6.5,3.8,33,47.8,4,17,47.2,2.86,1,0.9,1,3.0,668,1,0,0
STU103084,Mezun,Eşit Ağırlık,Tier 1 (Büyükşehir),Orta,3 Aylık,4847.0,2026-04-19,4.2,0.99,17.9,18.8,5.3,4,19.1,1,7,68.9,1.94,1,0.1,1,4.8,299,0,0,0
STU102961,Mezun,Eşit Ağırlık,Tier 1 (Büyükşehir),Düşük,3 Aylık,4876.0,2026-05-04,3.7,0.451,7.9,4.1,4.5,15,19.5,1,6,47.1,-1.19,1,1.1,1,2.2,303,0,0,0
STU102872,11. Sınıf,Dil,Tier 1 (Büyükşehir),Yüksek,3 Aylık,4896.0,2026-05-13,3.4,0.796,7.2,4.8,4.1,17,53.9,1,6,72.2,-0.39,1,0.8,1,2.6,662,1,0,0
STU101310,12. Sınıf,Eşit Ağırlık,Tier 1 (Büyükşehir),Düşük,Yıllık,16892.0,2026-02-02,6.7,0.31,14.7,4.7,3.8,42,18.0,4,15,59.5,-3.68,2,12.2,0,3.7,297,1,0,0
STU102699,Mezun,Dil,Tier 2,Yüksek,Aylık,1902.0,2026-04-22,4.1,0.487,16.5,7.8,4.0,0,29.0,4,9,37.1,1.81,2,8.6,1,2.3,298,1,0,0
STU101877,12. Sınıf,Eşit Ağırlık,Tier 3,Düşük,3 Aylık,4864.0,2026-02-20,6.1,0.478,12.3,6.0,2.8,4,33.5,3,14,38.1,-0.71,1,0.2,1,2.8,298,1,0,0
STU102794,Mezun,Sayısal,Tier 3,Orta,Aylık,1805.0,2026-01-17,7.2,0.477,9.2,4.1,3.8,1,38.5,3,11,57.5,-1.77,0,0.1,2,4.0,299,0,0,0
STU100802,Mezun,Dil,Tier 1 (Büyükşehir),Orta,Aylık,1839.0,2026-06-09,2.5,0.554,20.0,11.4,3.2,8,9.5,0,5,38.7,1.58,3,0.3,0,3.9,303,1,0,0
STU102298,11. Sınıf,Eşit Ağırlık,Tier 3,Yüksek,3 Aylık,5175.0,2026-06-12,2.4,0.461,16.1,8.0,4.3,8,11.0,3,5,49.1,-0.52,3,4.3,1,4.0,667,1,0,0
STU102999,11. Sınıf,Eşit Ağırlık,Tier 1 (Büyükşehir),Orta,3 Aylık,5084.0,2026-01-08,7.5,0.922,11.4,12.3,5.4,4,4.5,3,16,45.8,-0.76,0,0.7,1,3.5,664,0,0,1
STU102477,11. Sınıf,Sayısal,Tier 1 (Büyükşehir),Orta,3 Aylık,5166.0,2026-04-28,3.9,0.898,13.6,12.5,5.7,7,5.4,0,8,67.6,0.16,0,10.0,5,3.5,664,0,0,1
STU101957,11. Sınıf,Eşit Ağırlık,Tier 1 (Büyükşehir),Yüksek,3 Aylık,4707.0,2026-03-07,5.6,0.511,18.4,7.7,5.8,25,12.0,1,11,38.9,-2.05,1,0.8,1,4.3,667,0,0,0
STU101349,11. Sınıf,Sözel,Tier 1 (Büyükşehir),Yüksek,Aylık,1755.0,2026-05-04,3.7,0.7,11.9,7.4,4.1,4,23.4,4,7,21.8,3.28,4,13.1,3,4.1,664,1,0,0
STU102906,Mezun,Dil,Tier 1 (Büyükşehir),Yüksek,3 Aylık,4950.0,2026-02-26,5.9,0.344,16.4,5.7,5.6,12,11.9,2,10,45.7,-1.21,3,8.0,2,3.5,298,0,0,1
STU101589,11. Sınıf,Sayısal,Tier 1 (Büyükşehir),Düşük,3 Aylık,4628.0,2026-05-10,3.5,0.682,20.5,12.3,5.2,8,17.5,2,8,35.9,-1.03,0,7.4,0,4.1,665,0,0,0
STU102839,11. Sınıf,Eşit Ağırlık,Tier 3,Düşük,Yıllık,16414.0,2026-04-22,4.1,0.693,20.4,14.1,3.0,25,32.0,1,7,59.9,-3.25,0,5.7,2,2.7,667,0,0,0
STU100226,11. Sınıf,Dil,Tier 2,Yüksek,Aylık,1729.0,2026-05-04,3.7,0.714,14.1,7.6,4.8,8,7.4,1,8,73.3,-1.6,2,5.8,0,3.9,662,0,0,0
STU102263,11. Sınıf,Dil,Tier 1 (Büyükşehir),Orta,Yıllık,15458.0,2026-07-10,1.5,0.581,14.5,10.0,3.8,14,32.1,0,2,51.1,-0.94,1,1.0,0,3.4,664,0,0,0
STU103132,11. Sınıf,Sözel,Tier 1 (Büyükşehir),Düşük,3 Aylık,4697.0,2026-04-22,4.1,0.646,16.7,11.3,3.6,4,9.5,1,7,40.0,-0.52,1,0.4,2,4.9,667,0,0,0
STU101777,12. Sınıf,Eşit Ağırlık,Tier 1 (Büyükşehir),Düşük,3 Aylık,4390.0,2026-04-13,4.4,0.469,11.7,5.1,2.2,6,7.1,3,11,39.5,-3.32,3,13.4,2,3.5,300,0,0,0
STU103173,Mezun,Eşit Ağırlık,Tier 2,Orta,Aylık,1600.0,2026-07-07,1.6,0.77,16.2,12.3,5.9,9,29.9,2,4,53.7,0.45,0,9.2,0,5.0,301,0,0,0
STU100917,11. Sınıf,Sayısal,Tier 1 (Büyükşehir),Düşük,Aylık,1667.0,2025-12-09,8.5,0.579,13.6,9.9,3.4,4,1.8,1,17,48.2,-4.31,2,4.4,1,4.1,667,0,0,0
STU103377,Mezun,Sayısal,Tier 3,Düşük,Aylık,1759.0,2026-06-09,2.5,0.746,12.0,8.0,4.6,0,37.1,1,7,50.9,-0.75,0,2.0,1,3.4,301,0,0,0
STU100873,12. Sınıf,Sayısal,Tier 1 (Büyükşehir),Orta,Aylık,1651.0,2026-04-25,4.0,0.681,20.6,14.5,6.0,2,5.8,0,5,67.9,0.81,0,1.2,0,3.9,300,0,0,0
STU100726,11. Sınıf,Eşit Ağırlık,Tier 2,Yüksek,Aylık,1713.0,2026-06-06,2.6,0.78,11.0,9.0,3.7,10,22.1,1,3,56.2,-1.78,1,0.6,1,4.7,666,0,0,0
STU102362,12. Sınıf,Eşit Ağırlık,Tier 1 (Büyükşehir),Yüksek,3 Aylık,4813.0,2026-04-28,3.9,0.807,15.8,12.6,3.3,4,20.5,2,9,57.4,1.97,6,5.4,2,3.4,300,0,0,0
STU103071,Mezun,Eşit Ağırlık,Tier 1 (Büyükşehir),Orta,Yıllık,16518.0,2026-04-03,4.7,0.491,16.3,6.4,2.6,3,29.3,1,8,62.0,2.65,2,0.3,3,2.8,299,0,0,0
STU100697,12. Sınıf,Sözel,Tier 1 (Büyükşehir),Düşük,Yıllık,16261.0,2026-02-08,6.5,0.632,14.2,8.7,4.3,7,20.0,4,13,76.7,4.24,1,3.4,0,4.7,298,0,0,0
STU102686,11. Sınıf,Eşit Ağırlık,Tier 2,Yüksek,Yıllık,16622.0,2025-10-12,10.4,0.581,16.9,9.9,4.4,26,10.6,0,22,47.3,-0.81,2,2.4,3,3.6,667,0,0,1
STU101910,11. Sınıf,Sayısal,Tier 2,Orta,Aylık,1821.0,2026-05-10,3.5,0.761,17.8,13.4,4.5,1,13.9,0,5,48.0,-0.21,2,3.5,0,3.0,663,0,0,0
STU103301,12. Sınıf,Eşit Ağırlık,Tier 1 (Büyükşehir),Yüksek,3 Aylık,4417.0,2026-07-13,1.4,0.692,13.0,9.9,2.7,5,23.6,1,3,47.3,-1.51,0,4.1,0,4.5,299,1,0,0
STU102988,11. Sınıf,Sayısal,Tier 2,Düşük,Aylık,1903.0,2025-04-28,15.9,0.526,9.1,6.1,3.5,4,15.0,3,38,49.5,-0.74,4,3.4,2,2.7,664,0,0,0
STU102305,12. Sınıf,Eşit Ağırlık,Tier 1 (Büyükşehir),Yüksek,3 Aylık,5167.0,2026-03-04,5.7,0.648,16.7,10.5,3.1,4,20.6,5,12,40.0,5.8,3,1.4,1,2.5,302,0,0,0
STU102233,Mezun,Sözel,Tier 2,Yüksek,Yıllık,18592.0,2026-06-25,2.0,0.825,9.5,6.8,3.9,7,14.7,3,4,53.1,2.65,1,1.2,1,4.4,302,0,0,0
STU100645,Mezun,Sayısal,Tier 2,Orta,Aylık,1728.0,2026-03-28,4.9,0.739,14.0,12.2,4.2,6,10.4,0,11,59.2,-3.32,0,4.3,2,4.0,299,0,0,0
STU101570,12. Sınıf,Sayısal,Tier 3,Orta,3 Aylık,4776.0,2026-06-03,2.7,0.33,12.0,4.2,3.3,3,47.0,3,4,49.4,-0.89,3,4.0,1,2.9,303,1,0,0
STU102655,Mezun,Sayısal,Tier 2,Düşük,Yıllık,17387.0,2026-07-13,1.4,0.568,15.0,7.7,2.2,2,25.3,5,2,44.7,-6.08,2,1.5,1,4.1,303,0,0,0
STU102896,Mezun,Sözel,Tier 1 (Büyükşehir),Düşük,3 Aylık,4905.0,2026-03-07,5.6,0.619,14.4,10.2,3.4,7,12.1,5,10,63.2,2.03,3,3.0,0,3.8,302,0,0,0
STU101567,11. Sınıf,Sayısal,Tier 2,Yüksek,3 Aylık,4832.0,2026-05-07,3.6,0.617,14.0,9.9,3.8,3,16.6,0,6,36.4,-4.13,3,4.0,0,1.9,667,0,0,0
STU102205,12. Sınıf,Sayısal,Tier 1 (Büyükşehir),Orta,Yıllık,17049.0,2026-03-13,5.4,0.602,12.0,8.4,7.0,29,9.7,2,8,67.4,1.36,1,3.0,0,2.9,299,0,0,0
STU100219,12. Sınıf,Eşit Ağırlık,Tier 3,Orta,Aylık,1681.0,2026-01-11,7.4,0.684,14.0,8.6,4.3,21,7.8,3,15,21.0,-4.72,2,2.2,3,3.6,299,1,0,1
STU100717,11. Sınıf,Sayısal,Tier 1 (Büyükşehir),Yüksek,Yıllık,18194.0,2026-03-25,5.0,0.99,11.8,13.57,6.8,0,36.4,4,6,64.9,2.83,1,1.5,0,4.1,664,0,0,0
STU100068,11. Sınıf,Sözel,Tier 2,Yüksek,Aylık,1693.0,2025-11-02,9.7,0.37,13.1,4.7,4.8,3,15.1,2,20,57.1,-1.19,3,2.5,1,2.8,665,1,0,0
STU101647,Mezun,Eşit Ağırlık,Tier 3,Düşük,Aylık,1791.0,2025-12-24,8.0,0.834,13.3,14.4,3.8,12,12.2,3,15,71.5,0.51,1,2.4,2,4.2,302,0,0,0
STU100335,12. Sınıf,Eşit Ağırlık,Tier 2,Orta,Yıllık,17881.0,2026-04-22,4.1,0.944,11.4,12.0,4.5,1,14.7,2,9,53.4,0.98,0,2.6,0,2.4,301,0,0,0
STU101161,12. Sınıf,Sözel,Tier 3,Yüksek,3 Aylık,4929.0,2026-05-28,2.9,0.604,13.0,10.0,4.5,5,10.5,0,4,52.3,-0.49,1,0.8,1,4.1,297,0,0,0
STU103103,Mezun,Sayısal,Tier 1 (Büyükşehir),Yüksek,Yıllık,18666.0,2026-01-11,7.4,0.903,12.9,13.1,4.9,4,16.3,1,18,37.0,0.59,4,13.6,2,2.0,297,1,0,0
STU101756,11. Sınıf,Eşit Ağırlık,Tier 1 (Büyükşehir),Düşük,Aylık,1561.0,2025-08-21,12.1,0.754,15.6,12.5,4.0,2,11.6,2,21,49.2,1.84,2,5.2,0,4.3,664,0,0,0
STU102860,12. Sınıf,Sayısal,Tier 1 (Büyükşehir),Düşük,Aylık,1611.0,2026-06-06,2.6,0.516,6.7,3.3,3.6,24,6.0,3,4,39.7,3.38,1,2.2,3,4.1,303,1,0,0
STU101540,Mezun,Sayısal,Tier 2,Orta,Aylık,1798.0,2026-01-30,6.8,0.623,13.2,5.9,1.8,8,3.1,3,10,47.1,2.68,4,7.9,3,4.1,302,0,0,0
STU100838,12. Sınıf,Eşit Ağırlık,Tier 2,Orta,3 Aylık,4956.0,2026-02-20,6.1,0.484,13.3,5.4,3.6,20,34.1,2,12,48.9,1.29,0,0.9,1,2.1,300,1,0,0
STU103095,11. Sınıf,Sayısal,Tier 1 (Büyükşehir),Yüksek,3 Aylık,4619.0,2026-03-19,5.2,0.763,7.8,7.3,5.9,15,7.1,2,7,45.9,1.21,0,11.7,1,5.0,663,0,0,0
STU103242,Mezun,Sayısal,Tier 2,Yüksek,Aylık,1843.0,2026-06-25,2.0,0.764,20.5,16.2,3.2,1,16.4,2,4,60.3,-3.68,1,1.5,0,4.6,298,0,0,0
STU103078,12. Sınıf,Dil,Tier 2,Düşük,3 Aylık,4399.0,2026-03-13,5.4,0.505,12.3,6.3,4.2,11,34.2,4,12,37.1,-4.75,0,0.8,3,2.5,302,0,0,0
STU102826,12. Sınıf,Sözel,Tier 1 (Büyükşehir),Orta,Yıllık,18400.0,2025-11-20,9.1,0.528,13.4,6.7,5.1,9,23.0,1,20,66.9,0.74,0,1.1,4,3.3,300,0,0,0
STU103401,Mezun,Eşit Ağırlık,Tier 3,Yüksek,Aylık,1786.0,2026-05-28,2.9,0.765,18.0,12.3,6.1,11,18.9,3,7,79.0,-0.92,0,1.3,1,3.6,302,0,0,1
STU100176,12. Sınıf,Sayısal,Tier 3,Orta,Aylık,1740.0,2026-03-04,5.7,0.749,19.2,17.6,5.1,10,5.1,1,11,43.8,-5.87,0,2.6,1,3.6,303,0,0,1
STU100639,Mezun,Sözel,Tier 2,Yüksek,Aylık,1746.0,2026-07-10,1.5,0.508,14.3,6.8,4.3,6,4.3,1,2,49.4,2.31,2,4.8,2,2.3,297,0,0,0
STU101162,Mezun,Eşit Ağırlık,Tier 1 (Büyükşehir),Orta,Aylık,1942.0,2026-04-19,4.2,0.369,15.2,6.3,1.8,27,5.5,3,7,45.9,2.3,1,20.8,3,2.8,298,1,0,0
STU101514,Mezun,Sayısal,Tier 1 (Büyükşehir),Düşük,Aylık,1895.0,2026-06-22,2.1,0.718,16.3,12.0,5.1,1,3.0,2,4,50.9,-2.39,2,1.2,4,2.5,302,1,0,0
STU101741,11. Sınıf,Sayısal,Tier 3,Yüksek,3 Aylık,4671.0,2026-03-01,5.8,0.766,14.5,11.4,4.4,11,7.8,1,11,61.4,-0.97,1,0.0,0,4.2,668,0,0,0
STU103256,11. Sınıf,Sözel,Tier 3,Orta,Yıllık,16853.0,2026-04-06,4.6,0.9,10.2,9.5,3.2,4,34.3,2,13,64.0,-2.91,2,2.0,2,1.9,663,0,0,0
STU100047,12. Sınıf,Dil,Tier 1 (Büyükşehir),Yüksek,Aylık,1768.0,2026-03-07,5.6,0.412,14.3,6.0,4.1,15,11.1,3,9,54.8,-0.85,1,0.9,2,2.4,302,0,0,0
STU101528,11. Sınıf,Eşit Ağırlık,Tier 2,Düşük,3 Aylık,4980.0,2026-04-25,4.0,0.521,14.3,5.9,2.0,4,2.8,1,9,49.6,2.95,4,2.0,2,1.0,662,0,0,0
STU102577,Mezun,Sayısal,Tier 3,Orta,3 Aylık,4731.0,2026-08-09,0.5,0.428,9.7,4.0,3.9,14,27.7,4,1,59.4,4.05,1,2.0,0,3.5,303,0,0,1
STU101943,11. Sınıf,Eşit Ağırlık,Tier 3,Yüksek,3 Aylık,4900.0,2026-05-22,3.1,0.797,12.5,10.2,5.4,2,21.4,0,7,75.5,3.69,0,0.0,3,3.0,664,0,0,0
STU100477,12. Sınıf,Sayısal,Tier 1 (Büyükşehir),Orta,Aylık,1962.0,2026-07-31,0.8,0.663,14.6,11.2,3.0,18,13.3,4,1,54.3,0.65,1,3.9,0,4.3,300,0,0,0
STU101436,11. Sınıf,Sayısal,Tier 1 (Büyükşehir),Orta,Aylık,1967.0,2026-05-31,2.8,0.908,12.8,10.3,4.5,2,18.3,5,7,53.1,-1.24,1,0.0,1,3.6,668,0,0,1
STU101502,12. Sınıf,Sözel,Tier 1 (Büyükşehir),Yüksek,Aylık,1899.0,2026-03-10,5.5,0.858,12.4,12.0,3.5,21,36.0,1,8,40.9,-4.1,3,5.4,1,3.0,302,1,0,0
STU101854,Mezun,Sözel,Tier 1 (Büyükşehir),Düşük,3 Aylık,4612.0,2026-08-06,0.6,0.843,15.3,12.8,4.9,46,9.8,3,1,50.5,1.1,1,4.1,1,2.6,301,1,0,0
STU103201,Mezun,Eşit Ağırlık,Tier 3,Orta,3 Aylık,4922.0,2026-05-01,3.8,0.535,12.3,5.2,3.6,5,14.0,3,5,45.9,1.32,1,0.1,3,3.7,299,0,0,0
STU100844,11. Sınıf,Eşit Ağırlık,Tier 2,Orta,Aylık,1787.0,2026-07-13,1.4,0.79,11.8,9.3,3.8,12,7.4,2,3,55.9,0.28,3,3.2,0,1.8,666,0,0,0
STU100690,12. Sınıf,Sayısal,Tier 2,Düşük,Aylık,1794.0,2026-06-15,2.3,0.606,13.9,6.8,2.4,10,28.4,1,6,51.2,0.68,2,7.1,1,2.6,297,1,0,0
STU101723,12. Sınıf,Sayısal,Tier 1 (Büyükşehir),Yüksek,3 Aylık,5125.0,2026-05-13,3.4,0.594,13.6,9.8,5.3,20,14.4,0,7,43.7,1.43,2,1.2,0,3.8,299,0,0,0
STU102213,12. Sınıf,Eşit Ağırlık,Tier 1 (Büyükşehir),Orta,Aylık,1758.0,2026-05-16,3.3,0.99,11.3,9.8,3.4,1,14.9,0,7,57.9,0.04,1,11.6,1,4.7,298,0,0,0
STU100540,Mezun,Eşit Ağırlık,Tier 2,Yüksek,Yıllık,16020.0,2026-05-19,3.2,0.73,15.4,8.4,2.6,6,11.8,3,6,39.0,2.78,1,10.4,2,4.5,302,1,0,0
STU100250,12. Sınıf,Sayısal,Tier 3,Orta,3 Aylık,5168.0,2025-11-05,9.6,0.856,14.1,11.3,3.5,1,4.2,1,21,70.4,4.35,2,0.2,2,3.5,299,0,0,1
STU101197,12. Sınıf,Eşit Ağırlık,Tier 1 (Büyükşehir),Yüksek,Aylık,1909.0,2026-04-06,4.6,0.628,13.5,8.0,5.8,18,9.8,0,7,66.0,4.5,3,0.9,0,3.2,298,1,0,0
STU103039,12. Sınıf,Eşit Ağırlık,Tier 1 (Büyükşehir),Düşük,3 Aylık,4750.0,2026-06-25,2.0,0.888,13.3,13.1,4.4,27,4.4,1,3,65.2,4.01,2,0.9,1,3.5,297,0,0,1
STU101339,12. Sınıf,Sayısal,Tier 1 (Büyükşehir),Yüksek,3 Aylık,4603.0,2026-05-25,3.0,0.627,16.1,8.5,6.0,41,25.3,2,7,67.7,0.03,0,2.9,3,3.1,301,0,0,0
STU101807,12. Sınıf,Sayısal,Tier 1 (Büyükşehir),Orta,3 Aylık,4671.0,2025-12-09,8.5,0.98,17.5,13.6,2.8,9,17.6,1,13,46.3,2.26,0,1.2,2,3.9,303,0,0,0
STU103452,11. Sınıf,Sayısal,Tier 1 (Büyükşehir),Düşük,3 Aylık,5149.0,2026-03-28,4.9,0.496,10.5,4.7,3.8,25,25.9,0,9,61.4,-0.72,1,0.4,2,3.5,666,0,0,1
STU103286,12. Sınıf,Eşit Ağırlık,Tier 1 (Büyükşehir),Orta,Yıllık,17351.0,2025-11-27,8.9,0.46,6.0,2.6,4.7,9,39.5,2,21,57.0,6.23,2,6.7,2,2.8,297,1,0,0
STU100166,Mezun,Sayısal,Tier 3,Düşük,3 Aylık,5152.0,2026-05-22,3.1,0.524,12.3,7.8,3.9,4,23.5,2,5,47.4,1.94,0,1.8,0,3.5,299,0,0,1
STU100146,12. Sınıf,Sayısal,Tier 2,Düşük,Aylık,1670.0,2026-03-07,5.6,0.891,14.8,13.7,5.2,13,37.2,0,10,58.9,0.81,1,4.9,2,3.8,300,0,0,0
STU101203,12. Sınıf,Sayısal,Tier 2,Yüksek,3 Aylık,4600.0,2026-03-25,5.0,0.917,19.1,20.9,4.3,1,28.6,1,9,66.1,-0.4,2,2.9,4,3.8,303,0,0,0
STU102245,11. Sınıf,Sayısal,Tier 2,Orta,3 Aylık,5167.0,2026-06-09,2.5,0.942,12.2,12.5,4.3,2,29.3,1,3,50.0,1.88,0,2.4,2,2.9,668,0,0,0
STU101576,Mezun,Eşit Ağırlık,Tier 3,Orta,Aylık,1791.0,2026-03-19,5.2,0.795,11.1,10.3,2.6,16,20.9,0,12,62.8,-1.84,1,16.8,1,3.6,299,0,0,1
STU100948,Mezun,Eşit Ağırlık,Tier 2,Yüksek,Aylık,1828.0,2026-05-13,3.4,0.564,12.8,6.2,3.5,37,12.0,5,8,46.9,-1.2,0,0.7,1,3.4,302,1,0,0
STU100812,Mezun,Sayısal,Tier 2,Düşük,3 Aylık,5161.0,2025-11-05,9.6,0.752,15.3,8.5,4.9,17,32.2,4,18,61.3,1.34,1,0.0,0,3.0,303,0,0,0
STU103156,11. Sınıf,Eşit Ağırlık,Tier 3,Yüksek,3 Aylık,4715.0,2026-01-23,7.0,0.527,14.5,8.2,5.5,10,20.0,2,12,52.8,-1.19,0,5.3,0,4.8,664,1,0,0
STU101165,Mezun,Sayısal,Tier 1 (Büyükşehir),Orta,3 Aylık,5275.0,2026-01-26,6.9,0.55,12.0,8.1,2.6,2,15.8,3,15,72.5,-0.71,5,2.1,0,3.5,298,1,0,0
STU103069,12. Sınıf,Sözel,Tier 1 (Büyükşehir),Orta,Aylık,1861.0,2026-06-28,1.9,0.4,10.5,4.7,3.9,6,31.4,1,3,49.3,1.62,1,5.9,1,5.0,300,0,0,0
STU100165,12. Sınıf,Sayısal,Tier 3,Düşük,Aylık,1700.0,2026-05-13,3.4,0.413,8.1,3.2,3.8,9,33.1,2,6,44.9,-1.3,3,2.5,2,3.6,303,1,0,1
STU100220,12. Sınıf,Eşit Ağırlık,Tier 1 (Büyükşehir),Düşük,Aylık,1950.0,2026-03-04,5.7,0.592,18.7,10.5,2.4,14,57.8,1,11,27.5,0.82,4,12.1,1,3.6,302,0,0,1
STU103117,12. Sınıf,Sözel,Tier 2,Yüksek,3 Aylık,5202.0,2026-07-04,1.7,0.667,19.4,13.1,4.2,2,5.4,3,3,46.3,-0.61,3,0.6,0,3.5,300,0,0,1
STU101474,12. Sınıf,Eşit Ağırlık,Tier 2,Orta,Aylık,1779.0,2026-01-30,6.8,0.567,6.6,4.0,4.0,1,21.2,0,17,39.0,0.18,2,1.7,3,3.9,297,1,0,0
STU101843,Mezun,Eşit Ağırlık,Tier 1 (Büyükşehir),Orta,3 Aylık,4896.0,2026-06-12,2.4,0.502,14.7,8.4,5.3,11,6.4,3,3,39.5,-0.41,1,4.3,2,4.9,302,0,0,0
STU102361,11. Sınıf,Sayısal,Tier 1 (Büyükşehir),Orta,Aylık,1817.0,2026-06-03,2.7,0.67,9.3,5.6,6.8,10,7.8,3,5,51.8,0.02,2,1.4,0,3.6,663,0,0,1
STU102087,12. Sınıf,Sayısal,Tier 3,Orta,Yıllık,15181.0,2026-03-16,5.3,0.46,12.6,6.8,5.0,1,22.1,2,10,59.7,1.81,2,5.3,2,3.5,299,1,0,0
STU100721,12. Sınıf,Sayısal,Tier 3,Orta,Yıllık,15056.0,2026-07-28,0.9,0.696,16.2,11.2,3.6,7,67.1,2,2,62.6,2.49,2,1.7,1,3.6,300,0,0,1
STU103007,11. Sınıf,Sayısal,Tier 2,Orta,Yıllık,16629.0,2026-04-16,4.3,0.874,10.7,11.2,4.7,3,14.3,1,7,50.1,1.45,1,2.4,2,4.1,666,0,0,0
STU100829,11. Sınıf,Sözel,Tier 1 (Büyükşehir),Düşük,Aylık,1742.0,2025-11-20,9.1,0.729,11.3,7.9,4.3,9,10.4,1,16,57.6,-1.1,1,1.2,2,2.7,665,0,0,0
STU102756,Mezun,Eşit Ağırlık,Tier 1 (Büyükşehir),Orta,3 Aylık,5016.0,2025-12-03,8.7,0.582,15.9,9.8,5.8,8,1.5,2,23,38.3,1.21,1,2.5,1,4.2,300,0,0,0
STU100349,11. Sınıf,Sayısal,Tier 1 (Büyükşehir),Yüksek,Aylık,1888.0,2026-01-30,6.8,0.777,16.2,8.9,5.6,0,0.8,1,15,44.9,1.05,1,2.2,1,4.3,663,0,0,0
STU100426,11. Sınıf,Eşit Ağırlık,Tier 2,Düşük,Yıllık,17404.0,2026-07-19,1.2,0.718,10.9,8.4,3.4,5,14.8,3,2,68.7,1.53,2,0.6,1,4.9,666,0,0,0
STU101190,12. Sınıf,Eşit Ağırlık,Tier 2,Orta,3 Aylık,4722.0,2026-05-10,3.5,0.658,16.3,9.3,5.2,0,43.3,4,7,45.8,-1.35,0,2.5,4,3.9,302,0,0,0
STU101572,12. Sınıf,Eşit Ağırlık,Tier 1 (Büyükşehir),Düşük,Yıllık,17507.0,2026-05-04,3.7,0.71,14.0,9.8,4.9,15,44.5,1,6,48.5,-0.81,2,2.7,3,4.9,302,0,0,0
STU101827,12. Sınıf,Sözel,Tier 1 (Büyükşehir),Düşük,Yıllık,16409.0,2026-03-28,4.9,0.667,14.3,9.8,5.6,6,14.9,2,11,73.7,-1.94,1,5.4,3,3.6,302,0,0,1
STU100746,12. Sınıf,Sözel,Tier 2,Yüksek,3 Aylık,5065.0,2026-03-25,5.0,0.709,15.9,11.7,4.2,1,20.0,0,11,37.4,-1.2,2,0.4,2,4.5,302,0,0,0
STU101128,12. Sınıf,Sayısal,Tier 1 (Büyükşehir),Yüksek,3 Aylık,4669.0,2026-05-31,2.8,0.713,15.5,9.1,5.5,2,67.3,1,6,46.7,-4.35,2,11.1,0,2.7,298,0,0,0
STU103008,11. Sınıf,Eşit Ağırlık,Tier 2,Orta,Aylık,1697.0,2026-05-28,2.9,0.802,12.7,10.3,4.8,44,65.4,1,6,60.2,3.48,2,1.7,0,4.0,664,0,0,0
STU101666,Mezun,Sayısal,Tier 1 (Büyükşehir),Yüksek,3 Aylık,4964.0,2025-12-15,8.3,0.619,11.3,7.5,3.8,34,36.5,2,16,46.6,2.57,1,4.6,2,3.5,300,1,0,1
STU100505,Mezun,Sayısal,Tier 1 (Büyükşehir),Orta,3 Aylık,4988.0,2026-02-23,6.0,0.424,11.5,4.5,4.4,4,16.7,6,10,50.0,1.69,1,7.2,1,3.5,302,0,0,1
STU100137,12. Sınıf,Sayısal,Tier 1 (Büyükşehir),Orta,Aylık,1848.0,2026-05-16,3.3,0.478,11.4,5.2,4.1,9,4.7,1,5,60.2,2.15,2,5.0,1,3.0,299,0,0,0
STU101421,12. Sınıf,Sayısal,Tier 1 (Büyükşehir),Yüksek,Yıllık,16088.0,2026-08-09,0.5,0.792,15.7,13.6,5.6,6,12.0,2,1,75.0,-1.63,1,9.9,1,3.6,302,0,0,1
STU100687,Mezun,Sayısal,Tier 1 (Büyükşehir),Orta,3 Aylık,4553.0,2026-02-02,6.7,0.527,12.0,6.1,7.4,4,22.9,1,14,33.2,-0.82,4,1.7,2,2.1,297,0,0,0
STU102778,11. Sınıf,Eşit Ağırlık,Tier 2,Düşük,3 Aylık,5487.0,2025-12-12,8.4,0.597,13.8,7.8,2.2,12,11.9,1,23,39.9,-2.05,5,2.5,2,1.0,667,1,0,0
STU102599,Mezun,Sayısal,Tier 1 (Büyükşehir),Yüksek,3 Aylık,5077.0,2026-05-16,3.3,0.579,15.9,8.3,4.7,23,19.7,3,5,65.0,2.05,1,1.7,2,2.4,298,0,0,0
STU101093,11. Sınıf,Sayısal,Tier 1 (Büyükşehir),Düşük,Yıllık,16559.0,2026-04-25,4.0,0.869,12.6,10.4,5.3,14,18.4,3,7,49.6,1.05,4,1.6,1,2.7,662,0,0,0
STU100288,12. Sınıf,Sayısal,Tier 1 (Büyükşehir),Orta,3 Aylık,4655.0,2025-11-30,8.8,0.71,14.2,10.7,3.9,1,42.1,3,18,50.4,-2.17,1,0.1,3,5.0,298,0,0,0
STU102059,11. Sınıf,Sayısal,Tier 3,Düşük,Yıllık,16768.0,2025-11-11,9.4,0.492,15.7,7.8,4.4,21,18.5,1,22,43.0,2.47,1,4.7,2,2.3,663,1,0,0
STU101012,12. Sınıf,Sözel,Tier 1 (Büyükşehir),Orta,3 Aylık,5093.0,2026-07-01,1.8,0.99,13.0,14.4,6.3,6,5.2,1,3,73.3,-2.25,0,2.9,2,3.6,299,0,0,0
STU102943,11. Sınıf,Sözel,Tier 2,Orta,3 Aylık,4521.0,2025-08-03,12.7,0.584,7.4,4.8,5.1,7,7.5,2,20,47.5,0.81,3,2.1,2,3.6,662,0,0,0
STU100101,12. Sınıf,Sayısal,Tier 2,Düşük,Aylık,1892.0,2026-06-22,2.1,0.862,22.2,20.8,5.4,18,6.9,2,4,52.8,2.05,2,1.5,1,3.5,300,0,0,0
STU102889,11. Sınıf,Sayısal,Tier 1 (Büyükşehir),Düşük,Yıllık,15875.0,2026-08-09,0.5,0.788,16.1,12.2,5.5,4,40.0,1,1,61.1,-0.33,1,3.7,1,2.4,665,0,0,0
STU102204,12. Sınıf,Eşit Ağırlık,Tier 2,Yüksek,Aylık,1729.0,2026-01-30,6.8,0.856,15.3,14.9,5.2,1,6.3,1,15,63.4,-2.43,0,0.3,0,3.3,303,0,0,0
STU101674,Mezun,Sayısal,Tier 1 (Büyükşehir),Orta,Aylık,1738.0,2026-06-19,2.2,0.667,15.6,11.3,3.8,5,35.7,1,5,71.9,-0.83,2,1.4,3,4.7,298,0,0,0
STU102705,12. Sınıf,Eşit Ağırlık,Tier 3,Düşük,Aylık,1828.0,2026-07-07,1.6,0.707,12.8,9.7,4.6,11,36.8,0,3,58.9,3.31,1,5.6,0,3.3,297,0,0,0
STU103381,Mezun,Eşit Ağırlık,Tier 2,Düşük,3 Aylık,4645.0,2026-05-19,3.2,0.715,13.7,9.0,6.8,1,13.4,0,6,52.5,-3.25,1,1.2,0,2.4,297,0,1,0
STU101661,12. Sınıf,Dil,Tier 1 (Büyükşehir),Düşük,Aylık,1729.0,2026-03-04,5.7,0.295,16.2,4.6,3.8,12,16.0,1,10,70.6,-0.96,0,1.2,1,3.6,303,1,0,1
STU103353,12. Sınıf,Sayısal,Tier 2,Düşük,3 Aylık,4874.0,2025-08-27,11.9,0.832,11.3,8.4,5.5,7,3.1,3,21,46.5,-2.57,3,2.6,5,3.5,300,0,0,1
STU102971,12. Sınıf,Eşit Ağırlık,Tier 1 (Büyükşehir),Yüksek,Aylık,1685.0,2025-11-02,9.7,0.491,12.8,6.6,4.4,6,34.0,3,26,56.6,-1.62,2,4.3,0,2.7,299,0,0,0
STU101148,12. Sınıf,Sayısal,Tier 1 (Büyükşehir),Orta,Yıllık,16736.0,2026-01-05,7.6,0.801,9.1,8.9,3.1,20,25.0,4,17,38.1,-0.1,2,1.6,0,3.6,303,0,0,1
STU103329,11. Sınıf,Eşit Ağırlık,Tier 3,Yüksek,Yıllık,16305.0,2026-07-01,1.8,0.78,12.9,8.7,4.2,5,6.7,3,3,52.2,0.77,2,0.8,3,3.6,666,0,0,1
STU102014,12. Sınıf,Sayısal,Tier 1 (Büyükşehir),Orta,Yıllık,17926.0,2026-05-01,3.8,0.574,11.8,7.0,2.1,29,20.8,1,8,37.7,-2.81,2,3.9,0,3.3,303,1,0,0
STU101246,12. Sınıf,Eşit Ağırlık,Tier 3,Orta,Aylık,1726.0,2026-06-19,2.2,0.435,14.7,6.4,5.3,6,6.8,4,5,65.9,2.43,0,1.8,1,4.0,302,0,0,0
STU102908,Mezun,Eşit Ağırlık,Tier 2,Düşük,Aylık,1729.0,2026-03-10,5.5,0.656,12.1,8.7,5.1,3,12.4,1,14,60.6,-0.79,0,4.4,2,3.7,300,0,0,0
STU101458,Mezun,Sayısal,Tier 2,Orta,3 Aylık,4768.0,2026-01-26,6.9,0.688,9.9,8.4,5.3,6,25.1,0,15,39.9,-0.98,0,0.7,0,4.4,303,0,0,0
STU103044,12. Sınıf,Sayısal,Tier 2,Orta,Aylık,1733.0,2025-06-21,14.1,0.91,13.3,12.7,1.8,13,15.1,1,25,61.2,2.66,4,1.6,1,5.0,301,1,0,0
STU103223,12. Sınıf,Sayısal,Tier 1 (Büyükşehir),Orta,3 Aylık,4852.0,2026-03-01,5.8,0.84,19.4,17.5,2.2,4,5.1,1,12,53.9,-0.01,2,4.8,0,3.5,299,0,0,1
STU102787,12. Sınıf,Dil,Tier 1 (Büyükşehir),Yüksek,Aylık,1725.0,2026-02-02,6.7,0.564,8.9,4.7,6.0,3,19.8,3,11,53.3,-1.57,3,9.7,0,4.4,303,0,0,0
STU100529,12. Sınıf,Sözel,Tier 3,Orta,Aylık,1764.0,2026-05-31,2.8,0.53,12.5,5.8,3.5,5,24.2,5,6,74.0,-0.84,4,1.7,0,3.6,301,1,0,1
STU101579,Mezun,Eşit Ağırlık,Tier 3,Yüksek,Aylık,1655.0,2026-04-16,4.3,0.715,14.4,10.3,4.3,9,60.1,2,10,54.5,-2.45,0,2.0,1,4.1,301,0,0,0
STU103108,11. Sınıf,Sayısal,Tier 2,Orta,Yıllık,16880.0,2026-02-17,6.2,0.459,14.8,7.6,2.7,14,26.1,1,12,51.1,1.68,3,17.8,0,2.5,665,0,0,0
STU103414,12. Sınıf,Eşit Ağırlık,Tier 2,Düşük,Aylık,1848.0,2026-05-22,3.1,0.807,16.8,12.9,4.8,41,21.1,0,5,39.5,-1.02,0,0.4,3,3.7,297,0,0,0
STU102007,11. Sınıf,Sayısal,Tier 2,Orta,3 Aylık,4690.0,2026-07-16,1.3,0.646,11.4,7.7,2.9,1,19.1,2,2,70.1,0.15,2,2.4,1,2.2,664,0,0,0
STU101186,12. Sınıf,Sayısal,Tier 2,Orta,Aylık,1925.0,2026-02-08,6.5,0.607,9.9,5.5,4.3,26,14.1,1,12,55.9,3.68,0,2.4,1,3.4,297,1,0,0
STU100596,12. Sınıf,Eşit Ağırlık,Tier 3,Orta,Aylık,1777.0,2026-06-28,1.9,0.655,18.0,10.3,4.2,1,20.4,2,4,28.7,1.55,0,5.4,3,3.3,298,1,0,0
STU100115,Mezun,Eşit Ağırlık,Tier 2,Yüksek,Yıllık,15649.0,2026-07-01,1.8,0.455,6.4,2.7,5.2,6,45.4,2,3,50.8,2.2,1,0.3,3,2.3,303,1,0,0
STU100807,11. Sınıf,Sayısal,Tier 2,Orta,Aylık,1722.0,2026-02-11,6.4,0.918,11.8,10.3,5.4,5,11.4,2,15,57.2,2.06,0,1.3,0,4.7,662,1,0,0
STU103125,11. Sınıf,Sözel,Tier 1 (Büyükşehir),Yüksek,Aylık,1834.0,2026-07-16,1.3,0.717,13.1,9.5,3.9,1,1.0,3,2,49.2,-2.64,1,2.7,1,3.6,668,0,0,1
STU102975,Mezun,Sayısal,Tier 2,Yüksek,Aylık,1876.0,2026-01-02,7.7,0.438,12.6,5.2,2.5,4,26.2,3,17,51.5,-6.29,0,6.3,0,3.6,301,0,0,1
STU102513,11. Sınıf,Eşit Ağırlık,Tier 1 (Büyükşehir),Yüksek,Yıllık,17777.0,2026-05-01,3.8,0.762,14.9,10.8,5.2,1,13.7,0,8,33.5,-1.37,0,0.5,1,3.6,662,0,0,1
STU100597,12. Sınıf,Eşit Ağırlık,Tier 2,Orta,3 Aylık,4581.0,2026-05-31,2.8,0.579,15.8,9.9,4.7,8,11.2,1,6,58.9,-0.93,1,9.9,0,4.2,302,1,0,0
STU101417,12. Sınıf,Eşit Ağırlık,Tier 1 (Büyükşehir),Düşük,Yıllık,16685.0,2026-06-03,2.7,0.72,18.4,9.8,2.9,6,44.9,2,5,50.2,3.52,2,3.3,2,3.6,297,0,0,1
STU102776,12. Sınıf,Sayısal,Tier 1 (Büyükşehir),Orta,Aylık,1884.0,2026-07-04,1.7,0.469,13.2,7.2,4.1,2,4.1,2,2,54.6,-0.37,0,5.6,2,3.4,303,0,0,0
STU101322,11. Sınıf,Eşit Ağırlık,Tier 1 (Büyükşehir),Orta,Aylık,1800.0,2026-01-20,7.1,0.561,15.8,8.2,1.8,13,6.3,1,14,48.1,3.79,5,1.1,1,3.8,665,0,0,0
STU103478,Mezun,Sözel,Tier 2,Orta,Aylık,1819.0,2026-08-09,0.5,0.661,14.8,9.9,4.7,9,23.8,3,1,69.5,1.86,1,7.6,2,3.6,303,1,0,1
STU101119,Mezun,Eşit Ağırlık,Tier 1 (Büyükşehir),Orta,3 Aylık,4747.0,2026-08-03,0.7,0.669,10.9,7.8,4.1,30,20.9,0,2,68.8,0.93,2,0.5,1,3.6,301,1,0,0
STU100622,Mezun,Sözel,Tier 2,Yüksek,Aylık,1694.0,2026-03-01,5.8,0.396,15.8,6.0,3.3,6,27.4,3,10,71.2,0.87,0,1.7,1,3.6,301,0,0,1
STU100173,Mezun,Sayısal,Tier 1 (Büyükşehir),Düşük,3 Aylık,5156.0,2026-03-07,5.6,0.71,13.2,10.1,3.8,24,10.2,1,15,69.2,-5.06,2,5.6,0,2.9,303,0,0,0
STU100588,11. Sınıf,Sayısal,Tier 1 (Büyükşehir),Orta,3 Aylık,4623.0,2026-05-07,3.6,0.468,7.8,3.9,3.9,8,14.4,3,7,40.3,1.47,1,0.0,2,3.1,665,0,0,0
STU102179,Mezun,Sayısal,Tier 3,Yüksek,Aylık,1822.0,2026-05-13,3.4,0.389,11.3,4.3,4.0,12,29.5,4,7,44.4,2.05,5,12.2,2,4.5,297,0,0,0
STU101453,Mezun,Dil,Tier 2,Yüksek,Yıllık,16728.0,2026-06-25,2.0,0.587,11.2,4.9,3.0,0,19.4,4,4,36.6,-0.68,2,8.3,1,3.6,298,0,0,1
STU100291,11. Sınıf,Sayısal,Tier 2,Yüksek,Aylık,1706.0,2026-03-04,5.7,0.651,15.7,10.3,3.6,17,25.1,2,12,55.0,-1.66,1,0.8,1,3.6,664,0,0,1
STU101318,12. Sınıf,Eşit Ağırlık,Tier 2,Düşük,Aylık,1818.0,2026-04-03,4.7,0.717,14.9,11.6,5.0,9,26.0,6,8,51.4,3.02,2,0.3,2,3.0,298,0,0,0
STU100261,Mezun,Sayısal,Tier 1 (Büyükşehir),Yüksek,Yıllık,15807.0,2026-05-13,3.4,0.665,20.2,12.9,3.4,21,12.5,2,6,49.5,-1.99,1,2.0,3,2.9,300,0,0,0
STU102403,Mezun,Sözel,Tier 2,Yüksek,3 Aylık,5267.0,2026-01-08,7.5,0.619,12.5,7.4,5.3,6,3.7,4,16,80.2,2.59,1,0.4,1,3.5,303,0,0,1
STU101414,11. Sınıf,Sayısal,Tier 2,Orta,Aylık,1873.0,2025-08-09,12.5,0.639,14.0,7.6,2.4,7,33.1,4,34,47.2,0.5,3,2.9,3,2.2,668,0,0,0
STU101194,Mezun,Sayısal,Tier 1 (Büyükşehir),Orta,Yıllık,16075.0,2026-03-16,5.3,0.827,10.7,9.1,4.9,3,24.5,2,11,78.6,-1.44,1,2.9,0,3.6,298,1,0,1
STU100071,12. Sınıf,Sayısal,Tier 1 (Büyükşehir),Orta,Aylık,1732.0,2025-10-27,9.9,0.6,19.6,11.4,5.2,22,9.9,2,19,59.6,-0.33,0,4.6,2,4.9,297,0,0,0
STU101043,12. Sınıf,Eşit Ağırlık,Tier 3,Orta,3 Aylık,5096.0,2026-07-13,1.4,0.858,11.9,10.7,4.3,4,28.8,1,2,52.3,3.9,1,1.5,0,4.3,302,0,0,0
STU100337,12. Sınıf,Sayısal,Tier 2,Düşük,3 Aylık,4734.0,2026-07-28,0.9,0.532,12.4,6.9,5.3,42,27.3,1,2,58.0,-0.42,2,1.4,0,3.5,301,1,0,0
STU102328,12. Sınıf,Eşit Ağırlık,Tier 1 (Büyükşehir),Düşük,Aylık,2012.0,2025-05-25,15.0,0.556,11.3,7.0,3.9,13,9.3,2,43,39.8,-1.22,3,1.4,2,3.3,297,0,0,0
STU102074,12. Sınıf,Sayısal,Tier 3,Düşük,3 Aylık,4975.0,2026-04-19,4.2,0.542,12.7,8.4,3.7,7,13.4,2,8,54.0,0.67,1,0.5,2,3.5,302,0,0,1
STU102647,Mezun,Sayısal,Tier 2,Orta,3 Aylık,5286.0,2026-06-22,2.1,0.794,16.2,10.9,5.8,6,21.8,2,4,44.9,-0.93,2,4.8,1,4.0,302,0,0,0
STU100543,Mezun,Sözel,Tier 2,Yüksek,Yıllık,16822.0,2025-04-15,16.3,0.894,17.0,16.0,6.0,11,19.3,1,27,58.5,-0.52,2,1.3,0,3.4,302,0,0,0
STU100507,Mezun,Sayısal,Tier 1 (Büyükşehir),Düşük,Yıllık,17265.0,2026-07-04,1.7,0.643,11.6,6.6,5.6,3,29.9,2,3,32.3,2.35,3,0.8,1,4.3,303,0,0,0
STU100856,12. Sınıf,Dil,Tier 1 (Büyükşehir),Orta,Aylık,1723.0,2026-07-01,1.8,0.768,15.2,11.1,3.6,17,8.0,3,4,57.0,-0.6,3,0.4,2,3.1,298,0,0,0
STU100503,12. Sınıf,Sayısal,Tier 2,Düşük,Aylık,1850.0,2026-06-22,2.1,0.246,8.5,2.5,4.0,23,3.3,0,5,59.2,-0.24,5,2.5,2,1.7,303,0,0,0
STU103287,12. Sınıf,Eşit Ağırlık,Tier 1 (Büyükşehir),Yüksek,Yıllık,17041.0,2026-05-04,3.7,0.666,6.7,4.8,4.0,27,5.3,2,7,22.6,2.56,1,1.0,1,3.6,299,0,0,1
STU102762,11. Sınıf,Sayısal,Tier 2,Orta,3 Aylık,4916.0,2026-06-09,2.5,0.753,13.3,10.0,5.6,3,28.4,3,6,69.2,2.11,4,2.0,1,3.6,664,0,0,0
STU101087,Mezun,Sözel,Tier 3,Düşük,Aylık,1833.0,2025-07-19,13.2,0.813,10.5,10.5,3.6,5,36.0,1,27,44.6,6.29,4,1.3,1,4.2,303,0,0,0
STU102716,12. Sınıf,Eşit Ağırlık,Tier 1 (Büyükşehir),Düşük,Aylık,1592.0,2025-12-24,8.0,0.806,13.8,10.0,3.5,16,23.3,0,13,54.6,0.46,1,0.5,1,4.1,299,0,0,0
STU100100,Mezun,Sayısal,Tier 2,Yüksek,Aylık,1792.0,2026-04-16,4.3,0.875,13.0,9.8,5.5,10,3.8,2,6,50.1,0.86,3,2.1,0,5.0,299,0,0,0
STU101818,12. Sınıf,Sayısal,Tier 3,Orta,3 Aylık,5458.0,2026-06-15,2.3,0.512,13.8,8.4,5.4,7,3.5,4,4,65.7,0.42,0,2.6,1,3.5,298,0,0,1
STU101733,11. Sınıf,Sayısal,Tier 1 (Büyükşehir),Yüksek,3 Aylık,4864.0,2025-12-06,8.6,0.802,14.5,10.2,3.2,26,27.7,0,17,56.4,-0.43,2,5.1,2,3.5,667,0,0,1
STU101256,Mezun,Sayısal,Tier 1 (Büyükşehir),Düşük,3 Aylık,4946.0,2026-05-16,3.3,0.637,6.0,4.4,5.4,4,21.7,3,7,75.5,2.99,0,0.4,1,2.7,298,0,0,0
STU100467,Mezun,Sayısal,Tier 2,Orta,Aylık,1727.0,2026-06-19,2.2,0.547,8.3,3.7,4.2,2,10.5,0,4,19.9,-0.87,0,20.8,1,2.7,298,1,0,0
STU101520,12. Sınıf,Sözel,Tier 1 (Büyükşehir),Orta,3 Aylık,4867.0,2026-05-04,3.7,0.801,18.7,14.9,3.8,31,52.0,5,7,66.0,2.48,0,0.5,2,3.5,297,0,0,1
STU102666,Mezun,Eşit Ağırlık,Tier 2,Orta,Yıllık,17688.0,2025-04-06,16.6,0.853,11.2,10.3,3.7,8,18.9,1,28,41.7,-1.47,0,20.3,1,3.4,297,0,0,0
STU100835,12. Sınıf,Sayısal,Tier 1 (Büyükşehir),Orta,Aylık,1794.0,2026-03-10,5.5,0.99,9.6,9.5,4.4,2,16.0,1,10,50.3,4.84,3,5.0,4,4.6,300,0,0,0
STU100040,12. Sınıf,Sözel,Tier 3,Orta,3 Aylık,4622.0,2026-05-10,3.5,0.537,17.2,7.6,5.8,25,13.6,1,8,59.5,-0.71,1,0.8,0,3.9,298,1,0,0
STU100214,12. Sınıf,Sözel,Tier 2,Orta,Yıllık,17238.0,2025-09-08,11.5,0.676,10.7,9.5,4.5,14,16.1,2,18,21.2,1.74,0,9.4,1,4.2,299,0,0,0
STU102580,11. Sınıf,Sayısal,Tier 1 (Büyükşehir),Orta,3 Aylık,4901.0,2025-11-20,9.1,0.585,11.8,7.9,4.8,5,9.1,4,22,40.1,0.92,1,4.1,0,1.4,668,0,0,0
STU101285,Mezun,Sözel,Tier 2,Yüksek,Aylık,1919.0,2026-07-13,1.4,0.879,8.2,5.4,6.0,13,18.7,0,3,57.6,0.81,1,4.7,0,3.6,298,0,0,1
STU103098,11. Sınıf,Sayısal,Tier 3,Orta,Aylık,1713.0,2025-12-18,8.2,0.536,15.9,6.8,5.4,11,9.3,2,21,68.3,0.04,2,4.5,2,3.4,666,0,0,0
STU100330,12. Sınıf,Eşit Ağırlık,Tier 2,Orta,Aylık,1708.0,2026-08-09,0.5,0.884,12.0,10.3,5.4,14,6.3,1,1,48.0,-1.35,0,2.2,1,3.4,300,0,0,0
STU101795,12. Sınıf,Eşit Ağırlık,Tier 1 (Büyükşehir),Orta,3 Aylık,5540.0,2026-07-16,1.3,0.646,16.4,10.7,5.8,5,4.6,5,4,53.3,-0.19,1,0.1,2,3.2,301,0,0,0
STU100332,12. Sınıf,Sayısal,Tier 1 (Büyükşehir),Düşük,Aylık,1805.0,2026-03-16,5.3,0.533,20.2,9.8,4.2,14,11.7,0,15,55.8,0.87,1,1.1,1,2.8,297,0,0,0
STU100623,12. Sınıf,Sayısal,Tier 1 (Büyükşehir),Yüksek,Aylık,1758.0,2025-07-22,13.1,0.73,16.0,11.0,6.8,11,17.2,4,24,51.1,-0.17,0,2.1,1,3.6,300,1,0,1
STU102800,Mezun,Sayısal,Tier 2,Orta,Aylık,1820.0,2025-08-15,12.3,0.356,12.9,3.9,4.1,2,39.3,3,24,33.6,1.97,1,4.8,1,3.8,299,1,0,0
STU101830,12. Sınıf,Sözel,Tier 2,Düşük,Aylık,1765.0,2026-05-01,3.8,0.586,10.0,6.3,5.2,24,6.2,2,10,33.4,0.36,1,4.2,0,2.3,302,1,0,0
STU103438,11. Sınıf,Sayısal,Tier 2,Yüksek,Yıllık,15362.0,2026-06-25,2.0,0.579,17.7,9.5,4.0,1,16.6,2,4,55.9,-1.27,2,2.6,1,3.9,664,0,0,0
STU102497,11. Sınıf,Sözel,Tier 1 (Büyükşehir),Düşük,Aylık,1716.0,2026-07-04,1.7,0.464,12.2,4.7,5.4,5,40.8,2,3,61.9,-1.53,1,10.3,0,2.7,668,0,0,0
STU100402,Mezun,Eşit Ağırlık,Tier 1 (Büyükşehir),Orta,Aylık,1827.0,2026-06-22,2.1,0.686,12.8,10.5,1.4,6,25.4,5,3,47.5,1.18,0,4.0,1,1.6,297,0,0,0
STU100759,12. Sınıf,Sayısal,Tier 1 (Büyükşehir),Yüksek,3 Aylık,4907.0,2026-02-08,6.5,0.99,12.5,14.374999999999998,4.1,3,10.4,0,9,43.4,1.37,0,2.9,1,3.5,299,0,0,1
STU103407,11. Sınıf,Sözel,Tier 1 (Büyükşehir),Düşük,3 Aylık,5150.0,2026-01-02,7.7,0.83,11.5,10.0,4.9,6,26.4,3,17,23.8,-0.82,1,3.0,1,2.6,664,0,0,0
STU103436,12. Sınıf,Sözel,Tier 2,Düşük,Aylık,1790.0,2026-04-22,4.1,0.545,16.2,9.1,3.8,11,17.6,1,9,49.8,0.78,5,0.2,4,4.2,301,0,0,0
STU102024,12. Sınıf,Sayısal,Tier 3,Düşük,3 Aylık,4982.0,2025-11-27,8.9,0.65,11.6,7.7,3.8,2,10.2,3,19,33.2,-2.49,3,8.2,1,3.5,297,0,0,1
STU100982,12. Sınıf,Sözel,Tier 1 (Büyükşehir),Orta,Yıllık,16922.0,2026-05-28,2.9,0.742,16.1,12.6,4.6,4,8.8,1,4,55.9,0.16,3,1.6,2,2.8,301,0,0,0
STU103260,11. Sınıf,Sayısal,Tier 2,Yüksek,Yıllık,15025.0,2026-01-20,7.1,0.814,11.5,9.3,5.1,13,18.8,0,14,40.0,-1.11,0,1.3,1,3.5,666,0,0,0
STU102670,12. Sınıf,Dil,Tier 2,Orta,Aylık,1653.0,2026-07-07,1.6,0.548,13.2,6.8,4.7,3,41.2,2,3,51.6,4.04,2,2.2,1,3.6,297,0,0,1
STU100329,12. Sınıf,Eşit Ağırlık,Tier 1 (Büyükşehir),Düşük,Aylık,1724.0,2026-04-19,4.2,0.792,14.9,9.4,4.6,27,16.8,4,9,54.9,-0.24,2,8.8,1,5.0,302,0,0,0
STU100627,11. Sınıf,Eşit Ağırlık,Tier 2,Orta,Yıllık,16576.0,2025-11-30,8.8,0.515,13.6,8.0,3.5,1,27.9,0,22,52.3,-2.19,3,0.1,1,3.6,666,1,0,1
STU102012,11. Sınıf,Eşit Ağırlık,Tier 3,Düşük,Yıllık,16883.0,2026-06-09,2.5,0.803,11.3,9.7,6.4,0,5.8,2,4,31.9,-0.01,2,0.5,0,3.9,664,0,0,0
STU102820,12. Sınıf,Sayısal,Tier 1 (Büyükşehir),Orta,Yıllık,16554.0,2026-06-06,2.6,0.709,16.3,10.2,5.3,4,6.2,3,5,56.5,-0.15,1,3.9,0,3.9,300,0,0,0
STU102587,11. Sınıf,Sayısal,Tier 1 (Büyükşehir),Yüksek,3 Aylık,5143.0,2025-10-24,10.0,0.748,13.3,10.0,4.6,25,17.2,4,19,66.5,5.38,1,4.4,0,5.0,666,1,0,0
STU100320,Mezun,Sözel,Tier 1 (Büyükşehir),Düşük,Aylık,1847.0,2026-05-01,3.8,0.516,8.9,3.7,3.0,1,34.0,1,8,43.4,-2.16,2,2.0,0,3.6,299,1,0,1
STU101242,12. Sınıf,Sözel,Tier 1 (Büyükşehir),Orta,Yıllık,16783.0,2025-12-15,8.3,0.56,15.1,9.9,4.9,11,14.1,3,17,45.9,-1.13,1,2.2,1,2.2,302,0,0,0
STU102922,11. Sınıf,Eşit Ağırlık,Tier 2,Düşük,3 Aylık,4654.0,2026-01-11,7.4,0.657,15.8,9.0,3.2,8,14.0,2,12,24.3,-2.81,1,0.2,0,2.9,664,0,0,0
STU101799,12. Sınıf,Sayısal,Tier 2,Orta,Aylık,1884.0,2026-02-14,6.3,0.654,15.9,12.0,4.5,7,32.2,1,12,57.0,-1.88,1,1.0,1,3.9,301,0,0,0
STU100110,12. Sınıf,Eşit Ağırlık,Tier 2,Orta,Yıllık,16697.0,2025-11-02,9.7,0.509,16.8,9.7,3.2,38,20.1,1,25,50.4,-4.45,1,5.9,2,3.4,302,1,0,0
STU102376,Mezun,Eşit Ağırlık,Tier 1 (Büyükşehir),Orta,Yıllık,18579.0,2026-06-22,2.1,0.634,17.1,9.4,4.6,4,21.3,1,4,48.5,1.51,1,2.9,4,4.5,300,0,0,0
STU101245,11. Sınıf,Sayısal,Tier 1 (Büyükşehir),Düşük,Aylık,1791.0,2026-04-19,4.2,0.568,11.6,6.6,2.3,5,26.5,7,10,34.4,-2.68,2,2.7,1,3.6,667,0,0,1
STU102758,12. Sınıf,Eşit Ağırlık,Tier 1 (Büyükşehir),Yüksek,Aylık,1761.0,2025-11-30,8.8,0.622,12.1,8.4,4.1,0,14.8,0,17,49.1,2.45,2,0.8,3,4.0,299,0,0,0
STU101266,11. Sınıf,Eşit Ağırlık,Tier 3,Yüksek,Yıllık,16133.0,2026-04-19,4.2,0.74,12.3,10.4,1.5,8,53.0,1,7,25.9,-2.47,3,4.2,1,4.1,668,1,0,0
STU103383,12. Sınıf,Sözel,Tier 2,Yüksek,Yıllık,16228.0,2026-07-25,1.0,0.571,10.7,5.8,5.3,15,14.4,2,2,58.0,-1.99,2,5.7,0,3.6,302,0,0,1
STU102200,11. Sınıf,Sözel,Tier 1 (Büyükşehir),Orta,Aylık,1857.0,2026-07-13,1.4,0.602,6.0,3.5,3.9,7,20.5,0,3,49.7,0.79,0,4.1,0,3.6,662,0,0,1
STU101151,Mezun,Sözel,Tier 1 (Büyükşehir),Orta,3 Aylık,5159.0,2026-05-10,3.5,0.645,16.3,13.0,3.5,6,0.5,1,7,43.6,0.27,0,0.5,2,3.9,297,0,0,0
STU101332,12. Sınıf,Eşit Ağırlık,Tier 2,Orta,Aylık,2174.0,2025-05-13,15.4,0.659,12.3,8.1,3.2,13,16.1,2,35,57.8,3.72,1,0.3,0,3.6,300,0,0,1
STU103403,Mezun,Sayısal,Tier 1 (Büyükşehir),Orta,3 Aylık,4897.0,2025-12-09,8.5,0.794,11.7,10.3,5.8,28,22.1,2,18,47.8,-0.49,1,7.0,2,3.5,297,1,0,1
STU102563,12. Sınıf,Sayısal,Tier 2,Orta,3 Aylık,4517.0,2025-09-02,11.7,0.719,15.9,10.2,3.6,17,9.0,1,27,48.2,1.42,3,3.3,2,3.3,299,0,0,0
STU101390,Mezun,Sayısal,Tier 2,Orta,3 Aylık,4602.0,2026-03-10,5.5,0.874,12.4,9.0,4.2,17,15.9,4,9,46.1,-3.69,0,1.7,2,5.0,298,0,1,0
STU103305,11. Sınıf,Sözel,Tier 1 (Büyükşehir),Orta,3 Aylık,4991.0,2026-03-13,5.4,0.804,19.2,12.6,4.7,4,40.6,1,10,30.3,1.42,1,0.7,2,3.6,662,0,0,0
STU102874,11. Sınıf,Sayısal,Tier 1 (Büyükşehir),Düşük,Aylık,1855.0,2025-06-12,14.4,0.74,11.6,8.4,4.8,37,22.1,2,21,42.8,-0.15,2,8.9,5,4.7,665,0,0,0
STU100324,Mezun,Eşit Ağırlık,Tier 1 (Büyükşehir),Yüksek,3 Aylık,5089.0,2026-04-03,4.7,0.614,14.4,11.5,3.0,10,24.2,0,6,56.8,2.61,0,0.4,3,3.2,300,1,0,0
STU101188,11. Sınıf,Sözel,Tier 2,Düşük,3 Aylık,5116.0,2026-08-09,0.5,0.76,18.1,14.3,3.4,18,8.8,2,1,50.2,-0.12,1,0.6,4,3.5,662,0,0,1
STU103273,12. Sınıf,Dil,Tier 1 (Büyükşehir),Orta,Aylık,1830.0,2026-04-06,4.6,0.411,7.4,3.3,3.7,12,5.0,0,7,44.4,1.87,3,7.8,2,3.1,299,1,0,0
STU103396,11. Sınıf,Sözel,Tier 1 (Büyükşehir),Düşük,Aylık,1883.0,2026-03-22,5.1,0.382,11.4,3.4,4.4,22,59.4,1,11,59.3,-2.54,1,3.5,1,3.0,668,1,0,0
STU101710,Mezun,Eşit Ağırlık,Tier 3,Orta,3 Aylık,5055.0,2025-11-30,8.8,0.647,12.1,8.1,2.5,2,21.1,2,16,50.8,0.68,0,5.6,2,4.1,300,0,0,0
STU103392,Mezun,Sayısal,Tier 2,Düşük,3 Aylık,4985.0,2026-06-09,2.5,0.341,9.7,3.0,3.5,3,9.7,1,3,59.1,0.55,2,13.6,0,3.3,298,1,0,0
STU101515,11. Sınıf,Sayısal,Tier 1 (Büyükşehir),Yüksek,3 Aylık,4750.0,2026-01-02,7.7,0.447,15.8,7.0,3.1,37,16.5,2,20,33.4,1.79,0,0.4,2,3.5,663,0,0,1
STU100793,11. Sınıf,Eşit Ağırlık,Tier 2,Yüksek,Aylık,1674.0,2026-06-22,2.1,0.767,17.1,13.8,3.8,1,15.5,1,5,90.0,3.79,1,0.6,1,3.8,666,0,0,0
STU100029,12. Sınıf,Eşit Ağırlık,Tier 1 (Büyükşehir),Yüksek,Yıllık,17878.0,2026-03-16,5.3,0.895,14.7,12.5,2.9,3,29.6,2,9,61.6,1.22,0,0.5,0,2.1,302,0,0,0
STU100945,11. Sınıf,Eşit Ağırlık,Tier 1 (Büyükşehir),Düşük,Aylık,1709.0,2026-06-22,2.1,0.559,18.2,8.8,3.0,18,42.2,4,4,29.8,2.23,1,3.0,0,3.5,668,0,0,0
STU103321,12. Sınıf,Dil,Tier 2,Orta,3 Aylık,4761.0,2025-02-23,18.0,0.32,12.2,4.0,3.9,29,16.4,2,29,43.8,-2.08,2,4.2,0,3.5,300,1,0,0
STU103062,11. Sınıf,Sayısal,Tier 1 (Büyükşehir),Yüksek,Yıllık,16520.0,2026-03-13,5.4,0.776,12.9,9.0,5.4,1,13.0,2,14,72.1,1.3,0,0.9,0,5.0,667,0,0,0
STU102038,12. Sınıf,Sayısal,Tier 2,Yüksek,Aylık,1646.0,2025-10-21,10.1,0.876,15.5,14.4,5.7,8,6.8,3,20,51.4,-1.87,2,3.7,1,5.0,302,0,0,0
STU101782,11. Sınıf,Dil,Tier 1 (Büyükşehir),Yüksek,Yıllık,17016.0,2026-01-11,7.4,0.771,12.6,9.9,5.4,16,2.3,3,17,67.5,-3.82,2,19.6,2,1.9,667,1,0,0
STU102836,12. Sınıf,Eşit Ağırlık,Tier 1 (Büyükşehir),Orta,Aylık,1833.0,2025-09-27,10.9,0.949,17.9,17.3,4.2,6,10.4,1,25,43.4,0.94,0,6.2,1,3.6,302,0,0,1
STU102435,Mezun,Eşit Ağırlık,Tier 1 (Büyükşehir),Yüksek,3 Aylık,4654.0,2026-07-28,0.9,0.685,9.4,7.1,5.9,25,5.9,2,2,64.3,3.12,2,8.5,2,3.8,298,0,0,0
STU101413,Mezun,Dil,Tier 2,Yüksek,Aylık,1779.0,2026-04-19,4.2,0.208,14.3,2.5,3.6,2,15.0,2,8,72.7,-3.11,2,0.6,1,3.9,299,0,0,0
STU103152,12. Sınıf,Eşit Ağırlık,Tier 2,Yüksek,Aylık,1874.0,2026-05-01,3.8,0.431,10.2,3.8,3.8,15,11.9,3,8,56.0,-1.94,1,11.2,1,3.5,298,0,0,0
STU101056,Mezun,Sözel,Tier 2,Yüksek,3 Aylık,4943.0,2026-05-28,2.9,0.834,16.1,14.9,2.3,29,26.2,2,6,37.7,1.03,0,11.1,0,3.5,298,1,0,1
STU102418,11. Sınıf,Sözel,Tier 2,Yüksek,3 Aylık,4758.0,2025-11-20,9.1,0.786,12.7,10.2,4.7,10,4.5,2,23,61.5,3.78,3,2.0,1,4.6,667,0,0,0
STU100062,12. Sınıf,Sözel,Tier 2,Orta,Aylık,1836.0,2026-05-13,3.4,0.443,15.1,9.0,4.2,12,11.5,1,7,61.5,-0.31,1,3.0,0,4.2,297,0,1,0
STU100708,12. Sınıf,Eşit Ağırlık,Tier 1 (Büyükşehir),Düşük,Aylık,1877.0,2026-01-08,7.5,0.482,14.1,7.4,2.1,3,56.1,4,13,17.0,-2.58,3,4.7,4,4.1,301,1,0,0
STU101923,12. Sınıf,Sayısal,Tier 1 (Büyükşehir),Orta,Aylık,1626.0,2025-12-21,8.1,0.99,14.5,12.3,5.1,2,15.4,0,16,31.8,1.66,2,1.3,1,3.4,303,1,0,0
STU102738,12. Sınıf,Sözel,Tier 1 (Büyükşehir),Düşük,3 Aylık,5166.0,2026-06-22,2.1,0.64,20.8,14.0,4.4,10,22.9,5,4,58.9,1.77,2,7.5,2,4.4,298,0,0,0
STU103465,Mezun,Eşit Ağırlık,Tier 3,Yüksek,Yıllık,17860.0,2025-11-20,9.1,0.598,10.4,9.2,2.7,3,24.6,4,20,64.3,-1.11,1,6.1,1,3.6,302,1,1,1
STU102127,12. Sınıf,Sözel,Tier 1 (Büyükşehir),Düşük,3 Aylık,4794.0,2025-10-24,10.0,0.511,13.5,7.1,5.0,7,6.7,3,14,51.0,-0.61,1,2.3,0,3.5,298,0,0,1
STU101539,12. Sınıf,Sözel,Tier 3,Düşük,Aylık,1915.0,2026-07-22,1.1,0.651,9.8,5.4,4.4,3,7.7,1,2,49.2,-1.54,1,1.9,1,3.4,297,0,0,0
STU103138,Mezun,Sözel,Tier 1 (Büyükşehir),Düşük,Aylık,1704.0,2026-04-06,4.6,0.717,16.5,11.9,2.6,39,15.7,2,9,58.6,-2.68,1,1.2,2,4.6,302,1,0,0
STU102869,11. Sınıf,Eşit Ağırlık,Tier 1 (Büyükşehir),Düşük,Yıllık,16923.0,2026-06-12,2.4,0.631,14.2,11.5,5.4,5,4.6,4,4,39.8,-2.2,1,0.3,2,3.6,666,0,0,1
STU100126,12. Sınıf,Sözel,Tier 3,Yüksek,Aylık,1971.0,2026-05-22,3.1,0.643,11.8,7.4,4.0,9,8.0,2,7,45.7,-1.44,0,0.6,2,3.1,300,0,0,0
STU101658,12. Sınıf,Eşit Ağırlık,Tier 2,Orta,3 Aylık,4924.0,2026-06-06,2.6,0.503,15.4,8.1,6.0,3,20.0,3,5,69.6,-0.29,1,2.0,1,2.9,300,0,0,0
STU101507,12. Sınıf,Eşit Ağırlık,Tier 1 (Büyükşehir),Orta,Aylık,1741.0,2026-08-09,0.5,0.883,14.7,12.7,5.0,8,3.3,2,1,38.9,-1.79,0,5.7,1,2.4,299,0,0,0
STU100238,11. Sınıf,Sözel,Tier 2,Yüksek,3 Aylık,4778.0,2026-05-16,3.3,0.778,19.6,14.3,2.5,39,12.2,1,6,40.2,-1.2,2,7.7,0,4.4,666,1,0,0
STU101913,12. Sınıf,Sayısal,Tier 3,Yüksek,Aylık,1880.0,2026-05-04,3.7,0.841,10.7,9.5,5.1,2,17.5,4,7,67.0,1.03,5,8.5,2,2.5,297,0,0,0
STU103220,11. Sınıf,Sayısal,Tier 3,Yüksek,Yıllık,16157.0,2026-03-28,4.9,0.527,9.6,5.3,5.4,35,40.1,4,11,65.9,1.1,1,1.0,2,2.3,662,0,0,0
STU100939,11. Sınıf,Sayısal,Tier 2,Yüksek,3 Aylık,4888.0,2026-04-16,4.3,0.584,12.8,6.3,3.6,15,17.5,3,11,49.6,-0.92,1,6.1,0,2.2,665,0,0,0
STU100656,Mezun,Sözel,Tier 1 (Büyükşehir),Orta,3 Aylık,5039.0,2025-08-12,12.4,0.599,16.3,8.6,4.6,35,28.8,2,28,67.8,1.88,4,4.6,1,4.2,297,0,0,0
STU102821,12. Sınıf,Sayısal,Tier 3,Orta,Yıllık,17976.0,2026-02-11,6.4,0.727,13.0,9.5,4.0,7,7.8,3,14,64.1,-1.65,2,0.7,1,3.6,302,0,0,1
STU100986,12. Sınıf,Sözel,Tier 1 (Büyükşehir),Düşük,Yıllık,16552.0,2026-05-10,3.5,0.34,12.8,3.8,9.7,5,16.3,2,6,61.3,1.6,0,0.6,1,3.9,301,0,0,0
STU102004,11. Sınıf,Sözel,Tier 2,Orta,Aylık,1802.0,2026-02-08,6.5,0.883,12.7,12.3,7.4,6,2.7,1,14,48.8,2.9,0,0.3,0,4.2,667,0,0,0
STU102675,12. Sınıf,Dil,Tier 1 (Büyükşehir),Orta,Aylık,1797.0,2026-05-13,3.4,0.57,13.5,6.1,3.7,7,4.1,5,9,49.4,-0.83,2,0.0,0,3.6,302,0,0,1
STU100946,12. Sınıf,Sayısal,Tier 3,Yüksek,Yıllık,15831.0,2025-12-30,7.8,0.51,16.4,8.0,5.5,9,3.4,3,21,45.5,0.41,1,0.7,2,4.1,298,0,0,0
STU102530,12. Sınıf,Sayısal,Tier 1 (Büyükşehir),Orta,3 Aylık,4881.0,2026-05-10,3.5,0.628,18.2,10.7,5.5,4,15.5,3,5,23.1,1.75,0,5.2,1,3.5,298,0,0,1
STU100011,Mezun,Eşit Ağırlık,Tier 1 (Büyükşehir),Yüksek,Yıllık,16289.0,2025-07-16,13.3,0.652,15.2,10.7,3.8,15,21.0,2,24,69.1,-0.05,2,1.7,2,3.2,303,0,0,0
STU100978,12. Sınıf,Sözel,Tier 2,Düşük,Yıllık,16546.0,2026-01-11,7.4,0.501,14.7,5.8,5.5,0,25.0,0,19,44.2,-2.99,3,3.8,1,3.6,301,0,0,1
STU102535,12. Sınıf,Sözel,Tier 2,Orta,Aylık,1842.0,2025-07-19,13.2,0.685,14.2,11.2,5.8,29,8.0,1,25,60.3,-1.61,2,3.1,3,3.8,301,0,0,0
STU100957,12. Sınıf,Eşit Ağırlık,Tier 1 (Büyükşehir),Düşük,Aylık,1706.0,2026-07-01,1.8,0.862,12.7,12.9,4.5,19,24.9,3,3,67.7,1.86,0,1.4,0,3.6,299,1,0,1
STU101377,Mezun,Eşit Ağırlık,Tier 2,Orta,Yıllık,17777.0,2026-05-10,3.5,0.763,20.2,13.1,5.7,18,28.0,3,7,64.2,1.59,2,3.3,0,4.3,298,0,0,0
STU100887,11. Sınıf,Sayısal,Tier 2,Düşük,Aylık,1752.0,2026-03-13,5.4,0.714,12.0,7.0,4.4,9,11.0,1,14,69.2,2.11,1,0.0,0,2.2,663,0,0,0
STU103418,11. Sınıf,Sayısal,Tier 2,Orta,Aylık,1938.0,2025-12-30,7.8,0.875,16.3,11.8,5.4,1,3.8,2,18,64.8,-1.16,1,5.1,2,3.3,662,0,0,0
STU101406,Mezun,Sözel,Tier 1 (Büyükşehir),Orta,Aylık,1986.0,2026-02-05,6.6,0.99,13.2,12.5,3.7,30,43.4,2,15,50.6,5.31,4,3.4,0,3.6,298,0,0,1
STU101231,12. Sınıf,Sözel,Tier 1 (Büyükşehir),Orta,Aylık,1890.0,2025-02-23,18.0,0.682,6.0,4.0,4.5,4,29.9,1,36,50.9,-0.03,1,22.3,1,5.0,300,0,0,0
STU101642,12. Sınıf,Sayısal,Tier 2,Orta,Aylık,1728.0,2026-03-10,5.5,0.479,15.8,7.4,5.8,2,8.3,1,12,61.6,1.57,1,0.9,1,3.7,300,0,0,0
STU101101,12. Sınıf,Sözel,Tier 2,Orta,Aylık,1690.0,2026-05-10,3.5,0.923,19.7,20.4,4.0,22,23.3,1,7,51.9,3.14,1,1.8,3,3.4,298,0,0,0
STU102027,12. Sınıf,Sayısal,Tier 3,Orta,Yıllık,15025.0,2026-06-22,2.1,0.4,18.1,8.4,3.2,31,46.6,1,4,31.7,6.46,2,2.8,2,3.3,298,0,0,0
STU101701,Mezun,Sayısal,Tier 1 (Büyükşehir),Yüksek,3 Aylık,5601.0,2026-07-19,1.2,0.701,15.5,9.8,5.8,31,18.1,2,2,43.2,-1.62,2,0.7,0,3.7,299,0,0,0
STU102115,Mezun,Sayısal,Tier 2,Yüksek,Yıllık,17249.0,2026-03-10,5.5,0.568,13.9,8.1,6.3,5,11.8,3,13,90.0,1.02,0,4.9,0,4.0,298,0,0,0
STU102952,11. Sınıf,Eşit Ağırlık,Tier 2,Orta,Yıllık,16081.0,2026-04-06,4.6,0.604,6.0,3.0,3.4,22,9.5,4,12,53.8,2.43,1,3.6,1,2.7,662,1,0,0
STU103228,12. Sınıf,Sözel,Tier 2,Orta,Aylık,1885.0,2026-02-02,6.7,0.29,15.4,4.7,3.4,5,19.4,3,17,58.5,1.12,1,1.5,4,3.6,302,1,0,1
STU100170,12. Sınıf,Sayısal,Tier 3,Düşük,3 Aylık,4928.0,2026-07-31,0.8,0.47,15.7,7.9,2.6,10,22.6,1,1,40.6,-5.05,1,0.2,0,2.2,302,1,0,0
STU101459,12. Sınıf,Eşit Ağırlık,Tier 3,Orta,3 Aylık,4740.0,2025-05-31,14.8,0.814,7.7,5.1,4.6,6,21.3,0,28,51.7,0.29,1,8.5,0,3.0,300,0,0,0
STU102364,12. Sınıf,Eşit Ağırlık,Tier 2,Orta,3 Aylık,4709.0,2026-06-06,2.6,0.519,15.4,7.3,4.7,34,6.7,3,5,37.9,2.31,1,10.5,4,3.0,299,1,0,0
STU100030,12. Sınıf,Sayısal,Tier 3,Düşük,Aylık,1844.0,2026-06-22,2.1,0.639,14.0,10.0,4.1,18,8.6,2,5,36.6,3.27,4,0.1,1,3.6,298,1,0,1
STU100499,12. Sınıf,Sayısal,Tier 2,Orta,Aylık,1861.0,2026-04-03,4.7,0.821,12.0,8.4,3.9,6,20.9,0,11,43.6,4.4,2,8.6,0,3.6,300,0,0,0
STU102882,12. Sınıf,Eşit Ağırlık,Tier 1 (Büyükşehir),Yüksek,3 Aylık,5022.0,2026-04-22,4.1,0.736,12.4,8.1,3.3,6,12.6,1,9,76.6,2.78,0,15.9,3,4.1,299,0,0,0
STU102644,12. Sınıf,Eşit Ağırlık,Tier 1 (Büyükşehir),Orta,Yıllık,16429.0,2026-06-09,2.5,0.64,13.6,7.7,4.1,27,2.1,2,8,50.6,0.96,2,1.2,1,3.9,303,0,0,0
STU101193,Mezun,Sözel,Tier 2,Yüksek,Yıllık,18546.0,2025-08-30,11.8,0.778,7.5,5.8,3.6,11,13.0,4,21,71.2,1.25,0,5.8,0,4.4,302,0,0,0
STU100658,12. Sınıf,Eşit Ağırlık,Tier 1 (Büyükşehir),Yüksek,Aylık,1691.0,2026-03-31,4.8,0.53,17.7,10.3,1.8,9,25.2,2,12,31.8,0.82,2,0.2,2,3.7,300,1,0,0
STU100253,11. Sınıf,Sözel,Tier 2,Düşük,3 Aylık,4766.0,2026-07-22,1.1,0.47,12.0,4.0,3.2,6,9.9,2,2,63.5,-0.36,1,3.3,3,4.1,662,0,0,0
STU102570,11. Sınıf,Sözel,Tier 3,Orta,Aylık,1776.0,2026-03-22,5.1,0.711,15.0,10.4,5.6,20,10.0,2,5,46.6,-0.82,0,5.1,4,3.6,665,0,0,1
STU102224,Mezun,Sözel,Tier 3,Orta,Aylık,1703.0,2026-05-16,3.3,0.496,18.3,7.4,2.2,27,3.1,2,7,34.4,-0.97,0,0.3,1,4.6,298,1,0,0
STU101089,12. Sınıf,Sözel,Tier 3,Orta,Aylık,1719.0,2025-11-14,9.3,0.73,15.8,13.2,5.2,6,5.6,1,19,68.1,1.15,0,0.4,0,4.8,298,0,0,0
STU100638,Mezun,Eşit Ağırlık,Tier 2,Yüksek,3 Aylık,5168.0,2026-06-06,2.6,0.531,16.8,8.9,1.3,43,22.6,2,6,76.2,-0.1,2,1.6,1,4.4,298,1,0,0
STU100474,11. Sınıf,Sayısal,Tier 1 (Büyükşehir),Düşük,Aylık,1519.0,2026-05-16,3.3,0.805,10.6,8.6,3.8,32,3.6,1,6,47.1,2.2,0,6.9,1,3.6,662,0,0,1
STU101007,12. Sınıf,Sayısal,Tier 2,Orta,Yıllık,16688.0,2026-06-22,2.1,0.918,10.8,9.2,5.4,3,10.2,2,3,61.4,1.5,1,0.5,0,3.6,301,0,0,0
STU101217,12. Sınıf,Eşit Ağırlık,Tier 1 (Büyükşehir),Yüksek,3 Aylık,5025.0,2026-06-28,1.9,0.78,10.1,8.4,5.2,2,32.6,1,5,60.8,-0.93,0,0.9,2,2.4,299,0,0,0
STU100086,12. Sınıf,Sayısal,Tier 3,Yüksek,3 Aylık,4556.0,2026-02-23,6.0,0.682,18.1,10.2,2.4,3,2.8,1,12,40.3,1.22,4,7.9,2,3.5,302,0,0,1
STU102331,12. Sınıf,Sayısal,Tier 1 (Büyükşehir),Orta,Aylık,1869.0,2026-02-20,6.1,0.587,8.3,4.5,4.0,1,32.1,0,11,61.2,-2.78,1,0.9,2,4.6,301,0,0,0
STU101366,11. Sınıf,Sayısal,Tier 1 (Büyükşehir),Düşük,Aylık,1912.0,2026-07-19,1.2,0.99,10.8,11.4,4.2,2,19.5,1,2,32.1,-2.29,2,0.8,0,4.3,666,0,0,0
STU100013,Mezun,Dil,Tier 2,Yüksek,3 Aylık,4778.0,2026-06-12,2.4,0.881,13.7,13.6,6.1,2,24.6,0,4,56.2,-3.24,1,1.0,0,4.3,300,0,0,0
STU101563,Mezun,Sayısal,Tier 1 (Büyükşehir),Orta,Aylık,1757.0,2026-05-10,3.5,0.755,17.7,13.0,3.1,8,44.2,2,6,26.0,-2.34,0,4.2,0,4.1,302,0,0,0
STU101435,Mezun,Sayısal,Tier 1 (Büyükşehir),Orta,3 Aylık,5176.0,2026-06-12,2.4,0.547,10.2,7.4,5.1,0,27.9,2,5,59.1,-2.59,0,0.8,2,4.5,298,0,0,0
STU100247,12. Sınıf,Sözel,Tier 2,Orta,Aylık,1860.0,2026-07-19,1.2,0.66,11.1,5.9,4.7,31,1.2,1,2,56.4,-0.58,1,1.9,1,4.2,302,0,0,0
STU100368,12. Sınıf,Eşit Ağırlık,Tier 1 (Büyükşehir),Yüksek,Yıllık,18173.0,2026-07-13,1.4,0.807,16.0,10.0,4.6,17,22.4,2,3,52.1,2.81,1,7.5,2,3.6,298,0,0,0
STU102537,12. Sınıf,Sayısal,Tier 1 (Büyükşehir),Yüksek,Aylık,1839.0,2026-04-13,4.4,0.788,7.6,6.4,5.2,1,23.5,2,8,70.5,-1.49,3,3.2,0,4.6,299,0,0,0
STU102870,12. Sınıf,Sözel,Tier 2,Orta,Aylık,1767.0,2026-07-16,1.3,0.901,16.5,14.4,4.6,17,12.5,3,2,65.3,1.67,2,3.8,2,4.8,298,0,0,0
STU102613,Mezun,Dil,Tier 3,Düşük,Aylık,1800.0,2025-09-11,11.4,0.598,15.2,10.5,4.6,9,33.5,4,25,54.6,2.1,1,3.0,0,3.7,303,0,0,0
STU102326,11. Sınıf,Eşit Ağırlık,Tier 1 (Büyükşehir),Düşük,3 Aylık,5238.0,2026-02-08,6.5,0.839,15.0,14.3,6.4,22,8.9,1,15,52.8,-1.14,4,0.2,0,2.3,662,1,0,0
STU103294,12. Sınıf,Eşit Ağırlık,Tier 2,Orta,Aylık,1996.0,2026-04-06,4.6,0.824,11.3,7.9,0.8,10,6.7,3,12,59.9,2.41,1,2.3,2,2.4,300,0,0,0
STU101182,11. Sınıf,Sözel,Tier 2,Yüksek,3 Aylık,5095.0,2026-07-19,1.2,0.47,9.2,4.4,4.7,1,11.1,3,1,66.5,-2.73,1,7.6,1,4.9,662,1,0,0
STU100620,Mezun,Dil,Tier 2,Orta,Aylık,1942.0,2026-06-06,2.6,0.981,11.2,11.1,3.6,1,1.6,1,5,69.3,-0.25,2,5.1,1,3.6,297,0,0,1
STU102243,11. Sınıf,Sözel,Tier 2,Orta,Aylık,1881.0,2026-05-07,3.6,0.496,20.2,8.5,3.2,10,26.3,2,6,39.9,-0.77,2,9.2,1,3.9,662,1,0,0
STU100279,Mezun,Dil,Tier 2,Yüksek,3 Aylık,4682.0,2026-01-26,6.9,0.688,11.6,9.0,4.3,4,0.4,4,10,64.1,1.93,1,0.3,1,3.4,298,0,1,0
STU101361,12. Sınıf,Sözel,Tier 1 (Büyükşehir),Düşük,Yıllık,16438.0,2026-06-28,1.9,0.675,15.7,9.9,3.1,5,14.9,3,4,44.6,0.86,1,17.6,2,4.0,299,1,0,0
STU103480,12. Sınıf,Dil,Tier 1 (Büyükşehir),Yüksek,Yıllık,16041.0,2025-08-21,12.1,0.618,17.9,9.1,3.1,9,9.6,4,19,44.0,-2.19,1,8.7,2,4.2,301,0,0,0
STU101826,12. Sınıf,Eşit Ağırlık,Tier 1 (Büyükşehir),Yüksek,3 Aylık,4593.0,2026-07-07,1.6,0.436,13.3,4.9,4.4,25,26.9,1,4,54.1,-0.32,1,3.8,0,2.4,297,1,0,0
STU100435,11. Sınıf,Sayısal,Tier 1 (Büyükşehir),Yüksek,Aylık,1865.0,2026-03-01,5.8,0.714,7.2,3.9,3.2,10,15.0,1,13,36.3,-1.28,2,0.4,2,1.8,663,0,0,0
STU101620,11. Sınıf,Eşit Ağırlık,Tier 2,Orta,Yıllık,15606.0,2026-02-17,6.2,0.76,11.6,10.4,5.5,1,10.3,3,11,60.7,-2.75,0,0.5,2,3.6,668,0,0,1
STU100023,Mezun,Sayısal,Tier 2,Orta,3 Aylık,4816.0,2026-05-10,3.5,0.637,12.7,7.0,2.1,22,5.9,1,7,35.0,3.24,0,7.4,0,4.8,299,1,0,0
STU100514,12. Sınıf,Eşit Ağırlık,Tier 1 (Büyükşehir),Yüksek,3 Aylık,5069.0,2025-12-21,8.1,0.43,16.8,6.9,7.0,20,37.1,4,13,85.7,2.79,2,10.5,0,3.2,297,0,0,0
STU101304,Mezun,Sözel,Tier 1 (Büyükşehir),Orta,3 Aylık,5109.0,2026-05-16,3.3,0.693,16.1,9.0,3.2,73,47.3,0,7,46.4,3.22,1,4.8,1,3.7,297,0,1,0
STU100171,12. Sınıf,Eşit Ağırlık,Tier 1 (Büyükşehir),Orta,3 Aylık,5052.0,2025-10-30,9.8,0.76,9.9,7.3,4.1,4,10.8,2,23,46.6,1.29,0,4.5,0,4.5,303,0,0,0
STU103172,12. Sınıf,Eşit Ağırlık,Tier 2,Orta,Yıllık,17331.0,2025-12-12,8.4,0.552,17.1,9.3,5.1,10,23.8,3,13,38.9,0.06,0,2.2,0,4.1,302,1,0,0
STU103063,Mezun,Dil,Tier 1 (Büyükşehir),Yüksek,Aylık,1772.0,2026-03-28,4.9,0.667,8.2,4.7,5.6,4,4.3,1,13,59.8,-2.04,0,0.9,3,2.8,298,0,0,0
STU101742,11. Sınıf,Sayısal,Tier 2,Orta,Aylık,1674.0,2026-05-04,3.7,0.729,10.3,6.6,3.6,5,25.0,0,6,62.7,1.69,0,3.6,0,3.2,665,0,0,0
STU102673,12. Sınıf,Eşit Ağırlık,Tier 1 (Büyükşehir),Orta,3 Aylık,4582.0,2026-04-06,4.6,0.572,13.0,8.5,2.3,28,19.2,2,9,52.8,-1.21,0,4.1,1,3.5,303,0,0,1
STU101080,11. Sınıf,Eşit Ağırlık,Tier 1 (Büyükşehir),Yüksek,Aylık,1908.0,2025-09-08,11.5,0.731,15.2,9.3,4.2,13,22.4,2,19,51.4,0.59,1,3.1,4,2.1,662,0,0,0
STU101838,Mezun,Sözel,Tier 2,Orta,Aylık,1925.0,2026-07-07,1.6,0.886,17.6,12.3,3.9,12,37.4,4,3,49.5,-4.31,2,4.2,0,4.0,302,0,0,0
STU102356,12. Sınıf,Eşit Ağırlık,Tier 1 (Büyükşehir),Düşük,Yıllık,16725.0,2026-08-09,0.5,0.687,15.3,11.0,5.7,2,9.0,1,1,58.4,-4.98,1,1.5,0,2.5,302,1,0,0
STU101833,11. Sınıf,Sayısal,Tier 1 (Büyükşehir),Yüksek,3 Aylık,4951.0,2026-06-12,2.4,0.99,14.5,15.2,3.7,6,8.9,2,5,57.4,0.3,3,11.6,0,3.4,667,1,0,0
STU101651,11. Sınıf,Sayısal,Tier 3,Yüksek,Yıllık,16598.0,2025-11-30,8.8,0.553,17.1,6.7,4.6,3,23.1,0,15,74.2,-1.15,0,2.6,1,3.6,665,0,0,0
STU102600,12. Sınıf,Eşit Ağırlık,Tier 1 (Büyükşehir),Orta,3 Aylık,4791.0,2025-09-21,11.1,0.636,16.7,10.1,5.0,4,25.4,5,32,61.1,0.29,1,2.2,2,3.9,302,0,0,0
STU100522,11. Sınıf,Sayısal,Tier 1 (Büyükşehir),Düşük,3 Aylık,4850.0,2026-07-19,1.2,0.841,22.7,21.3,7.8,0,3.5,4,3,43.0,-0.27,0,1.8,0,5.0,662,0,0,0
STU101405,12. Sınıf,Eşit Ağırlık,Tier 1 (Büyükşehir),Orta,Yıllık,16468.0,2025-08-21,12.1,0.555,14.3,7.6,3.6,8,62.4,0,28,50.7,-2.61,0,5.1,2,3.0,297,1,0,0
STU100008,11. Sınıf,Eşit Ağırlık,Tier 3,Düşük,Aylık,1776.0,2025-12-03,8.7,0.333,17.1,6.0,3.3,4,5.2,0,21,59.5,1.65,0,1.8,1,2.5,663,0,0,0
STU102598,Mezun,Eşit Ağırlık,Tier 1 (Büyükşehir),Orta,3 Aylık,5204.0,2026-03-13,5.4,0.872,16.6,9.0,6.6,6,18.9,0,9,41.3,2.43,0,6.8,0,4.6,301,0,1,0
STU101160,11. Sınıf,Eşit Ağırlık,Tier 2,Düşük,Aylık,1725.0,2026-01-11,7.4,0.46,12.9,5.3,4.3,2,9.8,2,15,34.9,-0.97,0,7.8,0,4.7,665,0,0,0
STU103469,Mezun,Eşit Ağırlık,Tier 1 (Büyükşehir),Orta,Aylık,1968.0,2026-02-08,6.5,0.782,12.7,9.0,5.2,20,40.6,1,11,33.0,0.74,1,19.2,0,4.0,301,0,1,0
STU103094,12. Sınıf,Dil,Tier 1 (Büyükşehir),Orta,Yıllık,16182.0,2026-06-06,2.6,0.591,15.4,9.8,5.2,8,12.6,1,7,55.4,-3.73,1,1.6,1,4.6,303,0,0,0
STU100370,Mezun,Sayısal,Tier 1 (Büyükşehir),Orta,Aylık,1786.0,2025-12-18,8.2,0.754,16.7,11.2,2.8,11,29.4,2,17,59.2,1.27,1,8.4,1,2.4,300,1,0,0
STU102554,12. Sınıf,Sayısal,Tier 1 (Büyükşehir),Düşük,Aylık,1867.0,2026-04-25,4.0,0.763,15.9,11.3,6.2,18,7.4,3,8,50.5,-0.87,2,2.2,2,3.0,302,1,0,0
STU101204,11. Sınıf,Sayısal,Tier 1 (Büyükşehir),Düşük,Aylık,1904.0,2026-03-13,5.4,0.435,11.1,3.6,3.3,32,41.3,5,9,54.4,0.88,2,6.8,4,3.6,666,1,0,1
STU100489,12. Sınıf,Dil,Tier 1 (Büyükşehir),Düşük,Aylık,1702.0,2026-04-25,4.0,0.807,14.9,10.7,5.7,0,70.5,3,9,34.6,-0.15,3,3.7,1,1.8,300,0,0,0
STU101280,12. Sınıf,Sayısal,Tier 3,Orta,3 Aylık,4632.0,2026-04-13,4.4,0.637,15.6,9.4,4.9,3,11.4,3,4,70.2,-1.45,0,0.6,2,3.3,299,0,0,0
STU100947,Mezun,Eşit Ağırlık,Tier 2,Orta,Aylık,1805.0,2025-12-24,8.0,0.752,13.0,8.9,3.2,16,6.2,4,19,52.4,0.83,0,1.4,0,3.6,298,0,0,1
STU100742,Mezun,Eşit Ağırlık,Tier 3,Yüksek,Yıllık,17365.0,2026-05-04,3.7,0.752,9.9,9.2,3.2,4,12.6,3,10,67.4,-0.16,1,0.0,0,3.7,298,0,1,0
STU102291,12. Sınıf,Eşit Ağırlık,Tier 2,Yüksek,Yıllık,16517.0,2026-03-16,5.3,0.69,9.2,6.8,4.6,5,10.6,1,10,37.9,1.17,3,0.0,0,4.4,300,0,0,0
STU103181,11. Sınıf,Sözel,Tier 1 (Büyükşehir),Düşük,3 Aylık,4989.0,2026-06-06,2.6,0.706,14.9,11.5,4.7,0,23.0,3,4,47.0,1.63,2,2.3,1,3.5,665,0,0,1
STU101328,11. Sınıf,Sözel,Tier 2,Yüksek,Yıllık,17337.0,2026-03-16,5.3,0.769,14.8,12.6,6.3,0,22.5,3,18,57.5,0.59,0,1.5,3,5.0,662,0,0,0
STU102951,Mezun,Sayısal,Tier 1 (Büyükşehir),Yüksek,Yıllık,15435.0,2026-02-11,6.4,0.584,19.2,11.4,4.2,1,11.2,1,14,39.2,-2.91,0,10.2,1,3.6,301,0,0,0
STU100099,Mezun,Eşit Ağırlık,Tier 2,Yüksek,Aylık,1596.0,2026-06-09,2.5,0.658,13.3,8.7,4.1,10,70.1,3,4,70.8,1.13,1,19.8,0,3.1,299,1,0,0
STU101432,11. Sınıf,Sözel,Tier 3,Yüksek,Yıllık,17280.0,2026-08-06,0.6,0.694,12.9,8.5,5.0,1,16.7,2,1,64.6,2.82,0,2.5,0,4.2,665,0,0,0
STU100693,12. Sınıf,Sözel,Tier 1 (Büyükşehir),Yüksek,Aylık,1876.0,2026-05-28,2.9,0.675,12.0,9.0,5.1,12,22.4,0,6,60.4,-2.48,1,4.2,1,2.9,303,0,0,0
STU102815,12. Sınıf,Eşit Ağırlık,Tier 2,Yüksek,Aylık,1745.0,2026-04-25,4.0,0.678,9.7,5.7,3.5,2,3.2,4,7,64.1,-4.28,1,1.9,2,2.9,302,0,0,0
STU100755,11. Sınıf,Sayısal,Tier 2,Orta,Yıllık,16080.0,2025-10-12,10.4,0.675,11.8,9.7,3.6,3,19.0,1,24,57.2,1.75,0,0.5,0,3.2,667,0,0,0
STU101640,Mezun,Eşit Ağırlık,Tier 1 (Büyükşehir),Düşük,Aylık,1806.0,2026-06-15,2.3,0.68,15.8,9.8,6.0,10,4.1,2,6,56.0,3.76,1,5.8,1,5.0,301,1,0,0
STU103142,Mezun,Sayısal,Tier 2,Yüksek,Aylık,1711.0,2026-07-19,1.2,0.99,15.6,15.4,4.3,12,18.4,2,3,54.5,-0.18,1,14.7,1,4.2,301,1,0,0
STU102280,12. Sınıf,Dil,Tier 1 (Büyükşehir),Orta,Yıllık,16952.0,2026-02-14,6.3,0.897,17.8,15.3,6.4,12,4.1,3,15,49.9,-2.38,1,11.7,1,4.8,300,0,0,0
STU102456,12. Sınıf,Eşit Ağırlık,Tier 1 (Büyükşehir),Orta,Aylık,2008.0,2026-06-12,2.4,0.93,8.0,7.0,5.2,4,3.8,2,3,56.4,-1.13,0,1.3,0,4.0,302,0,0,0
STU103193,12. Sınıf,Sözel,Tier 2,Orta,3 Aylık,5430.0,2026-02-17,6.2,0.728,9.4,7.2,5.6,0,51.2,4,10,62.2,-0.54,0,3.4,0,2.5,298,0,0,0
STU103209,11. Sınıf,Sayısal,Tier 2,Orta,Aylık,1748.0,2026-01-02,7.7,0.859,11.9,13.4,5.5,2,21.3,1,12,42.3,4.26,3,0.5,1,3.8,663,0,0,0
STU103466,12. Sınıf,Eşit Ağırlık,Tier 2,Yüksek,Aylık,1779.0,2026-06-06,2.6,0.691,9.4,5.9,2.5,1,7.6,0,4,59.0,0.37,0,10.9,2,3.6,301,0,0,1
STU100084,11. Sınıf,Sözel,Tier 2,Orta,3 Aylık,4782.0,2026-03-16,5.3,0.853,16.2,14.7,5.0,3,18.9,3,14,58.8,-1.04,1,0.9,1,4.5,666,0,0,0
STU101311,Mezun,Eşit Ağırlık,Tier 3,Düşük,Aylık,1819.0,2026-03-28,4.9,0.889,12.1,12.8,4.3,5,8.9,1,11,58.2,-0.1,0,1.0,2,3.2,300,0,0,0
STU102581,Mezun,Sayısal,Tier 1 (Büyükşehir),Düşük,Aylık,1749.0,2026-03-13,5.4,0.655,12.3,7.7,6.9,17,6.5,1,10,75.5,0.63,0,2.5,0,3.6,301,0,0,0
STU101205,11. Sınıf,Sayısal,Tier 2,Yüksek,Aylık,1802.0,2026-02-20,6.1,0.607,13.9,8.9,3.7,15,56.1,5,9,39.1,1.31,1,16.1,1,3.6,665,1,0,1
STU101961,12. Sınıf,Sayısal,Tier 1 (Büyükşehir),Orta,Aylık,1752.0,2026-01-20,7.1,0.587,16.6,12.4,4.1,8,42.6,2,12,38.2,-1.92,0,0.9,2,4.1,300,0,0,0
STU103124,11. Sınıf,Sayısal,Tier 1 (Büyükşehir),Yüksek,Aylık,1603.0,2025-09-30,10.8,0.446,12.5,5.4,6.1,0,25.1,1,27,55.7,1.28,4,2.8,1,3.8,665,0,0,0
STU102214,Mezun,Sayısal,Tier 1 (Büyükşehir),Düşük,Aylık,1909.0,2026-01-23,7.0,0.569,12.5,6.7,3.9,13,32.8,1,16,56.3,-0.1,1,3.3,1,2.8,298,0,0,0
STU100925,11. Sınıf,Sayısal,Tier 2,Orta,Aylık,1830.0,2025-10-27,9.9,0.68,15.5,10.3,5.5,17,65.6,1,23,28.2,-4.0,1,0.8,1,4.3,662,1,0,0
STU101485,11. Sınıf,Sayısal,Tier 1 (Büyükşehir),Yüksek,Yıllık,16921.0,2025-08-12,12.4,0.763,19.4,17.5,2.3,6,27.2,2,20,72.3,4.73,3,3.6,1,3.6,663,0,0,1
STU101743,Mezun,Sayısal,Tier 3,Orta,3 Aylık,4824.0,2025-12-12,8.4,0.64,10.2,6.8,5.4,7,13.3,1,15,61.5,-1.72,4,9.6,1,3.1,298,0,0,0
STU102276,12. Sınıf,Eşit Ağırlık,Tier 1 (Büyükşehir),Orta,Yıllık,16878.0,2026-06-03,2.7,0.582,17.1,10.7,5.5,18,16.1,2,6,63.5,4.74,1,2.5,0,3.0,298,0,0,0
STU103426,11. Sınıf,Sayısal,Tier 2,Orta,Aylık,1841.0,2026-08-09,0.5,0.703,11.3,8.4,3.6,45,16.2,7,1,46.4,-0.14,1,3.6,0,3.6,663,1,0,1
STU101537,12. Sınıf,Sayısal,Tier 2,Orta,Yıllık,15687.0,2026-01-02,7.7,0.897,15.5,12.9,4.7,2,48.4,0,18,66.0,0.77,0,0.4,0,2.8,298,0,0,0
STU101016,12. Sınıf,Eşit Ağırlık,Tier 1 (Büyükşehir),Yüksek,3 Aylık,4762.0,2026-06-09,2.5,0.589,15.6,9.1,4.6,13,12.3,1,6,65.8,2.63,1,4.0,0,3.2,300,1,0,0
STU101993,11. Sınıf,Sayısal,Tier 2,Düşük,Aylık,1859.0,2026-02-02,6.7,0.569,14.4,7.4,5.3,2,41.5,0,10,45.4,-1.69,0,2.1,3,3.6,667,1,0,1
